Supplier Portal Key,Parent Supplier Key,T2 Supplier Name,Original T2 Value,Testing Master File,Article #,Material Name,Material Type,Material Sub Type,Material Composition,VALO Styles,PO #,RSL Report #,Report Date,Valid Until,Compliance Status,SGS SMART,SGS Applicant,SGS Manufacturer,Selected Color,Overall Conclusion,Mapping Status,Mapping Method,Mapping Confidence,Notes,Selected Package Type,Selection Rule,Selection Reason,Supplier Instruction
ADVANCE SICO,ADVANCE SICO,ADVANCE SICO,Advance SICO-Vietnam,FA26 INTERNATIONAL TESTING MASTER - Advance SICO.xlsx,A190-1,Lightweight Dual Core - F0471,Fabric,woven,59% Cotton 32% Lyocell 7% Polyester 2% Elastane,V3142; V4037; V403730; V4125,PO-00033504; PO-00033517; PO-00033518; PO-00030440; PO-00030540; PO-00030744; PO-00030858; PO-00030916; PO-00031449; PO-00031455; PO-00031473; PO-00031699; PO-00031711; PO-00031885; PO-00031982; PO-00032014; PO-00032025; PO-00032078; PO-00032158; PO-00032402; PO-00032403; PO-00033818; PO-00033819; PO-00033964; PO-00034024; PO-00035821; PO-00036264; PO-00037352; PO-00037357; PO-00038905; PO-00039317; PO-00039341; PO-00039358,SL92609272178201TX,1/29/2026,1/29/2027,Valid,TRF6A033383,ADVANCE DENIM CO LTD,广东前进牛仔布有限公司,natural white,Pass,Mapped,A - Exact Article,High,Selected by: eligible mapping; Pass/issued preferred; darkest color preferred; newest report used as later tie-breaker. Source: Article RSL Master; 1 candidate report(s).,,Pass + Report Issued; darkest applicable color; latest date as tie-breaker,Existing selected report retained; one report per Supplier + Article,Select 3 darkest colors for composite testing
ANITA,ANITA,ANITA,Anita-China,SP27 INTERNATIONAL TESTING MASTER - Anita.xlsx,AS-2406-058,Sander Melange Heather - F0340,Fabric,woven,59% Polyester (Recycled) 35% Viscose 6% Elastane,VW4368; VW4368L; VW4368S,PO-00033029; PO-00033033; PO-00033035; PO-00033039; PO-00033056; PO-00033061; PO-00033070; PO-00033073; PO-00033083; PO-00033091; PO-00034265; PO-00034266; PO-00034531; PO-00035697; PO-00035879; PO-00039647; PO-00040387,SL12600281097301TX,3/2/2026,3/2/2027,Valid,TRF6B023333,ANITA'S TEXTILES LTD.,ANITA'S TEXTILES LTD.,Black,Pass,Mapped,A - Exact Article,High,Selected by: eligible mapping; Pass/issued preferred; darkest color preferred; newest report used as later tie-breaker. Source: Article RSL Master; 2 candidate report(s).,,Pass + Report Issued; darkest applicable color; latest date as tie-breaker,Existing selected report retained; one report per Supplier + Article,Select 3 darkest colors for composite testing
ANITA,ANITA,ANITA,Anita-China,SP27 INTERNATIONAL TESTING MASTER - Anita.xlsx,AS-2407-024,Sander Solid  - F0341,Fabric,woven,59% Polyester (Recycled) 35% Viscose 6% Elastane,VW4368; VW4368L; VW4368S,PO-00030745; PO-00030931; PO-00030995; PO-00031283; PO-00031329; PO-00031684; PO-00032154; PO-00032182; PO-00032463; PO-00032645; PO-00033029; PO-00033033; PO-00033035; PO-00033039; PO-00033053; PO-00033056; PO-00033061; PO-00033073; PO-00033091; PO-00034179; PO-00034265; PO-00034989; PO-00035697; PO-00035878; PO-00035879; PO-00037325; PO-00037397; PO-00039647; PO-00040387,SL12600281097301TX,3/2/2026,3/2/2027,Valid,TRF6B023333,ANITA'S TEXTILES LTD.,ANITA'S TEXTILES LTD.,Black,Pass,Mapped,A - Exact Article,High,Selected by: eligible mapping; Pass/issued preferred; darkest color preferred; newest report used as later tie-breaker. Source: Article RSL Master; 2 candidate report(s).,,Pass + Report Issued; darkest applicable color; latest date as tie-breaker,Existing selected report retained; one report per Supplier + Article,Select 3 darkest colors for composite testing
ANITA,ANITA,ANITA,Anita-CN,SP27 INTERNATIONAL TESTING MASTER - Anita.xlsx,AS-2504-039 (PD2310-002),Keno's Ripstop Solid - F0692,Fabric,woven,97% Cotton (Organic) 3% Elastane,V415630,PO-00039444; PO-00039532; PO-00039837; PO-00040685; PO-00040715; PO-00040766; PO-00040846,SL12600334376401TX,7/24/2026,7/24/2027,Valid,TRF6G010952,ANITA'S TEXTILES LTD.,ANITA'S TEXTILES LTD.,Dark Salt,Pass,Mapped,B - Style + T2,Medium,Selected by: eligible mapping; Pass/issued preferred; darkest color preferred; newest report used as later tie-breaker. Source: Article RSL Master; 1 candidate report(s).,,Pass + Report Issued; darkest applicable color; latest date as tie-breaker,Existing selected report retained; one report per Supplier + Article,Select 3 darkest colors for composite testing
ANITA,ANITA,ANITA,Anita-China,SP27 INTERNATIONAL TESTING MASTER - Anita.xlsx,AS-2506-041,Coastal Poplin Solid  - F0402,Fabric,woven,59% Lyocell 41% Cotton,VW4566,PO-00033636,SL12600302452701TX,5/7/2026,5/7/2027,Valid,TRF6D050130,ANITA'S TEXTILES LTD.,ANITA'S TEXTILES LTD.,Atmosphere,Pass,Mapped,A - Exact Article,High,Selected by: eligible mapping; Pass/issued preferred; darkest color preferred; newest report used as later tie-breaker. Source: Article RSL Master; 1 candidate report(s).,,Pass + Report Issued; darkest applicable color; latest date as tie-breaker,Existing selected report retained; one report per Supplier + Article,Select 3 darkest colors for composite testing
ANITA,ANITA,ANITA,Anita-China,SP27 INTERNATIONAL TESTING MASTER - Anita.xlsx,HME2502-002,Conway Lightweight - Flint Plaid Solid - F0774,Fabric,woven,63% Polyester 34% Viscose 3% Elastane,V1152,PO-00030428; PO-00030773; PO-00030908; PO-00031722; PO-00031970; PO-00032408; PO-00032483; PO-00034206; PO-00034207; PO-00034209; PO-00034210; PO-00034659; PO-00034681; PO-00034682; PO-00034685; PO-00035186; PO-00035187; PO-00035621; PO-00035622; PO-00036103; PO-00036104; PO-00036105; PO-00036238; PO-00036239,SL12600270569401TX,2/3/2026,2/3/2027,Valid,TRF6A042990,ANITA'S TEXTILES LTD.,ANITA'S TEXTILES LTD.,BLACK FLINT PLAID,Pass,Mapped,B - Style + T2,Medium,Selected by: eligible mapping; Pass/issued preferred; darkest color preferred; newest report used as later tie-breaker. Source: Article RSL Master; 3 candidate report(s).,,Pass + Report Issued; darkest applicable color; latest date as tie-breaker,Existing selected report retained; one report per Supplier + Article,Select 3 darkest colors for composite testing
ANITA,ANITA,ANITA,Anita-China,SP27 INTERNATIONAL TESTING MASTER - Anita.xlsx,HME2502-004,Conway Lightweight - Flint Plaid Heather - F0647,Fabric,woven,63% Polyester 34% Viscose 3% Elastane,V1152,PO-00030773; PO-00030908; PO-00031722; PO-00031970; PO-00032408; PO-00032483; PO-00034206; PO-00034659; PO-00034681; PO-00035186; PO-00035621; PO-00036103,SL12600270569401TX,2/3/2026,2/3/2027,Valid,TRF6A042990,ANITA'S TEXTILES LTD.,ANITA'S TEXTILES LTD.,BLACK FLINT PLAID,Pass,Mapped,B - Style + T2,Medium,Selected by: eligible mapping; Pass/issued preferred; darkest color preferred; newest report used as later tie-breaker. Source: Article RSL Master; 3 candidate report(s).,,Pass + Report Issued; darkest applicable color; latest date as tie-breaker,Existing selected report retained; one report per Supplier + Article,Select 3 darkest colors for composite testing
ANITA,ANITA,ANITA,Anita-China,SP27 INTERNATIONAL TESTING MASTER - Anita.xlsx,PD1508-002,Rails Solid - F0012,Fabric,woven,62% Cotton (Organic) 25% Lyocell 11% Polyester 2% Elastane,V4015; V4015S,PO-00031481; PO-00031741; PO-00031819; PO-00031976; PO-00034314; PO-00034935; PO-00035129,SL12500367192101TX,11/14/2025,11/14/2026,Valid,TRF5J044530,ANITA'S TEXTILES LTD.,ANITA'S TEXTILES LTD.,OCEAN BLUE,Pass,Mapped,A - Exact Article,High,Selected by: eligible mapping; Pass/issued preferred; darkest color preferred; newest report used as later tie-breaker. Source: Article RSL Master; 4 candidate report(s).,,Pass + Report Issued; darkest applicable color; latest date as tie-breaker,Existing selected report retained; one report per Supplier + Article,Select 3 darkest colors for composite testing
ANITA,ANITA,ANITA,Anita-China,SP27 INTERNATIONAL TESTING MASTER - Anita.xlsx,RP2107-002,Trestles Rose Twill Solid - F0008,Fabric,woven,86% Lyocell 14% Linen,VW1150; VW1622; VW3239; VW3255; VW4196; VW4196S,PO-00030741; PO-00030805; PO-00030888; PO-00030939; PO-00031206; PO-00031285; PO-00031353; PO-00031526; PO-00031621; PO-00031742; PO-00032134; PO-00032206; PO-00032247; PO-00032470; PO-00030402; PO-00030657; PO-00030661; PO-00030843; PO-00031056; PO-00031346; PO-00031553; PO-00031643; PO-00032077; PO-00032167; PO-00032305; PO-00032722; PO-00033252,SL12600270071301TX,1/14/2026,1/14/2027,Valid,TRF5L062083,ANITA'S TEXTILES LTD.,ANITA'S TEXTILES LTD.,(A) Black,Pass,Mapped,A - Exact Article,High,Selected by: eligible mapping; Pass/issued preferred; darkest color preferred; newest report used as later tie-breaker. Source: Article RSL Master; 10 candidate report(s).,,Pass + Report Issued; darkest applicable color; latest date as tie-breaker,Existing selected report retained; one report per Supplier + Article,Select 3 darkest colors for composite testing
ANITA,ANITA,ANITA,Anita-China,SP27 INTERNATIONAL TESTING MASTER - Anita.xlsx,RP2201-003,9W Cord Solid - F0035,Fabric,woven,99% Cotton 1% Elastane,V5106,PO-00034229; PO-00035227; PO-00035323; PO-00035362,SL12500281244801TX,3/14/2025,3/14/2026,Expired,TRF5C004166,ANITA'S TEXTILES LTD.,ANITA'S TEXTILES LTD.,Dark Pewter,Pass,Mapped,A - Exact Article,High,Selected by: eligible mapping; Pass/issued preferred; darkest color preferred; newest report used as later tie-breaker. Source: Article RSL Master; 2 candidate report(s).,,Pass + Report Issued; darkest applicable color; latest date as tie-breaker,Existing selected report retained; one report per Supplier + Article,RSL report expired
ARTISTIC MILLINERS,ARTISTIC MILLINERS,ARTISTIC MILLINERS,Artistic Milliners-Pakistan,FA26 INTERNATIONAL TESTING MASTER - Artistic Milliners.xlsx,AMX-52639-C-NF,Vintage Denim Indigo - F0441,Fabric,woven,64% Cotton 35% Lyocell 1% Elastane,V4036; V403630; V4095; V409530; V5099; VW4381; VW4381S; VW4520; VW5087,PO-00033520; PO-00030528; PO-00030539; PO-00030636; PO-00030807; PO-00030864; PO-00030973; PO-00031020; PO-00031512; PO-00031748; PO-00031787; PO-00031816; PO-00031869; PO-00031894; PO-00032115; PO-00032203; PO-00032259; PO-00032394; PO-00032428; PO-00032477; PO-00032528; PO-00032568; PO-00032650; PO-00033828; PO-00033869; PO-00033969; PO-00033977; PO-00034120; PO-00034121; PO-00034200; PO-00034354; PO-00034493; PO-00034494; PO-00034512; PO-00034532; PO-00034534; PO-00034535; PO-00034614; PO-00034679; PO-00034828; PO-00034891; PO-00034947; PO-00035161; PO-00035183; PO-00035184; PO-00035727; USV1-000029; USV1-000030; USV1-000031; USV1-000032; USV1-000033; USV1-000034; USV1-000035; USV1-000036; USV1-000037; USV1-000038; PO-00036335; PO-00036342; PO-00037163; PO-00037164; PO-00037166; PO-00037167; PO-00037168; PO-00037185; PO-00039592; PO-00039722; PO-00040072; PO-00040327; PO-00040543; PO-00040979; PO-00041030; PO-00041074; PO-00041136; PO-00041384; PO-00041443,SL01251002088901TX,10/15/2025,10/15/2026,Valid,TRF5J002293,ARTISTIC MILLINERS,ARTISTIC MILLINERS,Light Wash Indigo Denim,Pass,Mapped,,Unmapped,No exact Article reference or sufficiently strong Style + T2 match found in SGS export. No mapped RSL report; manual follow-up required.,,Pass + Report Issued; darkest applicable color; latest date as tie-breaker,Existing selected report retained; one report per Supplier + Article,Submit RSL report
ARTISTIC MILLINERS,ARTISTIC MILLINERS,ARTISTIC MILLINERS,Artistic Milliners-Pakistan,FA26 INTERNATIONAL TESTING MASTER - Artistic Milliners.xlsx,AMX-54961-A-NF,Vintage Denim Gray/White - F0579,Fabric,woven,64% Cotton 35% Lyocell 1% Elastane,V4036; V403630,PO-00041943; PO-00041944; PO-00041945,,,,Missing RSL Report,,ARTISTIC MILLINERS,ARTISTIC MILLINERS,,,No Candidate Found,,Unmapped,No exact Article reference or sufficiently strong Style + T2 match found in SGS export. No mapped RSL report; manual follow-up required.,,Pass + Report Issued; darkest applicable color; latest date as tie-breaker,Existing selected report retained; one report per Supplier + Article,Submit RSL report
ARTISTIC MILLINERS,ARTISTIC MILLINERS,ARTISTIC MILLINERS,Artistic Milliners-Pakistan,FA26 INTERNATIONAL TESTING MASTER - Artistic Milliners.xlsx,AMX-54975-A-BOD,Vintage Denim Black/Black - F0485,Fabric,woven,64% Cotton 35% Lyocell 1% Elastane,V4036; V403630; V4095; V409530; V5099; V8228; VW4381; VW4381S; VW4520; VW5087,PO-00033519; PO-00033520; PO-00030391; PO-00030512; PO-00030554; PO-00030702; PO-00030787; PO-00030864; PO-00030964; PO-00031066; PO-00031142; PO-00031440; PO-00031474; PO-00031543; PO-00031733; PO-00031804; PO-00031831; PO-00031869; PO-00031870; PO-00031882; PO-00031884; PO-00032115; PO-00032207; PO-00032259; PO-00032270; PO-00032394; PO-00032428; PO-00032528; PO-00032568; PO-00032650; PO-00032670; PO-00032680; PO-00032756; PO-00032789; PO-00033373; USV1-000001; USV1-000002; USV1-000003; USV1-000004; USV1-000005; USV1-000006; USV1-000007; USV1-000008; PO-00033869; PO-00033968; PO-00033969; PO-00033977; PO-00034120; PO-00034121; PO-00034200; PO-00034297; PO-00034354; PO-00034512; PO-00034614; PO-00034679; PO-00034891; PO-00034947; PO-00035161; PO-00035183; PO-00035424; PO-00035440; USV1-000019; USV1-000020; USV1-000021; USV1-000022; USV1-000023; USV1-000024; USV1-000025; USV1-000026; USV1-000027; USV1-000028; PO-00033677; PO-00036330; PO-00036363; PO-00037163; PO-00037164; PO-00037166; PO-00037167; PO-00037168; PO-00037185; PO-00037186; PO-00039592; PO-00039722; PO-00040543; PO-00040905; PO-00040979; PO-00041030; PO-00041074; PO-00041136; PO-00041384; PO-00041465,SL01251002090101TX,10/24/2025,10/24/2026,Valid,TRF5J001176,ARTISTIC MILLINERS,ARTISTIC MILLINERS,Jet Black,Pass,Mapped,,Unmapped,No exact Article reference or sufficiently strong Style + T2 match found in SGS export. No mapped RSL report; manual follow-up required.,,Pass + Report Issued; darkest applicable color; latest date as tie-breaker,Existing selected report retained; one report per Supplier + Article,Submit RSL report
ARTISTIC MILLINERS,ARTISTIC MILLINERS,ARTISTIC MILLINERS,Artistic Milliners-Pakistan,FA26 INTERNATIONAL TESTING MASTER - Artistic Milliners.xlsx,ART-600885-B PFGD,Vintage Denim PFD - F0580,Fabric,woven,69% Cotton 30% Lyocell 1% Elastane,V4036; V403630; V4095; V409530; V8228; VW4381; VW4381S; VW4520; VW5087,PO-00030395; PO-00030528; PO-00030636; PO-00030787; PO-00031142; PO-00031512; PO-00031733; PO-00031787; PO-00031887; PO-00032203; PO-00032251; PO-00032259; PO-00032270; PO-00032789; PO-00033827; PO-00033870; PO-00033977; PO-00034122; PO-00034123; PO-00034200; PO-00034298; PO-00034328; PO-00034533; PO-00034850; PO-00035183; PO-00035425; PO-00035442; PO-00035792; USV1-000009; USV1-000010; USV1-000011; USV1-000012; USV1-000013; USV1-000014; USV1-000015; USV1-000016; USV1-000017; USV1-000018; PO-00033678; PO-00037163; PO-00037166; PO-00037167; PO-00039431; PO-00040811; PO-00040905; PO-00041259; PO-00041279; PO-00041465,SL01251202975601TX,12/17/2025,12/17/2026,Valid,TRF5L018898,ARTISTIC MILLINERS,ARTISTIC MILLINERS,Natural,Pass,Mapped,,Unmapped,No exact Article reference or sufficiently strong Style + T2 match found in SGS export. No mapped RSL report; manual follow-up required.,,Pass + Report Issued; darkest applicable color; latest date as tie-breaker,Existing selected report retained; one report per Supplier + Article,Submit RSL report
ARTISTIC MILLINERS,ARTISTIC MILLINERS,ARTISTIC MILLINERS,Artistic Milliners-Pakistan,FA26 INTERNATIONAL TESTING MASTER - Artistic Milliners.xlsx,AMX-55275-A-NF,Vintage Denim Comet - F0836,Fabric,woven,64% Cotton 35% Lyocell 1% Elastane,V4036; V403630; V4095; V409530,PO-00031809; PO-00031816; PO-00031877; PO-00031894; PO-00033828; PO-00033869; PO-00034120; PO-00034121; PO-00034297; PO-00034327; PO-00034532; PO-00035750,SL01260702745301TX,7/23/2026,7/23/2027,Valid,TRF6G029561,ASMARA INTERNATIONAL,ASMARA INTERNATIONAL,"White,Golden Brown",,Mapped,,,No exact Article reference or sufficiently strong Style + T2 match found in SGS export. No mapped RSL report; manual follow-up required.,,Pass + Report Issued; darkest applicable color; latest date as tie-breaker,Existing selected report retained; one report per Supplier + Article,Submit RSL report
ASMARA INTERNATIONAL,ASMARA,ASMARA INTERNATIONAL,Asmara International Limited - Vietnam-PPJ,SP27 INTERNATIONAL TESTING MASTER -Asmara.xlsx,SJ103.01,PPJ Graphic Tee - F0983,Fabric,knit,100% Cotton,V1239,PO-00032868; PO-00032896; PO-00032954; PO-00032993; PO-00033932; PO-00033935; PO-00034715; PO-00034718; PO-00035160; PO-00035717; PO-00035719; PO-00035721; PO-00038490; PO-00038744; PO-00038817; PO-00039023; PO-00039944; PO-00040121; PO-00040693; PO-00041692,SL01260702745301TX,7/23/2026,7/23/2027,Valid,TRF6G029561,ASMARA INTERNATIONAL,ASMARA INTERNATIONAL,"White,Golden Brown",,Mapped,,,No exact Article reference or sufficiently strong Style + T2 match found in SGS export. No mapped RSL report; manual follow-up required.,,Pass + Report Issued; darkest applicable color; latest date as tie-breaker,Existing selected report retained; one report per Supplier + Article,Submit RSL report
ASMARA INTERNATIONAL,ASMARA,ASMARA INTERNATIONAL,Asmara-Vietnam,SP27 INTERNATIONAL TESTING MASTER -Asmara.xlsx,TF075.01,Cypress Comp HH Solid Conventional - F0991,Fabric,knit,100% Cotton,V2164; V2165,PO-00034199; PO-00034315; PO-00034933; PO-00036057; PO-00036098; PO-00038740; PO-00039064,,,,In Process,,ASMARA,ASMARA,,,No Candidate Found,,Unmapped,No exact Article reference or sufficiently strong Style + T2 match found in SGS export. No mapped RSL report; manual follow-up required.,,Pass + Report Issued; darkest applicable color; latest date as tie-breaker,Existing selected report retained; one report per Supplier + Article,Submit RSL report
ASMARA INTERNATIONAL,ASMARA,ASMARA INTERNATIONAL,Asmara-Vietnam,SP27 INTERNATIONAL TESTING MASTER -Asmara.xlsx,A190-1,Cypress Comp HH Solid Conventional - F0991,Fabric,knit,59% Cotton 32% Lyocell Tencel 7% Elastomultiester Polyester 2% Elastane,V2164; V2165,PO-00034199; PO-00034315; PO-00034933; PO-00036057; PO-00036098; PO-00038740; PO-00039064,,,,In Process,,ADVANCE SICO,ADVANCE SICO,,,No Candidate Found,,Unmapped,No exact Article reference or sufficiently strong Style + T2 match found in SGS export. No mapped RSL report; manual follow-up required.,,Pass + Report Issued; darkest applicable color; latest date as tie-breaker,Existing selected report retained; one report per Supplier + Article,Submit RSL report
BEST PACIFIC,BEST PACIFIC,BEST PACIFIC,Best Pacific-CN,SP27 INTERNATIONAL TESTING MASTER - Best Pacific.xlsx,EA063560MFX5,Fairway Solid - F0706,Fabric,knit,84% Polyamide (Recycled) 16% Elastane,V1165,PO-00032852; PO-00032859; PO-00032865; PO-00032955; PO-00033002; PO-00039598; PO-00039680; PO-00039707; PO-00039835; PO-00040472; PO-00040560; PO-00040993; PO-00040997; PO-00041003; PO-00041353; PO-00041518,SL92609272331801TX,2/2/2026,2/2/2027,Valid,TRF6A031456,BEST PACIFIC TEXTILE LTD,BEST PACIFIC TEXTILE LTD,BLACK,Pass,Mapped,A - Exact Article,High,Selected by: eligible mapping; Pass/issued preferred; darkest color preferred; newest report used as later tie-breaker. Source: Article RSL Master; 1 candidate report(s).,,Pass + Report Issued; darkest applicable color; latest date as tie-breaker,Existing selected report retained; one report per Supplier + Article,Select 3 darkest colors for composite testing
BEST PACIFIC,BEST PACIFIC,BEST PACIFIC,Best Pacific-CN SP27,SP27 INTERNATIONAL TESTING MASTER - Best Pacific.xlsx,EJ161330MS1,Stretch Sheer Solid - F0672,Fabric,knit,84% Polyamide (Recycled) 16% Elastane,VW1580; VW1603,PO-00039913; PO-00040006; PO-00040227; PO-00040246; PO-00040982; PO-00041025; PO-00041047; PO-00041231; PO-00041364; PO-00041612,SL92619349045101TX,8/7/2026,8/7/2027,Valid,TRF6G069826,BEST PACIFIC TEXTILE LTD,BEST PACIFIC TEXTILE LTD,BLACK,Pass,Mapped,A - Exact Article,High,Selected by: eligible mapping; Pass/issued preferred; darkest color preferred; newest report used as later tie-breaker. Source: Article RSL Master; 1 candidate report(s).,,Pass + Report Issued; darkest applicable color; latest date as tie-breaker,Existing selected report retained; one report per Supplier + Article,Select 3 darkest colors for composite testing
BEST PACIFIC,BEST PACIFIC,BEST PACIFIC,Best Pacific-Quote,SP27 INTERNATIONAL TESTING MASTER - Best Pacific.xlsx,KHAEB515039FX30,Resort Solid - F0644,Fabric,knit,57% Cotton 34% Polyamide (Recycled) 9% Elastane,V3189; V418430; V418432; V5138,PO-00039426; PO-00040088; PO-00040322; PO-00040727; PO-00040942; PO-00041701; PO-00041702; PO-00041706; PO-00041725; PO-00041730; PO-00041733; PO-00041743; PO-00041752; PO-00041754; PO-00041761; PO-00041769; PO-00041774; PO-00041775; PO-00041784; PO-00041785; PO-00041793; PO-00041814; PO-00041815; PO-00041817; PO-00042477,SL92619338489901TX,7/31/2026,7/31/2027,Valid,TRF6G041039,BEST PACIFIC TEXTILE LTD,BEST PACIFIC TEXTILE LTD,DARK SALT,Pass,Mapped,A - Exact Article,High,Selected by: eligible mapping; Pass/issued preferred; darkest color preferred; newest report used as later tie-breaker. Source: Article RSL Master; 1 candidate report(s).,,Pass + Report Issued; darkest applicable color; latest date as tie-breaker,Existing selected report retained; one report per Supplier + Article,Select 3 darkest colors for composite testing
BEST PACIFIC,BEST PACIFIC,BEST PACIFIC,Best Pacific-China,SP27 INTERNATIONAL TESTING MASTER - Best Pacific.xlsx,TEI86728-1NFX8,Breathe Unbrushed Solid - F0433,Fabric,knit,72% Polyester (Recycled) 28% Elastane,VW1346; VW1673; VW3289; VW657,PO-00033363; PO-00033364; PO-00033365; PO-00033366; PO-00033369; PO-00033370; PO-00033371; PO-00030415; PO-00030587; PO-00030925; PO-00031236; PO-00031565; PO-00031860; PO-00032405; PO-00032629; PO-00041695; PO-00034339; PO-00034344; PO-00034348; PO-00034447; PO-00034844; PO-00036084; PO-00036617; PO-00039688; PO-00040249; PO-00040542; PO-00040690; PO-00040720; PO-00040947; PO-00041054; PO-00042465; PO-00042161,SL92609272186201TX,1/30/2026,1/30/2027,Valid,TRF6A030103,BEST PACIFIC TEXTILE LTD,BEST PACIFIC TEXTILE LTD,004 black,Pass,Mapped,B - Style + T2,Medium,Selected by: eligible mapping; Pass/issued preferred; darkest color preferred; newest report used as later tie-breaker. Source: Article RSL Master; 3 candidate report(s).,,Pass + Report Issued; darkest applicable color; latest date as tie-breaker,Existing selected report retained; one report per Supplier + Article,Select 3 darkest colors for composite testing
BEST PACIFIC,BEST PACIFIC,BEST PACIFIC,Best Pacific-China,SP27 INTERNATIONAL TESTING MASTER - Best Pacific.xlsx,TNB185038MFX8-B1,Fremont Twill Improved Solid - F0609,Fabric,knit,100% Polyester,V4021; V4021S; V4024; V402434; V4024S; V416830,PO-00033486; PO-00033491; PO-00033492; PO-00033521; PO-00033522; PO-00030771; PO-00030776; PO-00031422; PO-00031697; PO-00031707; PO-00032112; PO-00032269; PO-00032837; PO-00032864; PO-00032867; PO-00032879; PO-00032884; PO-00032910; PO-00032935; PO-00033851; PO-00034335; PO-00034336; PO-00034482; PO-00034621; PO-00034684; PO-00034725; PO-00034768; PO-00034769; PO-00034887; PO-00035126; PO-00035127; PO-00035404; PO-00035475; PO-00035544; PO-00035580; PO-00035583; PO-00035797; PO-00035798; PO-00035870; PO-00036050; PO-00036150; PO-00036263,SL92619323111201TX,6/5/2026,6/5/2027,Valid,TRF6D035754,BEST PACIFIC TEXTILE LTD,BEST PACIFIC TEXTILE LTD,Black,Pass,Mapped,B - Style + T2,Medium,Selected by: eligible mapping; Pass/issued preferred; darkest color preferred; newest report used as later tie-breaker. Source: Article RSL Master; 3 candidate report(s).,,Pass + Report Issued; darkest applicable color; latest date as tie-breaker,Existing selected report retained; one report per Supplier + Article,Select 3 darkest colors for composite testing
CARVICO,CARVICO,CARVICO,Carvico-Italy,SP27 INTERNATIONAL TESTING MASTER - Carvico.xlsx,415 REVOLUTIONAL ECO,Miles / Fleet Solid - F0248,Fabric,knit,79% Polyamide (Recycled) 21% Elastane,V410230; V483; VW404; VW4611,PO-00033382; PO-00031112; PO-00031127; PO-00031913; PO-00031941; PO-00031943; PO-00032343; PO-00032344; PO-00032362; PO-00032376; PO-00034276; PO-00034288; PO-00035153; PO-00035891; PO-00034111; PO-00035247; PO-00036001; PO-00036082; PO-00036083; PO-00033645; PO-00033679; PO-00033680; PO-00036218; PO-00037299; PO-00037358; PO-00037213; PO-00039735; PO-00040162; PO-00040986; PO-00041080; PO-00041089; PO-00041299; PO-00041311; PO-00041329; PO-00042111; PO-00042131,TX40507/2026 /YW,4/14/2026,4/14/2027,Valid,TRF6C050862,CARVICO S.P.A,GITEKS KONFEKSIYON SAN VE TIC,93880 DARK PEWTER,Pass,Mapped,A - Exact Article,High,Selected by: eligible mapping; Pass/issued preferred; darkest color preferred; newest report used as later tie-breaker. Source: Article RSL Master; 16 candidate report(s).,,Pass + Report Issued; darkest applicable color; latest date as tie-breaker,Existing selected report retained; one report per Supplier + Article,Select 3 darkest colors for composite testing
CHAINTEX,CHAINTEX,CHAINTEX,Chaintex Limited-CN,SP27 INTERNATIONAL TESTING MASTER - Chaintex Limited.xlsx,AFP03839,90s Modal Solid - F0714,Fabric,knit,93% Modal 7% Elastane,VW1451; VW3318,PO-00034433; PO-00034560; PO-00034573; PO-00035295; PO-00035297; PO-00035304; PO-00035460; PO-00035469; PO-00035510; PO-00035516; PO-00036401; PO-00036422; PO-00036711; PO-00036713; PO-00036720; PO-00042214; PO-00042233; PO-00042276; PO-00042295; PO-00039923; PO-00040908; PO-00041370,SL12600312901001TX,5/27/2026,5/27/2027,Valid,TRF6E025574,CHAINTEX LIMITED,CHAINTEX LIMITED,BLACK,Pass,Mapped,B - Style + T2,Medium,Selected by: eligible mapping; Pass/issued preferred; darkest color preferred; newest report used as later tie-breaker. Source: Article RSL Master; 1 candidate report(s).,,Pass + Report Issued; darkest applicable color; latest date as tie-breaker,Existing selected report retained; one report per Supplier + Article,Select 3 darkest colors for composite testing
CHAINTEX,CHAINTEX,CHAINTEX,Chaintex Limited-CN,SP27 INTERNATIONAL TESTING MASTER - Chaintex Limited.xlsx,PHP13885,Tamarack Terry Solid GEC - F1230,Fabric,knit,100% Cotton,VW2136,PO-00032001; PO-00033308; PO-00037315,SL12600302234401TX,4/27/2026,4/27/2027,Valid,TRF6D031104,CHAINTEX LIMITED,CHAINTEX LIMITED,Tobacco Brown,Pass,Mapped,B - Style + T2,Medium,Selected by: eligible mapping; Pass/issued preferred; darkest color preferred; newest report used as later tie-breaker. Source: Article RSL Master; 2 candidate report(s).,,Pass + Report Issued; darkest applicable color; latest date as tie-breaker,Existing selected report retained; one report per Supplier + Article,Select 3 darkest colors for composite testing
CHIA HER,CHIA HER,CHIA HER,Chia Her-Taiwan,FA26 INTERNATIONAL TESTING MASTER - Chia Her.xlsx,R1E350-310,Spruce Conventional Cotton Solid  - F0389,Fabric,woven,65% Polyester 35% Cotton,V8103; V8143,PO-00030527; PO-00030823; PO-00030862; PO-00031148; PO-00031215; PO-00031414; PO-00031442; PO-00031770; PO-00032003; PO-00032265; PO-00032804; PO-00032809,TX13131/2026/JU,2/2/2026,2/2/2027,Valid,TRF6A040148,"CHIA HER INDUSTRIAL CO., LTD.","CHIA HER INDUSTRIAL CO., LTD.",Bay Blue,Pass,Mapped,A - Exact Article,High,Selected by: eligible mapping; Pass/issued preferred; darkest color preferred; newest report used as later tie-breaker. Source: Article RSL Master; 1 candidate report(s).,,Pass + Report Issued; darkest applicable color; latest date as tie-breaker,Existing selected report retained; one report per Supplier + Article,Select 3 darkest colors for composite testing
DELICACY,DELICACY,DELICACY,Delicacy-Taiwan,SP27 INTERNATIONAL TESTING MASTER - Delicacy.xlsx,C3D90009-DQ,Asheville QD Solid - F0011,Fabric,woven,90% Polyester (Recycled) 10% Elastane,V3072; V3075; V3078,PO-00030785; PO-00030953; PO-00031221; PO-00031275; PO-00031710; PO-00031721; PO-00032218; PO-00032523; PO-00033983; PO-00034539; PO-00034542; PO-00034544; PO-00034696; PO-00035078; PO-00035389; PO-00035412; PO-00035532; PO-00035758; PO-00035759; PO-00035781; PO-00035960; PO-00035980; PO-00036141; PO-00033715; PO-00033767; PO-00033794; PO-00033795; PO-00037145; PO-00037175; PO-00039408; PO-00039550; PO-00039573; PO-00039594; PO-00039725; PO-00039992; PO-00040533; PO-00040544; PO-00040658; PO-00040784; PO-00040799; PO-00040858; PO-00040904,TXB2473/2025/YA,11/26/2025,11/26/2026,Valid,TRF5K024747,"DE LICACY INDUSTRIAL CO.,LTD.",Far Eastern Apparel Vietnam,Slate Rock,Pass,Mapped,B - Style + T2,Medium,Selected by: eligible mapping; Pass/issued preferred; darkest color preferred; newest report used as later tie-breaker. Source: Article RSL Master; 7 candidate report(s).,,Pass + Report Issued; darkest applicable color; latest date as tie-breaker,Existing selected report retained; one report per Supplier + Article,Select 3 darkest colors for composite testing
DELICACY,DELICACY,DELICACY,Delicacy-Taiwan,SP27 INTERNATIONAL TESTING MASTER - Delicacy.xlsx,C3D90009-DQ-DP,Asheville QD Digital Printed - F0893,Fabric,woven,90% Polyester (Recycled) 10% Elastane,V3072; V3075,PO-00034539; PO-00034542; PO-00034544; PO-00034696; PO-00035389; PO-00035532; PO-00035758; PO-00035781; PO-00035980; PO-00037175; PO-00039402; PO-00039918; PO-00040701; PO-00040799; PO-00040805,TX82344/2025/UL,8/26/2025,8/26/2026,Expiring,TRF5H009899,"DE LICACY INDUSTRIAL CO.,LTD.",Far Eastern Apparel Vietnam,Black,Pass,Mapped,B - Style + T2,Medium,Selected by: eligible mapping; Pass/issued preferred; darkest color preferred; newest report used as later tie-breaker. Source: Article RSL Master; 7 candidate report(s).,,Pass + Report Issued; darkest applicable color; latest date as tie-breaker,Existing selected report retained; one report per Supplier + Article,Renew RSL report before expiry
ECLAT,ECLAT,ECLAT,Eclat - Taiwan,SP27 INTERNATIONAL TESTING MASTER - Eclat.xlsx,REV0527,Elevation Heather - F0271,Fabric,knit,87% Polyester (Recycled) 13% Elastane,VW1516; VW1532; VW4420; VW444; VW444L; VW444S,PO-00030450; PO-00030544; PO-00030630; PO-00030879; PO-00031007; PO-00031156; PO-00031276; PO-00031471; PO-00031519; PO-00031837; PO-00032042; PO-00032299; PO-00032491; PO-00032641; PO-00032643; PO-00030708; PO-00030721; PO-00030758; PO-00030871; PO-00031006; PO-00031079; PO-00031080; PO-00031132; PO-00031161; PO-00031555; PO-00031786; PO-00031857; PO-00032096; PO-00032241; PO-00032316; PO-00032335; PO-00032543; PO-00032636; PO-00032694; PO-00032717; PO-00032796; PO-00034294; PO-00034302; PO-00034312; PO-00034464; PO-00034468; PO-00034797; PO-00034798; PO-00035021; PO-00035155; PO-00035321; PO-00035368; PO-00035372; PO-00035555; PO-00035563; PO-00042251; PO-00042254; PO-00042319; PO-00042323; PO-00034201; PO-00034203; PO-00034249; PO-00034593; PO-00034734; PO-00034747; PO-00034892; PO-00034893; PO-00034894; PO-00034899; PO-00035178; PO-00035180; PO-00035331; PO-00035332; PO-00035539; PO-00035677; PO-00035681; PO-00035852; PO-00035863; PO-00036060; PO-00036189; PO-00033731; PO-00033662; PO-00033739; PO-00033806; PO-00036371; PO-00036378; PO-00036399; PO-00036405; PO-00036480; PO-00036331; PO-00036877; PO-00036697; PO-00036710; PO-00036875; PO-00036876; PO-00037374; PO-00037326; PO-00039533; PO-00040076; PO-00041214; PO-00041221; PO-00041318; PO-00041722; PO-00041749; PO-00041764; PO-00041768; PO-00041812; PO-00039504; PO-00039540; PO-00039702; PO-00040052; PO-00040632; PO-00041195; PO-00041211; PO-00041215; PO-00042102; PO-00042611,TX41333/2026/YW,4/21/2026,4/21/2027,Valid,TRF6D023269,"ECLAT TEXTILE CO., LTD.","ECLAT TEXTILE CO., LTD.",Army Heather,Pass,Mapped,Article + supplier seasonal master + SGS report,High,Selected by: eligible mapping; Pass/issued preferred; darkest color preferred; newest report used as later tie-breaker. Source: Article RSL Master; 5 candidate report(s).,Full Test,Pass + Report Issued; darkest applicable color; latest date as tie-breaker,Latest issued Pass RSL report with darkest available color candidate,Select 3 darkest colors for composite testing
ECLAT,ECLAT,ECLAT,Eclat-Taiwan,SP27 INTERNATIONAL TESTING MASTER - Eclat.xlsx,REV1007,Ace Heather - F0394,Fabric,knit,50% Polyester 50% Polyester (Recycled),V164,PO-00030751; PO-00031023; PO-00032195; PO-00032456; PO-00032472; PO-00036500; PO-00036540; PO-00036547; PO-00036577; PO-00036623; PO-00036635; PO-00039384; PO-00039682; PO-00040203; PO-00040529; PO-00040879; PO-00040913; PO-00041092,TX72726/2026/TY,7/28/2026,7/28/2027,Valid,TRF6G032952,ECLAT TEXTILE CO LTD,ECLAT TEXTILE CO LTD,Ink,Pass,Mapped,B - Style + T2,Medium,Selected by: eligible mapping; Pass/issued preferred; darkest color preferred; newest report used as later tie-breaker. Source: Article RSL Master; 1 candidate report(s).,,Pass + Report Issued; darkest applicable color; latest date as tie-breaker,Existing selected report retained; one report per Supplier + Article,Select 3 darkest colors for composite testing
ECLAT,ECLAT,ECLAT,Eclat - Taiwan FA26,SP27 INTERNATIONAL TESTING MASTER - Eclat.xlsx,RT1604268,Mudra Solid - F0198,Fabric,knit,87% Modal 13% Elastane,VW1009; VW1009L; VW1374; VW1479; VW1612; VW169L,PO-00033479; PO-00033567; PO-00033581; PO-00033387; PO-00033446; PO-00033571; PO-00033583; PO-00030438; PO-00030517; PO-00030919; PO-00031201; PO-00031458; PO-00031815; PO-00032467; PO-00032529; PO-00041696; PO-00031310; PO-00031575; PO-00030497; PO-00030618; PO-00030717; PO-00030719; PO-00030848; PO-00030896; PO-00030968; PO-00030991; PO-00031265; PO-00031295; PO-00031309; PO-00031438; PO-00031523; PO-00031547; PO-00031801; PO-00031988; PO-00032211; PO-00032224; PO-00032313; PO-00032359; PO-00032404; PO-00032427; PO-00032484; PO-00032495; PO-00032536; PO-00032612; PO-00033038; PO-00033042; PO-00033063; PO-00033078; PO-00034396; PO-00034474; PO-00034475; PO-00034702; PO-00034706; PO-00034749; PO-00034800; PO-00034801; PO-00035091; PO-00035097; PO-00035221; PO-00035342; PO-00035343; PO-00035421; PO-00035461; PO-00035566; PO-00035567; PO-00035763; PO-00035764; PO-00036129; PO-00033730; PO-00036283; PO-00037376; PO-00037424; PO-00037372; PO-00037423; PO-00038521; PO-00038603; PO-00038665; PO-00038680; PO-00038706; PO-00038762; PO-00038796; PO-00038798; PO-00038841; PO-00038863; PO-00038904; PO-00038959; PO-00039000; PO-00039005; PO-00039018; PO-00039073; PO-00039075; PO-00039078; PO-00039161; PO-00039226; PO-00042374; PO-00039779; PO-00039927; PO-00040071; PO-00040448; PO-00039539; PO-00039548; PO-00039620; PO-00039631; PO-00039669; PO-00039742; PO-00040068; PO-00040155; PO-00040181; PO-00040222; PO-00040285; PO-00040504; PO-00040638; PO-00040675; PO-00040803; PO-00040852; PO-00040901; PO-00040966; PO-00041055; PO-00041099; PO-00041141; PO-00041361; PO-00041567; PO-00041568; PO-00041570; PO-00041587; PO-00041617; PO-00041724; PO-00041735; PO-00041753; PO-00041796; PO-00041802; PO-00041807; PO-00042139; PO-00042138; PO-00042141; PO-00042193; PO-00042552; PO-00042620; PO-00042634,TX12399/2026/AC,1/28/2026,1/28/2027,Valid,TRF6A031273,ECLAT TEXTILE CO LTD,ECLAT TEXTILE CO LTD,Electric Blue,Pass,Mapped,B - Style + T2,Medium,Selected by: eligible mapping; Pass/issued preferred; darkest color preferred; newest report used as later tie-breaker. Source: Article RSL Master; 4 candidate report(s).,,Pass + Report Issued; darkest applicable color; latest date as tie-breaker,Existing selected report retained; one report per Supplier + Article,Select 3 darkest colors for composite testing
ECLAT,ECLAT,ECLAT,Eclat-Taiwan,SP27 INTERNATIONAL TESTING MASTER - Eclat.xlsx,RT1604268-ST,Mudra Yarn Dyed Stripe - F0353,Fabric,knit,87% Modal 13% Elastane,VW169L,PO-00038640; PO-00038798; PO-00038863; PO-00038959; PO-00039018; PO-00039073; PO-00039174; PO-00042138,TXA3357/2025/AC,11/5/2025,11/5/2026,Valid,TRF5J041451,ECLAT TEXTILE CO LTD,ECLAT TEXTILE CO LTD,Ink Stripe,Pass,Mapped,Article + supplier seasonal master + SGS report,High,No exact Article reference or sufficiently strong Style + T2 match found in SGS export. No mapped RSL report; manual follow-up required.,Full Test,Pass + Report Issued; darkest applicable color; latest date as tie-breaker,Latest issued Pass RSL report for Ink Stripe,Select 3 darkest colors for composite testing
ECLAT,ECLAT,ECLAT,Eclat-Taiwan-SP25/FA25,SP27 INTERNATIONAL TESTING MASTER - Eclat.xlsx,RT1706302,Mudra Heather - F0200,Fabric,knit,87% Modal 13% Elastane,VW1009; VW1009L; VW1374; VW1479,PO-00033438; PO-00033583; PO-00030760; PO-00031310; PO-00031575; PO-00030618; PO-00030719; PO-00030848; PO-00030896; PO-00031295; PO-00031523; PO-00031547; PO-00031988; PO-00032313; PO-00032359; PO-00032404; PO-00032427; PO-00032536; PO-00034396; PO-00034702; PO-00034749; PO-00035091; PO-00035097; PO-00035342; PO-00035343; PO-00035421; PO-00035763; PO-00035764; PO-00033730; PO-00038521; PO-00038603; PO-00039471; PO-00039742; PO-00040068; PO-00040285; PO-00041141; PO-00041361; PO-00042193,TX93805/2025/CI,10/8/2025,10/8/2026,Valid,TRF5I042572,ECLAT TEXTILE CO LTD,ECLAT TEXTILE CO LTD,Blue Coast,Pass,Mapped,B - Style + T2,Medium,Selected by: eligible mapping; Pass/issued preferred; darkest color preferred; newest report used as later tie-breaker. Source: Article RSL Master; 3 candidate report(s).,,Pass + Report Issued; darkest applicable color; latest date as tie-breaker,Existing selected report retained; one report per Supplier + Article,Select 3 darkest colors for composite testing
ECLAT,ECLAT,ECLAT,Eclat - Taiwan - FA26,SP27 INTERNATIONAL TESTING MASTER - Eclat.xlsx,RT1902084,Ponto / Halo Heather - F0001,Fabric,knit,89% Polyester (Recycled) 11% Elastane,V1057; V1071; V1096; V1099; V1103; V1112; V2039; V2050; V2110; V2119; V224; V3186; V344; V4026; V4173; V418; V438; V438L; V8137; VW1212; VW1212L; VW1219; VW1263; VW1326; VW1375; VW1423; VW1469; VW1555; VW1609; VW1623; VW1639; VW2041; VW2064; VW2084; VW2084L; VW2120; VW2177; VW2219; VW2240; VW268; VW303; VW303L; VW3284; VW4023; VW4023L; VW4023S; VW4190; VW4347; VW4444; VW4463; VW4463L; VW4463S; VW4540; VW4540S; VW4557; VW4557L; VW4557S; VW4569; VW4573; VW4573L; VW4573S; VW871,PO-00033428; PO-00033429; PO-00033469; PO-00033470; PO-00033484; PO-00033516; PO-00033531; PO-00033587; PO-00033588; PO-00033589; PO-00033593; PO-00033594; PO-00033599; PO-00033514; PO-00033535; PO-00033542; PO-00033394; PO-00033433; PO-00033434; PO-00033436; PO-00033471; PO-00033478; PO-00033485; PO-00033488; PO-00033490; PO-00033493; PO-00033540; PO-00033543; PO-00033555; PO-00033556; PO-00033574; PO-00033605; PO-00033616; PO-00033396; PO-00033432; PO-00033477; PO-00033487; PO-00033495; PO-00033537; PO-00033539; PO-00033557; PO-00033564; PO-00033573; PO-00033579; PO-00033585; PO-00033637; PO-00033638; PO-00033639; PO-00030409; PO-00030456; PO-00030576; PO-00030614; PO-00030620; PO-00030629; PO-00030647; PO-00030713; PO-00030740; PO-00030750; PO-00030754; PO-00030887; PO-00030897; PO-00030930; PO-00030940; PO-00031046; PO-00031050; PO-00031073; PO-00031125; PO-00031158; PO-00031229; PO-00031233; PO-00031246; PO-00031280; PO-00031401; PO-00031482; PO-00031597; PO-00031602; PO-00031607; PO-00031626; PO-00031790; PO-00031805; PO-00031814; PO-00031897; PO-00031987; PO-00032037; PO-00032164; PO-00032194; PO-00032215; PO-00032230; PO-00032232; PO-00032252; PO-00032267; PO-00032324; PO-00032366; PO-00032386; PO-00032413; PO-00032446; PO-00032451; PO-00032460; PO-00032473; PO-00032508; PO-00032514; PO-00032527; PO-00032593; PO-00032640; PO-00032658; PO-00032679; PO-00032715; PO-00032762; PO-00032778; PO-00032786; PO-00030426; PO-00030562; PO-00030690; PO-00030899; PO-00030904; PO-00031181; PO-00031278; PO-00031354; PO-00031490; PO-00031813; PO-00031866; PO-00032070; PO-00032127; PO-00032172; PO-00032190; PO-00032352; PO-00032365; PO-00032563; PO-00032570; PO-00032580; PO-00032721; PO-00030396; PO-00030405; PO-00030416; PO-00030470; PO-00030568; PO-00030588; PO-00030594; PO-00030596; PO-00030621; PO-00030656; PO-00030730; PO-00030789; PO-00030795; PO-00030889; PO-00030935; PO-00031004; PO-00031097; PO-00031119; PO-00031126; PO-00031210; PO-00031212; PO-00031250; PO-00031259; PO-00031271; PO-00031294; PO-00031297; PO-00031316; PO-00031344; PO-00031491; PO-00031503; PO-00031551; PO-00031558; PO-00031559; PO-00031632; PO-00031655; PO-00031660; PO-00031701; PO-00031902; PO-00031917; PO-00031927; PO-00031945; PO-00031997; PO-00032043; PO-00032168; PO-00032192; PO-00032223; PO-00032231; PO-00032323; PO-00032331; PO-00032349; PO-00032363; PO-00032377; PO-00032454; PO-00032664; PO-00032753; PO-00032760; PO-00032769; PO-00032775; PO-00030507; PO-00030600; PO-00030696; PO-00030756; PO-00030786; PO-00030851; PO-00030936; PO-00030961; PO-00030987; PO-00031010; PO-00031223; PO-00031228; PO-00031464; PO-00031510; PO-00031861; PO-00031921; PO-00032013; PO-00032137; PO-00032175; PO-00032300; PO-00032368; PO-00032411; PO-00032448; PO-00032554; PO-00032560; PO-00032573; PO-00032618; PO-00041696; PO-00030410; PO-00030411; PO-00030414; PO-00030447; PO-00030496; PO-00030501; PO-00030508; PO-00030513; PO-00030525; PO-00030548; PO-00030550; PO-00030577; PO-00030617; PO-00030632; PO-00030663; PO-00030686; PO-00030728; PO-00030736; PO-00030762; PO-00030765; PO-00030783; PO-00030788; PO-00030800; PO-00030804; PO-00030833; PO-00030872; PO-00030915; PO-00030922; PO-00030924; PO-00030937; PO-00030958; PO-00030969; PO-00030978; PO-00030992; PO-00030999; PO-00031028; PO-00031042; PO-00031045; PO-00031049; PO-00031060; PO-00031062; PO-00031092; PO-00031151; PO-00031159; PO-00031174; PO-00031175; PO-00031177; PO-00031184; PO-00031185; PO-00031191; PO-00031242; PO-00031260; PO-00031287; PO-00031332; PO-00031367; PO-00031372; PO-00031381; PO-00031395; PO-00031429; PO-00031439; PO-00031452; PO-00031475; PO-00031500; PO-00031544; PO-00031576; PO-00031693; PO-00031718; PO-00031723; PO-00031783; PO-00031797; PO-00031807; PO-00031833; PO-00031950; PO-00031960; PO-00031961; PO-00031962; PO-00031991; PO-00032021; PO-00032028; PO-00032046; PO-00032055; PO-00032071; PO-00032105; PO-00032114; PO-00032126; PO-00032131; PO-00032188; PO-00032200; PO-00032210; PO-00032226; PO-00032227; PO-00032234; PO-00032257; PO-00032374; PO-00032393; PO-00032409; PO-00032422; PO-00032433; PO-00032438; PO-00032453; PO-00032469; PO-00032479; PO-00032482; PO-00032512; PO-00032521; PO-00032534; PO-00032540; PO-00032565; PO-00032582; PO-00032597; PO-00032600; PO-00032606; PO-00032608; PO-00032644; PO-00032655; PO-00032663; PO-00032667; PO-00032672; PO-00032675; PO-00032687; PO-00032695; PO-00032698; PO-00032723; PO-00032726; PO-00032758; PO-00032772; PO-00030575; PO-00030619; PO-00030625; PO-00030634; PO-00030845; PO-00031088; PO-00031096; PO-00031296; PO-00031299; PO-00031386; PO-00031530; PO-00031549; PO-00031654; PO-00031800; PO-00031821; PO-00031890; PO-00031931; PO-00031999; PO-00032317; PO-00032318; PO-00032341; PO-00032342; PO-00032364; PO-00032373; PO-00032381; PO-00032824; PO-00032829; PO-00032847; PO-00032872; PO-00032941; PO-00033041; PO-00033057; PO-00033058; PO-00033065; PO-00033079; PO-00033236; PO-00033283; PO-00033284; PO-00033337; PO-00033338; PO-00033348; PO-00033349; PO-00033244; PO-00033297; PO-00033300; PO-00033302; PO-00033304; PO-00033305; PO-00033306; PO-00033340; PO-00033351; PO-00033240; PO-00033254; PO-00033293; PO-00033250; PO-00033255; PO-00033855; PO-00033861; PO-00033906; PO-00033949; PO-00033963; PO-00034026; PO-00034039; PO-00034040; PO-00034044; PO-00034045; PO-00034047; PO-00034146; PO-00034154; PO-00034369; PO-00034370; PO-00034371; PO-00034416; PO-00034417; PO-00034418; PO-00034425; PO-00034426; PO-00034440; PO-00034502; PO-00034505; PO-00034506; PO-00034624; PO-00034625; PO-00034633; PO-00034816; PO-00034824; PO-00034904; PO-00034908; PO-00035043; PO-00035065; PO-00035131; PO-00035132; PO-00035172; PO-00035215; PO-00035216; PO-00035306; PO-00035409; PO-00035426; PO-00035427; PO-00035428; PO-00035429; PO-00035444; PO-00035517; PO-00035518; PO-00035531; PO-00035684; PO-00035705; PO-00035706; PO-00035709; PO-00035731; PO-00035799; PO-00035893; PO-00035899; PO-00035928; PO-00035931; PO-00036020; PO-00036021; PO-00036023; PO-00036184; PO-00033941; PO-00033950; PO-00033951; PO-00034133; PO-00034134; PO-00034135; PO-00034185; PO-00034434; PO-00034597; PO-00034598; PO-00034619; PO-00034895; PO-00034896; PO-00035162; PO-00035166; PO-00035167; PO-00035168; PO-00035459; PO-00035476; PO-00035728; PO-00035804; PO-00035807; PO-00035940; PO-00033929; PO-00033984; PO-00034004; PO-00034147; PO-00034160; PO-00034251; PO-00034257; PO-00034269; PO-00034270; PO-00034271; PO-00034290; PO-00034291; PO-00034388; PO-00034589; PO-00034622; PO-00034623; PO-00034628; PO-00034784; PO-00034785; PO-00034823; PO-00034931; PO-00034957; PO-00034958; PO-00034991; PO-00034994; PO-00034995; PO-00034996; PO-00034997; PO-00035017; PO-00035115; PO-00035157; PO-00035158; PO-00035249; PO-00035318; PO-00035408; PO-00035596; PO-00035675; PO-00035714; PO-00035735; PO-00035736; PO-00035741; PO-00035742; PO-00035753; PO-00035901; PO-00035902; PO-00036066; PO-00036069; PO-00042499; PO-00033883; PO-00033884; PO-00033885; PO-00033886; PO-00033939; PO-00033940; PO-00034167; PO-00034168; PO-00034252; PO-00034317; PO-00034394; PO-00034476; PO-00034568; PO-00034570; PO-00034636; PO-00034670; PO-00034719; PO-00034826; PO-00035206; PO-00035263; PO-00035299; PO-00035300; PO-00035301; PO-00035466; PO-00035487; PO-00035722; PO-00035992; PO-00036162; PO-00036182; PO-00042320; PO-00042322; PO-00042500; PO-00033872; PO-00033873; PO-00033910; PO-00033952; PO-00033953; PO-00033954; PO-00033956; PO-00033981; PO-00033982; PO-00033997; PO-00034017; PO-00034042; PO-00034043; PO-00034071; PO-00034072; PO-00034073; PO-00034080; PO-00034085; PO-00034086; PO-00034087; PO-00034110; PO-00034124; PO-00034204; PO-00034205; PO-00034215; PO-00034216; PO-00034217; PO-00034219; PO-00034220; PO-00034222; PO-00034225; PO-00034277; PO-00034285; PO-00034431; PO-00034435; PO-00034438; PO-00034456; PO-00034515; PO-00034517; PO-00034553; PO-00034554; PO-00034586; PO-00034617; PO-00034688; PO-00034689; PO-00034767; PO-00034807; PO-00034813; PO-00034913; PO-00034914; PO-00034920; PO-00034922; PO-00034924; PO-00034946; PO-00034960; PO-00035023; PO-00035027; PO-00035077; PO-00035080; PO-00035106; PO-00035116; PO-00035117; PO-00035118; PO-00035120; PO-00035152; PO-00035163; PO-00035164; PO-00035205; PO-00035240; PO-00035241; PO-00035242; PO-00035245; PO-00035296; PO-00035316; PO-00035363; PO-00035379; PO-00035381; PO-00035382; PO-00035387; PO-00035415; PO-00035465; PO-00035526; PO-00035527; PO-00035627; PO-00035634; PO-00035636; PO-00035637; PO-00035655; PO-00035828; PO-00035843; PO-00035908; PO-00035911; PO-00035923; PO-00035959; PO-00036000; PO-00033996; PO-00034119; PO-00034485; PO-00034486; PO-00034594; PO-00034595; PO-00035052; PO-00035064; PO-00035350; PO-00035910; PO-00033663; PO-00033664; PO-00033735; PO-00033736; PO-00033756; PO-00033803; PO-00033732; PO-00033743; PO-00033744; PO-00033746; PO-00033801; PO-00033754; PO-00033718; PO-00033721; PO-00033728; PO-00033733; PO-00033751; PO-00033752; PO-00033798; PO-00033802; PO-00033737; PO-00036317; PO-00036320; PO-00036324; PO-00036325; PO-00036373; PO-00036388; PO-00036462; PO-00036574; PO-00036614; PO-00036624; PO-00036647; PO-00036298; PO-00036308; PO-00036309; PO-00036315; PO-00036485; PO-00036499; PO-00036550; PO-00036569; PO-00036618; PO-00036629; PO-00036641; PO-00036237; PO-00036289; PO-00036307; PO-00036328; PO-00036333; PO-00036578; PO-00036677; PO-00036937; PO-00036932; PO-00036672; PO-00037201; PO-00036698; PO-00036923; PO-00037152; PO-00037158; PO-00037391; PO-00037392; PO-00037428; PO-00037308; PO-00037312; PO-00037375; PO-00037425; PO-00037336; PO-00037304; PO-00037330; PO-00037331; PO-00037365; PO-00037378; PO-00037431; PO-00037387; PO-00037227; PO-00037228; PO-00037229; PO-00037438; PO-00037439; PO-00037442; PO-00037218; PO-00037219; PO-00037236; PO-00037243; PO-00037244; PO-00037436; PO-00037440; PO-00037235; PO-00037250; PO-00037251; PO-00037253; PO-00037467; PO-00037484; PO-00037485; PO-00037491; PO-00037492; PO-00042530; PO-00042531; PO-00038488; PO-00038859; PO-00038983; PO-00039115; PO-00039280; PO-00042391; PO-00038705; PO-00038814; PO-00039037; PO-00038451; PO-00038467; PO-00038579; PO-00038596; PO-00038676; PO-00038724; PO-00038828; PO-00039051; PO-00039229; PO-00042364; PO-00042367; PO-00038440; PO-00038453; PO-00038456; PO-00038477; PO-00038494; PO-00038500; PO-00038515; PO-00038574; PO-00038578; PO-00038626; PO-00038672; PO-00038673; PO-00038678; PO-00038698; PO-00038716; PO-00038745; PO-00038780; PO-00038930; PO-00039035; PO-00039128; PO-00039134; PO-00039222; PO-00039257; PO-00039284; PO-00039310; PO-00042368; PO-00042371; PO-00039406; PO-00039491; PO-00039492; PO-00039495; PO-00039507; PO-00039511; PO-00039557; PO-00039612; PO-00039637; PO-00039690; PO-00039728; PO-00039801; PO-00039845; PO-00039956; PO-00039991; PO-00040031; PO-00040077; PO-00040097; PO-00040216; PO-00040463; PO-00040539; PO-00040563; PO-00040620; PO-00040652; PO-00040656; PO-00040660; PO-00040691; PO-00040696; PO-00040702; PO-00040777; PO-00040786; PO-00040869; PO-00041018; PO-00041038; PO-00041135; PO-00041295; PO-00041313; PO-00041314; PO-00041335; PO-00041397; PO-00041462; PO-00041716; PO-00041734; PO-00041737; PO-00041797; PO-00042409; PO-00042436; PO-00042479; PO-00042480; PO-00039524; PO-00039616; PO-00039645; PO-00039727; PO-00039743; PO-00040123; PO-00040164; PO-00040451; PO-00040476; PO-00040494; PO-00040729; PO-00040751; PO-00040970; PO-00041534; PO-00041553; PO-00041563; PO-00041578; PO-00041629; PO-00041656; PO-00041732; PO-00041740; PO-00041806; PO-00042413; PO-00042441; PO-00039503; PO-00039537; PO-00039605; PO-00039615; PO-00039753; PO-00039859; PO-00039920; PO-00039971; PO-00040046; PO-00040048; PO-00040126; PO-00040198; PO-00040358; PO-00040405; PO-00040589; PO-00040633; PO-00040703; PO-00040797; PO-00040820; PO-00040870; PO-00040964; PO-00041300; PO-00041301; PO-00041354; PO-00042342; PO-00042417; PO-00039648; PO-00039703; PO-00039804; PO-00040004; PO-00040065; PO-00040125; PO-00040266; PO-00040486; PO-00040603; PO-00040705; PO-00040893; PO-00040917; PO-00041382; PO-00039428; PO-00039445; PO-00039518; PO-00039520; PO-00039547; PO-00039549; PO-00039576; PO-00039621; PO-00039723; PO-00039757; PO-00039781; PO-00039790; PO-00039794; PO-00039876; PO-00039882; PO-00039894; PO-00039910; PO-00039919; PO-00039978; PO-00040018; PO-00040030; PO-00040057; PO-00040083; PO-00040086; PO-00040158; PO-00040183; PO-00040257; PO-00040389; PO-00040416; PO-00040489; PO-00040490; PO-00040531; PO-00040559; PO-00040564; PO-00040596; PO-00040613; PO-00040626; PO-00040664; PO-00040681; PO-00040791; PO-00040842; PO-00040974; PO-00040999; PO-00041009; PO-00041021; PO-00041110; PO-00041124; PO-00041140; PO-00041240; PO-00041253; PO-00041273; PO-00041338; PO-00041342; PO-00041346; PO-00041356; PO-00042421; PO-00042484; PO-00042487; PO-00039655; PO-00039901; PO-00039983; PO-00040029; PO-00040042; PO-00040431; PO-00040450; PO-00040530; PO-00040535; PO-00040619; PO-00040780; PO-00040800; PO-00041010; PO-00041056; PO-00041935; PO-00042118; PO-00042121; PO-00042125; PO-00042122; PO-00042559; PO-00042625; PO-00042626; PO-00042677; PO-00042678; PO-00042679; PO-00042560; PO-00042594; PO-00042541; PO-00042555; PO-00042556; PO-00042569; PO-00042570; PO-00042575; PO-00042576; PO-00042623; PO-00042639; PO-00042641; PO-00042663; PO-00042669,TX41335/2026/CI,4/21/2026,4/21/2027,Valid,TRF6D023322,"ECLAT TEXTILE CO., LTD.","ECLAT TEXTILE CO., LTD.",Fig Heather,Pass,Mapped,Article + supplier seasonal master + SGS report,High,Selected by: eligible mapping; Pass/issued preferred; darkest color preferred; newest report used as later tie-breaker. Source: Article RSL Master; 29 candidate report(s).,Color Test,Pass + Report Issued; darkest applicable color; latest date as tie-breaker,Latest issued Pass RSL report with darkest available color candidate,Select 3 darkest colors for composite testing
ECLAT,ECLAT,ECLAT,Eclat-Taiwan,SP27 INTERNATIONAL TESTING MASTER - Eclat.xlsx,RT1906120-HR,Coronado Heather - F0272,Fabric,knit,87% Polyester (Recycled) 13% Elastane,V2009; V2022; V2071; V2072; V2095; V253; V4103; V410332; VW2146; VW4430,PO-00031460; PO-00032248; PO-00032827; PO-00032897; PO-00032904; PO-00032968; PO-00033814; PO-00033813; PO-00034695; PO-00035543; PO-00035916; PO-00033846; PO-00033847; PO-00033852; PO-00033858; PO-00033914; PO-00033916; PO-00033918; PO-00033922; PO-00033925; PO-00034025; PO-00034094; PO-00034096; PO-00034173; PO-00034174; PO-00034177; PO-00034260; PO-00034261; PO-00034268; PO-00034272; PO-00034420; PO-00034421; PO-00034422; PO-00034516; PO-00034919; PO-00034987; PO-00034990; PO-00034993; PO-00035050; PO-00035051; PO-00035059; PO-00035060; PO-00035061; PO-00035086; PO-00035149; PO-00035479; PO-00035480; PO-00035577; PO-00035739; PO-00035787; PO-00035788; PO-00035827; PO-00035851; PO-00035874; PO-00035875; PO-00035881; PO-00035882; PO-00035886; PO-00035887; PO-00035888; PO-00035932; PO-00035935; PO-00035944; PO-00035969; PO-00035973; PO-00035974; PO-00036091; PO-00036226; PO-00042228; PO-00042252; PO-00042253; PO-00042290; PO-00042321; PO-00033831; PO-00033896; PO-00033897; PO-00033898; PO-00033900; PO-00033901; PO-00034013; PO-00034680; PO-00034683; PO-00035271; PO-00035272; PO-00035492; PO-00035493; PO-00035497; PO-00035698; PO-00035864; PO-00035867; PO-00042238; PO-00036243; PO-00036247; PO-00036268; PO-00036269; PO-00036257; PO-00036258; PO-00037169; PO-00037468; PO-00039112; PO-00039236; PO-00039561; PO-00039870; PO-00039988; PO-00039415; PO-00039512; PO-00039559; PO-00039678; PO-00039827; PO-00039972; PO-00039990; PO-00040090; PO-00040131; PO-00040214; PO-00040304; PO-00040831; PO-00040859; PO-00040903; PO-00040941; PO-00040983; PO-00041290; PO-00041350; PO-00041520; PO-00041525; PO-00041528; PO-00041548; PO-00041554; PO-00041594; PO-00041611; PO-00041641; PO-00042453; PO-00042462; PO-00042485; PO-00039525; PO-00039914; PO-00039933; PO-00039951; PO-00040117; PO-00040175; PO-00040540; PO-00040724; PO-00041153; PO-00041521; PO-00041562; PO-00041604; PO-00042482,TX61438/2026/YA,6/18/2026,6/18/2027,Valid,TRF6F021735,"ECLAT TEXTILE CO., LTD.","ECLAT TEXTILE CO., LTD.",Dark Pewter Heather,Pass,Mapped,Article + supplier seasonal master + SGS report,High,Selected by: eligible mapping; Pass/issued preferred; darkest color preferred; newest report used as later tie-breaker. Source: Article RSL Master; 6 candidate report(s).,Full Test,Pass + Report Issued; darkest applicable color; latest date as tie-breaker,Latest issued Pass RSL report with darkest available color candidate,Select 3 darkest colors for composite testing
ECLAT,ECLAT,ECLAT,Eclat-Eclat Taiwan,SP27 INTERNATIONAL TESTING MASTER - Eclat.xlsx,RT2204035,Viewpoint Solid - F0334,Fabric,knit,92% Polyester (Recycled) 8% Elastane,V1113; V1116,PO-00030564; PO-00031043; PO-00032099; PO-00032781; PO-00030458; PO-00030768; PO-00030942; PO-00031393; PO-00031719; PO-00032004; PO-00032638; PO-00037338,TX41339/2026 /JU,4/20/2026,4/20/2027,Valid,TRF6D023543,"ECLAT TEXTILE CO., LTD.","ECLAT TEXTILE CO., LTD.",Hemlock,Pass,Mapped,Article + supplier seasonal master + SGS report,High,Selected by: eligible mapping; Pass/issued preferred; darkest color preferred; newest report used as later tie-breaker. Source: Article RSL Master; 8 candidate report(s).,Color Test,Pass + Report Issued; darkest applicable color; latest date as tie-breaker,Latest issued Pass RSL report with darkest available color candidate,Select 3 darkest colors for composite testing
ECLAT,ECLAT,ECLAT,Eclat - Taiwan-FA26,SP27 INTERNATIONAL TESTING MASTER - Eclat.xlsx,RT2310126,Ponto / Halo Full Dull Solid - F0274,Fabric,knit,89% Polyester (Recycled) 11% Elastane,V1057; V1071; V1099; V1103; V1112; V1164; V1227; V2039; V2075; V2110; V2119; V3116; V3154; V3186; V4173; VW1212; VW1212L; VW1219; VW1263; VW1326; VW1375; VW1423; VW1469; VW1555; VW1609; VW1639; VW1719; VW2041; VW2064; VW2084; VW2084L; VW2120; VW2219; VW2240; VW2246; VW268; VW303; VW303L; VW3284; VW4023; VW4023L; VW4023S; VW4190; VW4313; VW4444; VW4463; VW4463L; VW4463S; VW4540; VW4540S; VW4557; VW4557L; VW4557S; VW4569; VW4573; VW4573L; VW4573S; VW871,PO-00033436; PO-00033485; PO-00033490; PO-00033541; PO-00033555; PO-00033574; PO-00033400; PO-00033609; PO-00033432; PO-00033557; PO-00033573; PO-00033637; PO-00033638; PO-00033639; PO-00030460; PO-00030468; PO-00030526; PO-00030576; PO-00030610; PO-00030614; PO-00030723; PO-00030750; PO-00030988; PO-00031248; PO-00031257; PO-00031323; PO-00031324; PO-00031470; PO-00031482; PO-00031493; PO-00031605; PO-00031644; PO-00031685; PO-00031805; PO-00031896; PO-00031974; PO-00031987; PO-00032194; PO-00032252; PO-00032260; PO-00032272; PO-00032324; PO-00032446; PO-00032473; PO-00032508; PO-00032527; PO-00032593; PO-00032070; PO-00030396; PO-00030486; PO-00030568; PO-00030588; PO-00030594; PO-00030621; PO-00030672; PO-00030697; PO-00030715; PO-00030789; PO-00031004; PO-00031012; PO-00031097; PO-00031126; PO-00031238; PO-00031250; PO-00031259; PO-00031271; PO-00031284; PO-00031297; PO-00031316; PO-00031340; PO-00031344; PO-00031347; PO-00031491; PO-00031503; PO-00031515; PO-00031559; PO-00031653; PO-00031655; PO-00031660; PO-00031664; PO-00031676; PO-00031902; PO-00031927; PO-00031947; PO-00031986; PO-00031997; PO-00032047; PO-00032176; PO-00032192; PO-00032220; PO-00032223; PO-00032225; PO-00032332; PO-00032377; PO-00032454; PO-00032664; PO-00032753; PO-00032760; PO-00032769; PO-00030581; PO-00030696; PO-00030961; PO-00030987; PO-00031101; PO-00031228; PO-00031375; PO-00031464; PO-00031510; PO-00031542; PO-00031861; PO-00031921; PO-00031942; PO-00032300; PO-00032618; PO-00032742; PO-00041696; PO-00030410; PO-00030414; PO-00030441; PO-00030508; PO-00030513; PO-00030525; PO-00030551; PO-00030578; PO-00030686; PO-00030728; PO-00030736; PO-00030783; PO-00030804; PO-00030833; PO-00030869; PO-00030881; PO-00030915; PO-00030922; PO-00030937; PO-00030978; PO-00030980; PO-00030992; PO-00031028; PO-00031089; PO-00031091; PO-00031151; PO-00031159; PO-00031174; PO-00031175; PO-00031184; PO-00031185; PO-00031208; PO-00031242; PO-00031260; PO-00031381; PO-00031429; PO-00031439; PO-00031500; PO-00031531; PO-00031548; PO-00031576; PO-00031723; PO-00031752; PO-00031807; PO-00031833; PO-00031961; PO-00031962; PO-00031972; PO-00031991; PO-00032021; PO-00032028; PO-00032131; PO-00032169; PO-00032200; PO-00032210; PO-00032374; PO-00032389; PO-00032422; PO-00032438; PO-00032453; PO-00032479; PO-00032482; PO-00032534; PO-00032540; PO-00032565; PO-00032597; PO-00032608; PO-00032651; PO-00032655; PO-00032675; PO-00032708; PO-00032713; PO-00032723; PO-00032758; PO-00030575; PO-00030619; PO-00030634; PO-00030763; PO-00030845; PO-00031088; PO-00031296; PO-00031299; PO-00031319; PO-00031386; PO-00031530; PO-00031549; PO-00031654; PO-00031669; PO-00031800; PO-00031821; PO-00031890; PO-00031931; PO-00032317; PO-00032318; PO-00032341; PO-00032342; PO-00032364; PO-00032373; PO-00032826; PO-00032866; PO-00032877; PO-00032892; PO-00032921; PO-00032976; PO-00032824; PO-00032829; PO-00032847; PO-00032872; PO-00032941; PO-00033243; PO-00033294; PO-00033299; PO-00033255; PO-00033855; PO-00033859; PO-00033949; PO-00034026; PO-00034034; PO-00034035; PO-00034036; PO-00034040; PO-00034045; PO-00034060; PO-00034146; PO-00034153; PO-00034371; PO-00034380; PO-00034416; PO-00034417; PO-00034418; PO-00034424; PO-00034440; PO-00034505; PO-00034506; PO-00034624; PO-00034633; PO-00034824; PO-00034904; PO-00034907; PO-00034951; PO-00034956; PO-00035043; PO-00035140; PO-00035175; PO-00035216; PO-00035219; PO-00035306; PO-00035426; PO-00035427; PO-00035443; PO-00035517; PO-00035531; PO-00035684; PO-00035705; PO-00035706; PO-00035731; PO-00035794; PO-00035893; PO-00035898; PO-00035928; PO-00035931; PO-00036111; PO-00036167; PO-00036187; PO-00042241; PO-00033933; PO-00033934; PO-00042242; PO-00034004; PO-00034147; PO-00034160; PO-00034251; PO-00034253; PO-00034256; PO-00034257; PO-00034269; PO-00034270; PO-00034271; PO-00034290; PO-00034587; PO-00034589; PO-00034622; PO-00034623; PO-00034627; PO-00034628; PO-00034784; PO-00034823; PO-00034931; PO-00034957; PO-00034958; PO-00034983; PO-00034991; PO-00034994; PO-00034995; PO-00034996; PO-00034997; PO-00035115; PO-00035248; PO-00035249; PO-00035318; PO-00035408; PO-00035596; PO-00035598; PO-00035735; PO-00035736; PO-00035741; PO-00035742; PO-00035753; PO-00035901; PO-00035902; PO-00036065; PO-00036066; PO-00033886; PO-00033939; PO-00034250; PO-00034394; PO-00034423; PO-00034568; PO-00034671; PO-00034719; PO-00035053; PO-00035265; PO-00035299; PO-00035466; PO-00035482; PO-00035505; PO-00035722; PO-00035992; PO-00035994; PO-00042320; PO-00033872; PO-00033873; PO-00033910; PO-00033952; PO-00033953; PO-00033954; PO-00033956; PO-00033980; PO-00033981; PO-00033982; PO-00033997; PO-00034015; PO-00034017; PO-00034042; PO-00034043; PO-00034072; PO-00034110; PO-00034124; PO-00034125; PO-00034204; PO-00034205; PO-00034215; PO-00034216; PO-00034217; PO-00034222; PO-00034275; PO-00034277; PO-00034283; PO-00034284; PO-00034285; PO-00034431; PO-00034435; PO-00034456; PO-00034549; PO-00034550; PO-00034551; PO-00034553; PO-00034554; PO-00034586; PO-00034617; PO-00034618; PO-00034728; PO-00034813; PO-00034814; PO-00034913; PO-00034914; PO-00034946; PO-00034959; PO-00034960; PO-00035054; PO-00035055; PO-00035106; PO-00035116; PO-00035117; PO-00035118; PO-00035151; PO-00035152; PO-00035163; PO-00035164; PO-00035165; PO-00035245; PO-00035296; PO-00035316; PO-00035379; PO-00035380; PO-00035413; PO-00035465; PO-00035526; PO-00035527; PO-00035627; PO-00035634; PO-00035653; PO-00035654; PO-00035655; PO-00035828; PO-00035908; PO-00035911; PO-00035923; PO-00035924; PO-00035957; PO-00036000; PO-00037493; PO-00033996; PO-00034119; PO-00034218; PO-00034594; PO-00034595; PO-00035064; PO-00035350; PO-00035667; PO-00035910; PO-00033746; PO-00033733; PO-00033751; PO-00033737; PO-00036318; PO-00036319; PO-00036324; PO-00036298; PO-00036308; PO-00036309; PO-00036315; PO-00036236; PO-00036246; PO-00036289; PO-00036333; PO-00036538; PO-00036555; PO-00036600; PO-00036619; PO-00036620; PO-00036642; PO-00036683; PO-00036862; PO-00036672; PO-00036712; PO-00036717; PO-00036800; PO-00036845; PO-00037201; PO-00042266; PO-00042338; PO-00036719; PO-00042267; PO-00036714; PO-00036723; PO-00036724; PO-00036725; PO-00036923; PO-00037152; PO-00037191; PO-00037322; PO-00037383; PO-00037393; PO-00037429; PO-00037309; PO-00037312; PO-00037375; PO-00037379; PO-00037425; PO-00037342; PO-00037330; PO-00037305; PO-00037366; PO-00037369; PO-00037437; PO-00037443; PO-00037467; PO-00037248; PO-00037252; PO-00037484; PO-00037491; PO-00037492; PO-00039377; PO-00039378; PO-00039379; PO-00039380; PO-00042532; PO-00042307; PO-00042306; PO-00038472; PO-00038501; PO-00038523; PO-00038580; PO-00038604; PO-00038637; PO-00038709; PO-00038729; PO-00038731; PO-00038932; PO-00038933; PO-00038935; PO-00038972; PO-00038978; PO-00038992; PO-00039092; PO-00039095; PO-00039106; PO-00039114; PO-00039120; PO-00039228; PO-00039260; PO-00039309; PO-00038462; PO-00038482; PO-00038496; PO-00038505; PO-00038562; PO-00038616; PO-00038684; PO-00038705; PO-00038712; PO-00038720; PO-00038732; PO-00038814; PO-00038850; PO-00038851; PO-00038957; PO-00038979; PO-00039037; PO-00039043; PO-00039081; PO-00039101; PO-00039102; PO-00039116; PO-00039123; PO-00039177; PO-00039179; PO-00039185; PO-00039189; PO-00039217; PO-00039225; PO-00039256; PO-00039381; PO-00042361; PO-00042362; PO-00042363; PO-00038441; PO-00038451; PO-00038467; PO-00038492; PO-00038579; PO-00038595; PO-00038596; PO-00038676; PO-00038724; PO-00038828; PO-00038916; PO-00038919; PO-00038949; PO-00038969; PO-00039009; PO-00039051; PO-00042364; PO-00042366; PO-00038437; PO-00038440; PO-00038453; PO-00038456; PO-00038465; PO-00038477; PO-00038479; PO-00038483; PO-00038486; PO-00038494; PO-00038500; PO-00038508; PO-00038510; PO-00038515; PO-00038543; PO-00038545; PO-00038548; PO-00038559; PO-00038571; PO-00038574; PO-00038578; PO-00038582; PO-00038608; PO-00038609; PO-00038610; PO-00038623; PO-00038633; PO-00038634; PO-00038660; PO-00038672; PO-00038678; PO-00038698; PO-00038700; PO-00038716; PO-00038728; PO-00038738; PO-00038742; PO-00038745; PO-00038761; PO-00038769; PO-00038770; PO-00038780; PO-00038823; PO-00038832; PO-00038834; PO-00038842; PO-00038846; PO-00038871; PO-00038897; PO-00038930; PO-00038945; PO-00038976; PO-00039007; PO-00039021; PO-00039024; PO-00039042; PO-00039046; PO-00039056; PO-00039066; PO-00039069; PO-00039128; PO-00039141; PO-00039147; PO-00039169; PO-00039180; PO-00039184; PO-00039237; PO-00039259; PO-00039261; PO-00039284; PO-00039294; PO-00039324; PO-00039331; PO-00042368; PO-00042369; PO-00042370; PO-00042371; PO-00042372; PO-00038519; PO-00038534; PO-00038644; PO-00038995; PO-00039162; PO-00039278; PO-00039305; PO-00042373; PO-00042463; PO-00039425; PO-00039557; PO-00039632; PO-00039662; PO-00039728; PO-00039840; PO-00039845; PO-00039895; PO-00040043; PO-00040063; PO-00040077; PO-00040097; PO-00040157; PO-00040173; PO-00040216; PO-00040235; PO-00040268; PO-00040301; PO-00040454; PO-00040463; PO-00040539; PO-00040563; PO-00040620; PO-00040660; PO-00040686; PO-00040702; PO-00040786; PO-00040822; PO-00040847; PO-00040907; PO-00041038; PO-00041135; PO-00041295; PO-00041314; PO-00041391; PO-00041397; PO-00041590; PO-00041633; PO-00041652; PO-00041660; PO-00041664; PO-00041667; PO-00041669; PO-00042438; PO-00042439; PO-00039524; PO-00039743; PO-00040451; PO-00040476; PO-00042441; PO-00039503; PO-00039537; PO-00039605; PO-00039706; PO-00039753; PO-00039859; PO-00039920; PO-00039989; PO-00040015; PO-00040026; PO-00040046; PO-00040048; PO-00040066; PO-00040126; PO-00040198; PO-00040333; PO-00040358; PO-00040405; PO-00040474; PO-00040589; PO-00040633; PO-00040703; PO-00040797; PO-00040820; PO-00040833; PO-00040857; PO-00040870; PO-00040915; PO-00040964; PO-00041117; PO-00041300; PO-00041301; PO-00041541; PO-00041593; PO-00041610; PO-00041615; PO-00042342; PO-00042418; PO-00039720; PO-00039815; PO-00039924; PO-00040128; PO-00040394; PO-00040524; PO-00040616; PO-00039428; PO-00039460; PO-00039520; PO-00039547; PO-00039549; PO-00039551; PO-00039580; PO-00039613; PO-00039621; PO-00039709; PO-00039723; PO-00039757; PO-00039781; PO-00039790; PO-00039794; PO-00039808; PO-00039847; PO-00039861; PO-00039876; PO-00039882; PO-00039907; PO-00039919; PO-00039921; PO-00039954; PO-00039978; PO-00040083; PO-00040086; PO-00040133; PO-00040158; PO-00040183; PO-00040257; PO-00040283; PO-00040351; PO-00040389; PO-00040393; PO-00040395; PO-00040435; PO-00040482; PO-00040490; PO-00040531; PO-00040559; PO-00040564; PO-00040588; PO-00040596; PO-00040612; PO-00040613; PO-00040626; PO-00040664; PO-00040692; PO-00040790; PO-00040791; PO-00040802; PO-00040842; PO-00040876; PO-00040882; PO-00040911; PO-00040925; PO-00040934; PO-00040974; PO-00040998; PO-00040999; PO-00041009; PO-00041045; PO-00041060; PO-00041102; PO-00041110; PO-00041124; PO-00041140; PO-00041258; PO-00041273; PO-00041338; PO-00041342; PO-00041441; PO-00042421; PO-00042466; PO-00042481; PO-00042484; PO-00042486; PO-00039655; PO-00039695; PO-00039746; PO-00039759; PO-00039796; PO-00039834; PO-00039881; PO-00039901; PO-00039937; PO-00039940; PO-00039983; PO-00040014; PO-00040029; PO-00040042; PO-00040129; PO-00040134; PO-00040299; PO-00040338; PO-00040431; PO-00040450; PO-00040503; PO-00040530; PO-00040535; PO-00040580; PO-00040611; PO-00040619; PO-00040642; PO-00040653; PO-00040704; PO-00040780; PO-00040800; PO-00041010; PO-00041056; PO-00041067; PO-00041094; PO-00041790; PO-00041803; PO-00042422; PO-00042423; PO-00041935; PO-00042114; PO-00042132; PO-00042117; PO-00042118; PO-00042119; PO-00042121; PO-00042124; PO-00042125; PO-00042126; PO-00042112; PO-00042116; PO-00042120; PO-00042122; PO-00042150; PO-00042113; PO-00042115; PO-00042123; PO-00042149; PO-00042625; PO-00042626; PO-00042640; PO-00042541; PO-00042575; PO-00042576; PO-00042623; PO-00042669; PO-00042548; PO-00042553; PO-00042601; PO-00042632,TX41335/2026/CI,4/21/2026,4/21/2027,Valid,TRF6D023322,"ECLAT TEXTILE CO., LTD.","ECLAT TEXTILE CO., LTD.",Fig Heather,Pass,Mapped,Article + supplier seasonal master + SGS report,High,Selected by: eligible mapping; Pass/issued preferred; darkest color preferred; newest report used as later tie-breaker. Source: Article RSL Master; 24 candidate report(s).,Color Test,Pass + Report Issued; darkest applicable color; latest date as tie-breaker,Latest issued Pass RSL report with darkest available color candidate,Select 3 darkest colors for composite testing
ECLAT,ECLAT,ECLAT,Eclat-TW,SP27 INTERNATIONAL TESTING MASTER - Eclat.xlsx,RT2405079,Pitch Solid - F0163,Fabric,knit,94% Polyester (Recycled) 6% Elastane,V1109; V1110,PO-00030585; PO-00031075; PO-00031335; PO-00031450; PO-00032236; PO-00032583; PO-00032755; PO-00037337; PO-00037411; PO-00039528; PO-00039627; PO-00039689; PO-00039838; PO-00039896; PO-00039930; PO-00040032; PO-00040061; PO-00040091; PO-00040565; PO-00040748; PO-00041044; PO-00041159; PO-00041276; PO-00041328; PO-00041532; PO-00041542; PO-00041561; PO-00041575; PO-00041602,TXA0452/2025/UL,10/14/2025,10/14/2026,Valid,TRF5I055337,ECLAT TEXTILE CO LTD,ECLAT TEXTILE CO LTD,Black(FT),Pass,Mapped,B - Style + T2,Medium,Selected by: eligible mapping; Pass/issued preferred; darkest color preferred; newest report used as later tie-breaker. Source: Article RSL Master; 2 candidate report(s).,,Pass + Report Issued; darkest applicable color; latest date as tie-breaker,Existing selected report retained; one report per Supplier + Article,Select 3 darkest colors for composite testing
ECLAT,ECLAT,ECLAT,Eclat-Taiwan,SP27 INTERNATIONAL TESTING MASTER - Eclat.xlsx,RT2409187,Mid Weight Ponto / Halo Full Dull Solid - F0368,Fabric,knit,86% Polyester (Recycled) 14% Elastane,VW2184; VW3284; VW4506; VW4506L; VW4506S; VW4515; VW4515L,PO-00033590; PO-00033591; PO-00033592; PO-00030545; PO-00030759; PO-00031069; PO-00031234; PO-00031336; PO-00031634; PO-00031880; PO-00031881; PO-00032184; PO-00032327; PO-00032328; PO-00032635; PO-00033298; PO-00033307; PO-00036660; PO-00036661; PO-00037472; PO-00038820; PO-00038868; PO-00039224; PO-00039286; PO-00039300; PO-00041962; PO-00041963; PO-00042028; PO-00042029; PO-00042030; PO-00042031; PO-00042034; PO-00042035; PO-00042036; PO-00042037; PO-00042038; PO-00042050; PO-00042051; PO-00042052; PO-00042053; PO-00042060; PO-00041993; PO-00042027; PO-00040041; PO-00040069; PO-00040317; PO-00040431; PO-00040535; PO-00041067; PO-00042135; PO-00042205; PO-00042123,TX41786/2026/YA,4/23/2026,4/23/2027,Valid,TRF6D030056,ECLAT TEXTILE CO LTD,ECLAT TEXTILE CO LTD,White,Pass,Mapped,B - Style + T2,Medium,Selected by: eligible mapping; Pass/issued preferred; darkest color preferred; newest report used as later tie-breaker. Source: Article RSL Master; 2 candidate report(s).,,Pass + Report Issued; darkest applicable color; latest date as tie-breaker,Existing selected report retained; one report per Supplier + Article,Select 3 darkest colors for composite testing
ECLAT,ECLAT,ECLAT,Eclat-Taiwan,SP27 INTERNATIONAL TESTING MASTER - Eclat.xlsx,RT2412163,Coronado Full Dull Solid - F0602,Fabric,knit,86% Polyester (Recycled) 14% Elastane,V2009; VW2146; VW4430,PO-00034695; PO-00035543; PO-00035916; PO-00033831; PO-00034013; PO-00035698; PO-00037169; PO-00040517; PO-00040600,TXA0458/2025/UL,10/14/2025,10/14/2026,Valid,TRF5I049678,ECLAT TEXTILE CO LTD,ECLAT TEXTILE CO LTD,Ivory Heather,Pass,Mapped,B - Style + T2,Medium,Selected by: eligible mapping; Pass/issued preferred; darkest color preferred; newest report used as later tie-breaker. Source: Article RSL Master; 1 candidate report(s).,,Pass + Report Issued; darkest applicable color; latest date as tie-breaker,Existing selected report retained; one report per Supplier + Article,Select 3 darkest colors for composite testing
ECLAT,ECLAT,ECLAT,Eclat - Taiwan,SP27 INTERNATIONAL TESTING MASTER - Eclat.xlsx,RT2503260,Ponto / Halo Heather Grid - F0902,Fabric,knit,98% Polyester (Recycled) 2% Elastane,V1214; V2142; V3143; V4128,PO-00034228; PO-00034409; PO-00035229; PO-00036392; PO-00036393; PO-00036397; PO-00036402; PO-00036429; PO-00036438; PO-00036442; PO-00036444; PO-00036453; PO-00036457; PO-00036537; PO-00036543; PO-00036552; PO-00036556; PO-00036567; PO-00036568; PO-00036580; PO-00036589; PO-00036590; PO-00036593; PO-00036598; PO-00036604; PO-00036605; PO-00036610; PO-00036636; PO-00036639; PO-00036645; PO-00042493; PO-00042494; PO-00037460; PO-00037461; PO-00037462; PO-00042248; PO-00042249; PO-00042250; PO-00042316; PO-00042317; PO-00042318; PO-00042496; PO-00042497; PO-00042498; PO-00038507; PO-00038520; PO-00038600; PO-00038605; PO-00038967; PO-00039038; PO-00039209; PO-00042401; PO-00039785; PO-00040034; PO-00040151; PO-00041050; PO-00041298,TX60385/2026/JU,6/10/2026,6/10/2027,Valid,TRF6E059886,ECLAT TEXTILE CO LTD,ECLAT TEXTILE CO LTD,BLACK HEATHER,Pass,Mapped,B - Style + T2,Medium,Selected by: eligible mapping; Pass/issued preferred; darkest color preferred; newest report used as later tie-breaker. Source: Article RSL Master; 1 candidate report(s).,,Pass + Report Issued; darkest applicable color; latest date as tie-breaker,Existing selected report retained; one report per Supplier + Article,Select 3 darkest colors for composite testing
ECLAT,ECLAT,ECLAT,Eclat-TW,SP27 INTERNATIONAL TESTING MASTER - Eclat.xlsx,RT2510224,Pitch Stripe - F1166,Fabric,knit,93% Polyester (Recycled) 7% Elastane,V1110,PO-00039627; PO-00039896; PO-00040061; PO-00040565; PO-00041044; PO-00041276,TXA2451/2025/YA,10/30/2025,10/30/2026,Valid,TRF5J032681,ECLAT TEXTILE CO LTD,ECLAT TEXTILE CO LTD,Black,Pass,Mapped,B - Style + T2,Medium,Selected by: eligible mapping; Pass/issued preferred; darkest color preferred; newest report used as later tie-breaker. Source: Article RSL Master; 2 candidate report(s).,,Pass + Report Issued; darkest applicable color; latest date as tie-breaker,Existing selected report retained; one report per Supplier + Article,Select 3 darkest colors for composite testing
ECLAT,ECLAT,ECLAT,Eclat-Taiwan,SP27 INTERNATIONAL TESTING MASTER - Eclat.xlsx,RT2511200,Descent Camo Jacquard - F1090,Fabric,knit,59% Polyamide (Recycled) 35% Polyester (Recycled) 6% Elastane,V1230,PO-00039435; PO-00039607; PO-00040161; PO-00040572; PO-00040627; PO-00040829; PO-00041261,,,,In Process,,ECLAT TEXTILE CO LTD,ECLAT TEXTILE CO LTD,,,No Candidate Found,,Unmapped,No exact Article reference or sufficiently strong Style + T2 match found in SGS export. No mapped RSL report; manual follow-up required.,,Pass + Report Issued; darkest applicable color; latest date as tie-breaker,Existing selected report retained; one report per Supplier + Article,Submit RSL report
ECLAT,ECLAT,ECLAT,Eclat-Quote,SP27 INTERNATIONAL TESTING MASTER - Eclat.xlsx,RT2512170,Tradewind Solid - F1287,Fabric,knit,89% Polyester (Recycled) 11% Elastane,V1260; V1260JD; V1260JD2; V1262; V1263,PO-00038449; PO-00038518; PO-00038532; PO-00038537; PO-00038550; PO-00038566; PO-00038572; PO-00038624; PO-00038641; PO-00038670; PO-00038688; PO-00038723; PO-00038737; PO-00038752; PO-00038757; PO-00038764; PO-00038787; PO-00038794; PO-00038813; PO-00038853; PO-00038894; PO-00038921; PO-00038944; PO-00039061; PO-00039079; PO-00039218; PO-00039239; PO-00042395; PO-00042396; PO-00042397; PO-00042512; PO-00042513; PO-00039701; PO-00040827; PO-00041938; PO-00041939; PO-00041940; PO-00041941; PO-00041942; PO-00041954; PO-00041955; PO-00041956; PO-00041957; PO-00041958; PO-00041959,TX72638/2026/TY,7/27/2026,7/27/2027,Valid,TRF6G036886,ECLAT TEXTILE CO LTD,ECLAT TEXTILE CO LTD,Black,Pass,Mapped,B - Style + T2,Medium,Selected by: eligible mapping; Pass/issued preferred; darkest color preferred; newest report used as later tie-breaker. Source: Article RSL Master; 1 candidate report(s).,,Pass + Report Issued; darkest applicable color; latest date as tie-breaker,Existing selected report retained; one report per Supplier + Article,Select 3 darkest colors for composite testing
EURO JERSEY,EURO JERSEY,EURO JERSEY,Euro Jersey-Italy,SP27 INTERNATIONAL TESTING MASTER - Euro Jersey.xlsx,NYEK,Sensitive Sculpt ECONYL Digital Printed - F0971,Fabric,knit,59% Polyamide (Recycled) 41% Elastane,VW733; VW735; VW742; VW747; VW748; VW749; VW753; VW757; VW759; VW762,PO-00039457; PO-00039473; PO-00039716; PO-00040092; PO-00040099; PO-00040143; PO-00040211; PO-00040438; PO-00040446; PO-00040523; PO-00040662; PO-00040722; PO-00040746; PO-00040823; PO-00040866; PO-00040900; PO-00040919; PO-00040923; PO-00040967; PO-00041075; PO-00041107; PO-00041111; PO-00041129; PO-00041168; PO-00041196; PO-00041219; PO-00041282; PO-00041323; PO-00041324; PO-00041470; PO-00041471; PO-00041479; PO-00041473; PO-00041474; PO-00041478; PO-00041480; PO-00041484; PO-00041486; PO-00041494; PO-00041495; PO-00041497; PO-00041499; PO-00041500,SL12600334161001TX,7/14/2026,7/14/2027,Valid,TRF6F062808,EUROJERSEY SPA,EUROJERSEY SPA,B7643 BLACK,Pass,Mapped,B - Style + T2,Medium,Selected by: eligible mapping; Pass/issued preferred; darkest color preferred; newest report used as later tie-breaker. Source: Article RSL Master; 1 candidate report(s).,,Pass + Report Issued; darkest applicable color; latest date as tie-breaker,Existing selected report retained; one report per Supplier + Article,Select 3 darkest colors for composite testing
EURO JERSEY,EURO JERSEY,EURO JERSEY,Euro Jersey-Italy,SP27 INTERNATIONAL TESTING MASTER - Euro Jersey.xlsx,NYEL,Sensitive Sculpt ECONYL Solid - F0901,Fabric,knit,59% Polyamide (Recycled) 41% Elastane,VW730; VW733; VW735; VW742; VW747; VW748; VW749; VW753; VW757; VW759; VW762,PO-00039673; PO-00039716; PO-00039969; PO-00040040; PO-00040200; PO-00040438; PO-00040446; PO-00040900; PO-00040923; PO-00040967; PO-00041075; PO-00041111; PO-00041129; PO-00041194; PO-00041196; PO-00041219; PO-00041282; PO-00041323; PO-00041324; PO-00041437; PO-00041438; PO-00041470; PO-00041471; PO-00041472; PO-00041476; PO-00041479; PO-00041481; PO-00041483; PO-00041487; PO-00041488; PO-00041489; PO-00041490; PO-00041491; PO-00041492; PO-00041493; PO-00041501; PO-00041502; PO-00041503; PO-00041504; PO-00041505; PO-00041506; PO-00041507; PO-00041508; PO-00041509; PO-00041510; PO-00041511; PO-00041512; PO-00041513; PO-00041514; PO-00041515; PO-00041516; PO-00041474; PO-00041475; PO-00041477; PO-00041480; PO-00041482; PO-00041495; PO-00041496; PO-00041497,SL12600334161001TX,7/14/2026,7/14/2027,Valid,TRF6F062808,EUROJERSEY SPA,EUROJERSEY SPA,B7643 BLACK,Pass,Mapped,A - Exact Article,High,Selected by: eligible mapping; Pass/issued preferred; darkest color preferred; newest report used as later tie-breaker. Source: Article RSL Master; 2 candidate report(s).,,Pass + Report Issued; darkest applicable color; latest date as tie-breaker,Existing selected report retained; one report per Supplier + Article,Select 3 darkest colors for composite testing
EVEREST,EVEREST,EVEREST,Everest-Taiwan,SP27 INTERNATIONAL TESTING MASTER - Everest.xlsx,FVF05173QD,Maverick Solid  - F0094,Fabric,woven,100% Polyester,V3016; V3087,PO-00031286; PO-00031704; PO-00032086; PO-00030653; PO-00031153; PO-00032153; PO-00032733; PO-00039818; PO-00039938; PO-00040397; PO-00040468; PO-00040752; PO-00040951; PO-00041015; PO-00041143; PO-00041285,TXA2908/2024/CR,10/30/2024,10/30/2025,Expired,TRF4K010771,"EVEREST TEXTILE CO., LTD.","EVEREST TEXTILE CO., LTD.",(A) HEDGE GREEN        (B) LIGHT DEEP SEA WATER LILY       (C) MOCHA SAND,Pass,Mapped,A - Exact Article,High,Selected by: eligible mapping; Pass/issued preferred; darkest color preferred; newest report used as later tie-breaker. Source: Article RSL Master; 4 candidate report(s).,,Pass + Report Issued; darkest applicable color; latest date as tie-breaker,Existing selected report retained; one report per Supplier + Article,RSL report expired
EVEREST,EVEREST,EVEREST,Everest - Taiwan SP26/FA26,SP27 INTERNATIONAL TESTING MASTER - Everest.xlsx,FVF06314QD,Silky Solid - F0006,Fabric,woven,45% Polyester (Recycled) 41% Polyester 14% Elastane,VW1544; VW3015; VW3215; VW4047; VW4047L; VW4047S; VW4403; VW4403L; VW4403S; VW4454; VW4454L; VW4454S; VW4609; VW4609S,PO-00030574; PO-00030655; PO-00030709; PO-00030742; PO-00030835; PO-00030866; PO-00030979; PO-00031009; PO-00031258; PO-00031305; PO-00031314; PO-00031320; PO-00031539; PO-00031608; PO-00031975; PO-00032107; PO-00032179; PO-00032183; PO-00032309; PO-00032379; PO-00030590; PO-00030646; PO-00030675; PO-00030847; PO-00030884; PO-00030985; PO-00031015; PO-00031048; PO-00031176; PO-00031211; PO-00031270; PO-00031593; PO-00031614; PO-00031936; PO-00031938; PO-00031939; PO-00032069; PO-00032209; PO-00032301; PO-00032348; PO-00032395; PO-00032437; PO-00032548; PO-00032553; PO-00032571; PO-00032590; PO-00032711; PO-00031891; PO-00033034; PO-00033037; PO-00033050; PO-00033069; PO-00033086; PO-00033088; PO-00035037; PO-00035217; PO-00035218; PO-00034011; PO-00034187; PO-00034282; PO-00034771; PO-00034776; PO-00034777; PO-00035006; PO-00034383; PO-00034384; PO-00034557; PO-00034558; PO-00035142; PO-00035223; PO-00036125; PO-00033671; PO-00033672; PO-00036326; PO-00036659; PO-00036663; PO-00036664; PO-00037399; PO-00037394; PO-00039622; PO-00039765; PO-00040601; PO-00040875; PO-00041122; PO-00041172; PO-00041237; PO-00041348; PO-00039442; PO-00039671; PO-00039677; PO-00039741; PO-00039797; PO-00039830; PO-00039846; PO-00039854; PO-00039922; PO-00040142; PO-00040160; PO-00040169; PO-00040185; PO-00040230; PO-00040259; PO-00040453; PO-00040469; PO-00040576; PO-00040614; PO-00040622; PO-00040643; PO-00040654; PO-00040775; PO-00040798; PO-00040987; PO-00041028; PO-00041040; PO-00041053; PO-00041071; PO-00041156; PO-00041206; PO-00041208; PO-00041316; PO-00041332; PO-00041359; PO-00041539; PO-00041588; PO-00041601; PO-00041639; PO-00041719; PO-00041751; PO-00041789; PO-00041813; PO-00041960; PO-00041267; PO-00041579; PO-00041616; PO-00042166; PO-00042168; PO-00042164; PO-00042561; PO-00042571; PO-00042572; PO-00042573; PO-00042624; PO-00042681,TX72528/2025/UL,7/29/2025,7/29/2026,Expired,TRF5G025766,EVEREST TEXTILE CO LTD,EVEREST TEXTILE CO LTD,Black,Pass,Mapped,B - Style + T2,Medium,Selected by: eligible mapping; Pass/issued preferred; darkest color preferred; newest report used as later tie-breaker. Source: Article RSL Master; 4 candidate report(s).,,Pass + Report Issued; darkest applicable color; latest date as tie-breaker,Existing selected report retained; one report per Supplier + Article,RSL report expired
EVEREST,EVEREST,EVEREST,Everest-Taiwan,SP27 INTERNATIONAL TESTING MASTER - Everest.xlsx,FVF5173QDPR,Maverick Sublimation Printed - F0885,Fabric,woven,100% Polyester,V3016; V3087,PO-00039849; PO-00040468; PO-00040554; PO-00040592; PO-00040951; PO-00041015; PO-00041145; PO-00041283; PO-00041285,TXC1818/2025/CI,12/22/2025,12/22/2026,Valid,TRF5L026676,EVEREST TEXTILE CO LTD,EVEREST TEXTILE CO LTD,NAVY,Pass,Mapped,B - Style + T2,Medium,Selected by: eligible mapping; Pass/issued preferred; darkest color preferred; newest report used as later tie-breaker. Source: Article RSL Master; 4 candidate report(s).,,Pass + Report Issued; darkest applicable color; latest date as tie-breaker,Existing selected report retained; one report per Supplier + Article,Select 3 darkest colors for composite testing
EVEREST,EVEREST,EVEREST,Everest-Taiwan,SP27 INTERNATIONAL TESTING MASTER - Everest.xlsx,GA1606QD,Silky Pinstripe - F0081,Fabric,woven,88% Polyester 12% Elastane,VW3015; VW4403; VW4403L; VW4403S,PO-00033481; PO-00030574; PO-00030654; PO-00030709; PO-00030844; PO-00031009; PO-00031258; PO-00031273; PO-00031305; PO-00031539; PO-00031572; PO-00031975; PO-00032138; PO-00032155; PO-00032162; PO-00032309; PO-00032361; PO-00033225; PO-00033226; PO-00033227; PO-00033228; PO-00033229; PO-00033230; PO-00037382; PO-00037399,TX20910/2026/CI,2/13/2026,2/13/2027,Valid,TRF6B003707,EVEREST TEXTILE CO LTD,EVEREST TEXTILE CO LTD,French Roast Pinstripe,Pass,Mapped,B - Style + T2,Medium,Selected by: eligible mapping; Pass/issued preferred; darkest color preferred; newest report used as later tie-breaker. Source: Article RSL Master; 3 candidate report(s).,,Pass + Report Issued; darkest applicable color; latest date as tie-breaker,Existing selected report retained; one report per Supplier + Article,Select 3 darkest colors for composite testing
EVEREST,EVEREST,EVEREST,Everest-Taiwan,SP27 INTERNATIONAL TESTING MASTER - Everest.xlsx,GA1662QD,Silky Avery Plaid - F1069,Fabric,woven,88% Polyester 12% Elastane,VW3015,PO-00041552; PO-00041579; PO-00041580; PO-00041616; PO-00041661; PO-00042164,TX72621/2026/TY-Amendment,7/27/2026,7/27/2027,Valid,TRF6G038182,EVEREST TEXTILE CO LTD,EVEREST TEXTILE CO LTD,Dark Pewter Avery Plaid,Pass,Mapped,B - Style + T2,Medium,Selected by: eligible mapping; Pass/issued preferred; darkest color preferred; newest report used as later tie-breaker. Source: Article RSL Master; 2 candidate report(s).,,Pass + Report Issued; darkest applicable color; latest date as tie-breaker,Existing selected report retained; one report per Supplier + Article,Select 3 darkest colors for composite testing
EVEREST,EVEREST,EVEREST,Everest - Fabric-Quote,SP27 INTERNATIONAL TESTING MASTER - Everest.xlsx,FVF6245PNF-RFSH,Power Moves Track Pant - Heavier - F1237,Fabric,woven,88% Polyamide (Recycled) 12% Elastane,V3146; V4136,PO-00039508; PO-00039544; PO-00039638; PO-00039711; PO-00039836; PO-00039853; PO-00040425; PO-00040464; PO-00040872; PO-00040881; PO-00040948; PO-00041205; PO-00041228; PO-00042394; PO-00042510; PO-00042511,TX74157/2026/TY-Amendment,8/19/2026,8/11/2027,Valid,TRF6G059419,EVEREST TEXTILE CO LTD,EVEREST TEXTILE CO LTD,,,Mapped,,Mapped,No exact Article reference or sufficiently strong Style + T2 match found in SGS export. No mapped RSL report; manual follow-up required.,,Pass + Report Issued; darkest applicable color; latest date as tie-breaker,Existing selected report retained; one report per Supplier + Article,Submit RSL report
FAR EASTERN,FAR EASTERN,FAR EASTERN,Far Eastern-TW,SP27 INTERNATIONAL TESTING MASTER - Far Eastern.xlsx,RP3M0168-WA03AT,Strato Mesh Semi Dull Soft - Solid - F0253,Fabric,knit,94% Polyester (Recycled) 6% Polyester,V1150; V1156; V1184,PO-00033412; PO-00032825; PO-00032830; PO-00032833; PO-00032849; PO-00032856; PO-00032861; PO-00032875; PO-00032878; PO-00032883; PO-00032887; PO-00032890; PO-00032893; PO-00032895; PO-00032914; PO-00032915; PO-00032916; PO-00032919; PO-00032930; PO-00032937; PO-00032940; PO-00032945; PO-00032949; PO-00032965; PO-00032970; PO-00032978; PO-00032981; PO-00032988; PO-00033000; PO-00033005; PO-00033986; PO-00033987; PO-00035096; PO-00035104; PO-00035326; PO-00035345; PO-00035346; PO-00035467; PO-00035468; PO-00035830; PO-00035836; PO-00036003; PO-00036012; PO-00033719; PO-00033797; PO-00037339; PO-00038561; PO-00038679; PO-00038792; PO-00038824; PO-00038956; PO-00039058; PO-00039086; PO-00039436; PO-00039581; PO-00039793; PO-00040127; PO-00040241; PO-00040335; PO-00041058; PO-00041061; PO-00041190; PO-00041416,TX21432/2026/JU,2/25/2026,2/25/2027,Valid,TRF6B017602,FAR EASTERN NEW CENTURY CORPORATION,FAR EASTERN NEW CENTURY CORPORATION,BLACK,Pass,Mapped,B - Style + T2,Medium,Selected by: eligible mapping; Pass/issued preferred; darkest color preferred; newest report used as later tie-breaker. Source: Article RSL Master; 4 candidate report(s).,,Pass + Report Issued; darkest applicable color; latest date as tie-breaker,Existing selected report retained; one report per Supplier + Article,Select 3 darkest colors for composite testing
HANNICE,HANNICE,HANNICE,Hannice-China,SP27 INTERNATIONAL TESTING MASTER -Hannice.xlsx,DTA03772S01,Cove Cottony Rib Solid - F0415,Fabric,knit,54% Cotton (Organic) 37% Viscose 9% Elastane,VW1619; VW1649; VW1674; VW642,PO-00030894; PO-00032244; PO-00032509; PO-00032876; PO-00032880; PO-00032881; PO-00032912; PO-00032927; PO-00032957; PO-00034095; PO-00034176; PO-00034992; PO-00035154; PO-00035885; PO-00036514; PO-00037408; PO-00038576; PO-00038808; PO-00040408; PO-00040730; PO-00041600,SL52605295094301TX,3/17/2026,3/17/2027,Valid,TRF6C010572,Fuzhou Juyao Trade Co.Ltd,,,,Mapped,,Unmapped,No exact Article reference or sufficiently strong Style + T2 match found in SGS export. No mapped RSL report; manual follow-up required.,,Pass + Report Issued; darkest applicable color; latest date as tie-breaker,Existing selected report retained; one report per Supplier + Article,Select 3 darkest colors for composite testing
HANNICE,HANNICE,HANNICE,Hannice-China,SP27 INTERNATIONAL TESTING MASTER -Hannice.xlsx,DTR03773S02,Feather Stretch Rib Solid Singed - F0412,Fabric,knit,47% Cotton (Organic) 47% Modal 6% Elastane,VW1443; VW1476; VW1558; VW1620; VW1638; VW1651; VW1711; VW1794,PO-00030422; PO-00030592; PO-00030597; PO-00030662; PO-00030695; PO-00030874; PO-00030932; PO-00031104; PO-00031252; PO-00031263; PO-00031397; PO-00031400; PO-00031505; PO-00031520; PO-00031521; PO-00031625; PO-00031940; PO-00031992; PO-00032015; PO-00032133; PO-00032499; PO-00032731; PO-00032870; PO-00033036; PO-00033052; PO-00033055; PO-00033074; PO-00033076; PO-00033093; PO-00033251; PO-00034264; PO-00034357; PO-00034362; PO-00034363; PO-00034419; PO-00034860; PO-00035173; PO-00035214; PO-00035393; PO-00035483; PO-00035484; PO-00035738; PO-00035752; PO-00035930; PO-00036296; PO-00036678; PO-00036682; PO-00036700; PO-00037198; PO-00036676; PO-00036681; PO-00037310; PO-00037371; PO-00038635; PO-00038951; PO-00039020; PO-00039027; PO-00039416; PO-00039429; PO-00039458; PO-00039516; PO-00039694; PO-00039784; PO-00039858; PO-00039878; PO-00039909; PO-00039976; PO-00040027; PO-00040074; PO-00040147; PO-00040154; PO-00040180; PO-00040321; PO-00040436; PO-00040466; PO-00040581; PO-00040599; PO-00040736; PO-00040792; PO-00040960; PO-00041022; PO-00041105; PO-00041128; PO-00041161; PO-00041181; PO-00041182; PO-00041192; PO-00041331; PO-00041360; PO-00041876; PO-00041877; PO-00041878; PO-00042428; PO-00042458; PO-00042473; PO-00042108; PO-00042109; PO-00042550; PO-00042599,SL52605284141801TX,2/24/2026,2/24/2027,Valid,TRF6B019678,Fuzhou Juyao Trade Co.Ltd,"FUZHOU JUYAO TRADE CO., LTD",BLACK(660-930),Pass,Mapped,A - Exact Article,Medium,Selected by: eligible mapping; Pass/issued preferred; darkest color preferred; newest report used as later tie-breaker. Source: Article RSL Master; 1 candidate report(s).,,Pass + Report Issued; darkest applicable color; latest date as tie-breaker,Existing selected report retained; one report per Supplier + Article,Select 3 darkest colors for composite testing
HANNICE,HANNICE,HANNICE,Hannice - CN - Black Heather,SP27 INTERNATIONAL TESTING MASTER -Hannice.xlsx,DTR03690H02,Wool Gauze Heather - F1181,Fabric,knit,74% Lyocell 18% Wool 8% Elastane,VW1465; VW1723,PO-00038445; PO-00038468; PO-00038485; PO-00038527; PO-00038547; PO-00038621; PO-00038674; PO-00038701; PO-00038856; PO-00038987; PO-00039012; PO-00039138; PO-00042461,,,,In Process,TRF6H027622,FUJIAN HANNICE TEXTILE CO.LTD,FUJIAN HANNICE TEXTILE CO.LTD,,,Mapped,,Unmapped,No exact Article reference or sufficiently strong Style + T2 match found in SGS export. No mapped RSL report; manual follow-up required.,,Pass + Report Issued; darkest applicable color; latest date as tie-breaker,Existing selected report retained; one report per Supplier + Article,Submit RSL report
HYPERBOLA,HYPERBOLA,HYPERBOLA,Hyperbola-Quote,FA26 INTERNATIONAL TESTING MASTER - Hyperbola 20260107.xlsx,DB315,Bonded Lou Sherpa Solid - F0821,Fabric,knit,100% Polyester (Recycled),VW5178,PO-00036417; PO-00036472,TX11463/2026/YA,1/21/2026,1/21/2027,Valid,TRF6A023052,"HYPERBOLA TEXTILE CO., LTD","HYPERBOLA TEXTILE CO., LTD",BLACK,Pass,Mapped,A - Exact Article,High,Selected by: eligible mapping; Pass/issued preferred; darkest color preferred; newest report used as later tie-breaker. Source: Article RSL Master; 1 candidate report(s).,,Pass + Report Issued; darkest applicable color; latest date as tie-breaker,Existing selected report retained; one report per Supplier + Article,Select 3 darkest colors for composite testing
HYPERBOLA,HYPERBOLA,HYPERBOLA,Hyperbola-China,FA26 INTERNATIONAL TESTING MASTER - Hyperbola 20260107.xlsx,SP2126-R,Lou Solid - F0044,Fabric,knit,100% Polyester (Recycled),V5053; VW5151,PO-00033919; PO-00034708; PO-00034709; PO-00034714; PO-00034737; PO-00034876; PO-00035039; PO-00035150; PO-00035611; PO-00035612; PO-00035922; PO-00042258; PO-00042326; PO-00036348,TX42330/2026/LI,4/27/2026,4/27/2027,Valid,TRF6D046356,"HYPERBOLA TEXTILE CO., LTD","HYPERBOLA TEXTILE CO., LTD",Black,Pass,Mapped,A - Exact Article,High,Selected by: eligible mapping; Pass/issued preferred; darkest color preferred; newest report used as later tie-breaker. Source: Article RSL Master; 2 candidate report(s).,,Pass + Report Issued; darkest applicable color; latest date as tie-breaker,Existing selected report retained; one report per Supplier + Article,Select 3 darkest colors for composite testing
INDOTAICHEN,INDO TAICHEN,INDOTAICHEN,"Indotaichen-Indonesia - 20,000y-34,000y",SP27 INTERNATIONAL TESTING MASTER - Indotaichen.xlsx,DKI-24057,Galaxy Solid - F0249,Fabric,knit,56% Cotton (Organic) 40% Polyester (Recycled) 4% Elastane,V2086; V2087; V4092; V419228; V5093; VW2220; VW2222; VW4529; VW4529L; VW4529S,PO-00033959; PO-00034286; PO-00034287; PO-00034413; PO-00034415; PO-00034454; PO-00034455; PO-00034540; PO-00034541; PO-00034781; PO-00034782; PO-00034835; PO-00034836; PO-00034837; PO-00034930; PO-00035012; PO-00035033; PO-00035169; PO-00035170; PO-00035290; PO-00035315; PO-00035324; PO-00035419; PO-00035524; PO-00035525; PO-00035533; PO-00035556; PO-00035700; PO-00035734; PO-00035783; PO-00035926; PO-00035927; PO-00035961; PO-00035981; PO-00035982; PO-00042219; PO-00042281; PO-00033824; PO-00033825; PO-00033826; PO-00034565; PO-00034567; PO-00034606; PO-00034716; PO-00034717; PO-00034723; PO-00034756; PO-00034758; PO-00034786; PO-00034796; PO-00034878; PO-00034881; PO-00035040; PO-00035049; PO-00035402; PO-00035405; PO-00035614; PO-00035616; PO-00036054; PO-00036075; PO-00042220; PO-00042221; PO-00042283; PO-00036267; PO-00036272; PO-00036276; PO-00036338; PO-00036539; PO-00036544; PO-00036545; PO-00036557; PO-00036570; PO-00036575; PO-00036582; PO-00036586; PO-00036591; PO-00036595; PO-00036602; PO-00036625; PO-00036249; PO-00036250; PO-00036775; PO-00036913; PO-00036917,JAKCP260007360,4/10/2026,4/10/2027,Valid,TRF6C052933,PT.INDO TAICHEN TEXTILE INDUSTRY,,,,Mapped,,Unmapped,No exact Article reference or sufficiently strong Style + T2 match found in SGS export. No mapped RSL report; manual follow-up required.,,Pass + Report Issued; darkest applicable color; latest date as tie-breaker,Existing selected report retained; one report per Supplier + Article,Select 3 darkest colors for composite testing
INDOTAICHEN,INDO TAICHEN,INDOTAICHEN,Indotaichen- SP26 Q1 & Q2,SP27 INTERNATIONAL TESTING MASTER - Indotaichen.xlsx,SPQ-24039,Proper Heather - F0070,Fabric,knit,57% Cotton 43% Polyester (Recycled),V1101,PO-00031827; PO-00035522; PO-00035523,JAKCP260002194,2/4/2026,2/4/2027,Valid,TRF6A050823,PT.INDO TAICHEN TEXTILE IND,PT.INDO TAICHEN TEXTILE IND,,Pass,Mapped,,Unmapped,No exact Article reference or sufficiently strong Style + T2 match found in SGS export. No mapped RSL report; manual follow-up required.,,Pass + Report Issued; darkest applicable color; latest date as tie-breaker,Existing selected report retained; one report per Supplier + Article,Select 3 darkest colors for composite testing
INDOTAICHEN,INDO TAICHEN,INDOTAICHEN,Indotaichen- SP26 Q1 & Q2,SP27 INTERNATIONAL TESTING MASTER - Indotaichen.xlsx,SPQ-24051,Proper Opt 1 Solid - F0661,Fabric,knit,57% Cotton 43% Polyester (Recycled),V1101; V1106; V1107,PO-00030598; PO-00030799; PO-00031624; PO-00031736; PO-00031871; PO-00031916; PO-00032372; PO-00034453; PO-00035522; PO-00035523; PO-00042304; PO-00042689; PO-00042690,JAKCP260002194,2/4/2026,2/4/2027,Valid,TRF6A050823,PT.INDO TAICHEN TEXTILE IND,PT.INDO TAICHEN TEXTILE IND,,Pass,Mapped,,Unmapped,No exact Article reference or sufficiently strong Style + T2 match found in SGS export. No mapped RSL report; manual follow-up required.,,Pass + Report Issued; darkest applicable color; latest date as tie-breaker,Existing selected report retained; one report per Supplier + Article,Select 3 darkest colors for composite testing
INDOTAICHEN,INDO TAICHEN,INDOTAICHEN,Indotaichen-Indonesia,SP27 INTERNATIONAL TESTING MASTER - Indotaichen.xlsx,SPQ-25045,Proper PFD - F0626,Fabric,knit,57% Cotton 43% Polyester (Recycled),V1101; V1107,PO-00030475; PO-00030777; PO-00031198; PO-00031554; PO-00031703; PO-00032011; PO-00032346; PO-00042301; PO-00037410; PO-00042533; PO-00042534; PO-00042535; PO-00042536; PO-00042537; PO-00042538; PO-00042539,JAKCP260001718 ,1/29/2026,1/29/2027,Valid,TRF6A035365,PT.INDO TAICHEN TEXTILE IND,PT.INDO TAICHEN TEXTILE IND,,Pass,Mapped,,Unmapped,No exact Article reference or sufficiently strong Style + T2 match found in SGS export. No mapped RSL report; manual follow-up required.,,Pass + Report Issued; darkest applicable color; latest date as tie-breaker,Existing selected report retained; one report per Supplier + Article,Select 3 darkest colors for composite testing
INDOTAICHEN,INDO TAICHEN,INDOTAICHEN,Indotaichen - Indonesia,SP27 INTERNATIONAL TESTING MASTER - Indotaichen.xlsx,DKI-26015,Galaxy BCI Solid - F1364,Fabric,knit,40% Cotton (Organic) 38% Polyester (Recycled) 18% Cotton 4% Elastane,V2086; V2087; V2156; V3187; V4092; V419228,PO-00038549; PO-00038669; PO-00038682; PO-00038703; PO-00038751; PO-00038760; PO-00038783; PO-00039214; PO-00042449; PO-00042515; PO-00038470; PO-00038639; PO-00038655; PO-00038681; PO-00038715; PO-00038970; PO-00039028; PO-00039033; PO-00038816; PO-00038827; PO-00038880; PO-00038962; PO-00039159; PO-00039639; PO-00039656; PO-00039666; PO-00039829; PO-00039892; PO-00039906; PO-00040261; PO-00040287; PO-00040312; PO-00040315; PO-00040508; PO-00040837; PO-00040939; PO-00041019; PO-00041029; PO-00041091; PO-00041131; PO-00041254; PO-00041378; PO-00041543; PO-00041569; PO-00041577; PO-00041603; PO-00041631; PO-00041632; PO-00040111; PO-00040240; PO-00040328; PO-00040465; PO-00041454,JAKCP260018348,8/20/2026,8/20/2027,Valid,TRF6H017272,PT.INDO TAICHEN TEXTILE IND,PT.INDO TAICHEN TEXTILE IND,,Pass,Mapped,,Unmapped,No exact Article reference or sufficiently strong Style + T2 match found in SGS export. No mapped RSL report; manual follow-up required.,,Pass + Report Issued; darkest applicable color; latest date as tie-breaker,Existing selected report retained; one report per Supplier + Article,Submit RSL report
INTAI,INTAI,INTAI,Intai-Quote,FA26 INTERNATIONAL TESTING MASTER - Intai.xlsx,RK0004,Acid Washed Lounge Top Seamless - F1018,Fabric,knit,67% Modal 24% Polyamide 9% Elastane,VW1659; VW1660; VW1726,PO-00039424; PO-00039571; PO-00039674; PO-00039687; PO-00039863; PO-00040008; PO-00040118; PO-00040210; PO-00040470; PO-00040648; PO-00040980; PO-00041011; PO-00041081; PO-00041121; PO-00041126; PO-00041246; PO-00041355; PO-00042127; PO-00042128; PO-00042155,SL72607301839501TX,4/20/2026,4/20/2027,Valid,TRF6D024781,"SHAOXING INTAI GARMENT CO.,LTD","SHAOXING INTAI GARMENT CO.,LTD",DARK PEWTER,Pass,Mapped,B - Style + T2,Medium,Selected by: eligible mapping; Pass/issued preferred; darkest color preferred; newest report used as later tie-breaker. Source: Article RSL Master; 1 candidate report(s).,,Pass + Report Issued; darkest applicable color; latest date as tie-breaker,Existing selected report retained; one report per Supplier + Article,Select 3 darkest colors for composite testing
INTAI,INTAI,INTAI,Intai-Quote,FA26 INTERNATIONAL TESTING MASTER - Intai.xlsx,VR0300LY,Pointelle Compression Bottom - Seamless - F0807,Fabric,knit,92% Polyamide 8% Elastane,VW1455; VW3202,PO-00030425; PO-00030485; PO-00031025; PO-00031108; PO-00031590; PO-00031689; PO-00031867; PO-00031949,SL72607291471501TX,4/2/2026,4/2/2027,Valid,TRF6C049471,"SHAOXING INTAI GARMENT CO.,LTD","SHAOXING INTAI GARMENT CO.,LTD",Black,Pass,Mapped,B - Style + T2,Medium,Selected by: eligible mapping; Pass/issued preferred; darkest color preferred; newest report used as later tie-breaker. Source: Article RSL Master; 4 candidate report(s).,,Pass + Report Issued; darkest applicable color; latest date as tie-breaker,Existing selected report retained; one report per Supplier + Article,Select 3 darkest colors for composite testing
INTAI,INTAI,INTAI,Intai-Quote,FA26 INTERNATIONAL TESTING MASTER - Intai.xlsx,VR0378LY,Pointelle Compression Bottom - Seamless - F0807,Fabric,knit,92% Polyamide 8% Elastane,VW1455; VW3202,PO-00030425; PO-00030485; PO-00031025; PO-00031108; PO-00031590; PO-00031689; PO-00031867; PO-00031949,SL72607291471901TX,4/3/2026,4/3/2027,Valid,TRF6C049594,"SHAOXING INTAI GARMENT CO.,LTD","SHAOXING INTAI GARMENT CO.,LTD",Black,Pass,Mapped,B - Style + T2,Medium,Selected by: eligible mapping; Pass/issued preferred; darkest color preferred; newest report used as later tie-breaker. Source: Article RSL Master; 4 candidate report(s).,,Pass + Report Issued; darkest applicable color; latest date as tie-breaker,Existing selected report retained; one report per Supplier + Article,Select 3 darkest colors for composite testing
INTAI,INTAI,INTAI,Intai-Quote,FA26 INTERNATIONAL TESTING MASTER - Intai.xlsx,VR395LY,Unwashed Lounge Top - Seamless - F1566,Fabric,knit,67% Viscose 24% Polyamide 9% Elastane,VW1659; VW1660; VW1726; VW3338; VW4581,PO-00039422; PO-00039474; PO-00039571; PO-00039628; PO-00039674; PO-00039687; PO-00039772; PO-00039863; PO-00039905; PO-00040008; PO-00040118; PO-00040210; PO-00040430; PO-00040470; PO-00040513; PO-00040648; PO-00040980; PO-00041126; PO-00041244; PO-00041246; PO-00042435; PO-00042127; PO-00042128; PO-00042153; PO-00042155; PO-00042160,,,,In Development,,"SHAOXING INTAI GARMENT CO.,LTD","SHAOXING INTAI GARMENT CO.,LTD",DARK PEWTER,Pass,Mapped,B - Style + T2,Medium,Selected by: eligible mapping; Pass/issued preferred; darkest color preferred; newest report used as later tie-breaker. Source: Article RSL Master; 1 candidate report(s).,,Pass + Report Issued; darkest applicable color; latest date as tie-breaker,Existing selected report retained; one report per Supplier + Article,Select 3 darkest colors for composite testing
INTAI,INTAI,INTAI,Intai-Quote,FA26 INTERNATIONAL TESTING MASTER - Intai.xlsx,IT0075,Acid Washed Lounge Pant Seamless - F1019,Fabric,knit,70% Modal 21% Polyamide 9% Elastane,VW3338; VW4581,PO-00039628; PO-00039772; PO-00039905; PO-00040430; PO-00040487; PO-00040513; PO-00040537; PO-00041244; PO-00042435; PO-00042153; PO-00042160,,,,In Development,,"SHAOXING INTAI GARMENT CO.,LTD","SHAOXING INTAI GARMENT CO.,LTD",,,No Candidate Found,,Unmapped,No exact Article reference or sufficiently strong Style + T2 match found in SGS export. No mapped RSL report; manual follow-up required.,,Pass + Report Issued; darkest applicable color; latest date as tie-breaker,Existing selected report retained; one report per Supplier + Article,Submit RSL report
J AND B,J&B,J AND B,J&B-China,SP27 INTERNATIONAL TESTING MASTER - J&B 20260623.xlsx,JBCD01322HS-02,Latte Heather - F0338,Fabric,woven,62% Polyester (Recycled) 32% Viscose 6% Elastane,V2094,PO-00034016; PO-00034274; PO-00034548; PO-00035652,SL32603311851001TX,5/25/2026,5/25/2027,Valid,TRF6E030475,"SUZHOU ZHENSHENG TEXTILE CO., LTD",,,Pass,Mapped,,Unmapped,No exact Article reference or sufficiently strong Style + T2 match found in SGS export. No mapped RSL report; manual follow-up required.,,Pass + Report Issued; darkest applicable color; latest date as tie-breaker,Existing selected report retained; one report per Supplier + Article,Select 3 darkest colors for composite testing
J AND B,J&B,J AND B,J&B-China,SP27 INTERNATIONAL TESTING MASTER - J&B 20260623.xlsx,JBCP00686HS-01,Glacier Heather - F0255,Fabric,knit,61% Viscose 29% Polyamide 6% Polyester 4% Elastane,V5092,PO-00034188; PO-00034487; PO-00035090; PO-00036036,SL32603311677301TX,5/16/2026,5/16/2027,Valid,TRF6E013576,SUZHOU ZHENSHENG TEXTILE,,,Pass,Mapped,,Unmapped,No exact Article reference or sufficiently strong Style + T2 match found in SGS export. No mapped RSL report; manual follow-up required.,,Pass + Report Issued; darkest applicable color; latest date as tie-breaker,Existing selected report retained; one report per Supplier + Article,Select 3 darkest colors for composite testing
J AND B,J&B,J AND B,J&B-Taiwan -SP26,SP27 INTERNATIONAL TESTING MASTER - J&B 20260623.xlsx,JBTG00031BU-00,Match Point Solid  - F0236,Fabric,woven,89% Polyamide 11% Elastane,V3121; V3169; V4161; V5070; V5110,PO-00033448; PO-00033458; PO-00036222; PO-00030404; PO-00030461; PO-00030609; PO-00030645; PO-00030682; PO-00030868; PO-00030957; PO-00031053; PO-00031207; PO-00031222; PO-00031371; PO-00031569; PO-00031613; PO-00031656; PO-00031955; PO-00032033; PO-00032128; PO-00032360; PO-00032486; PO-00032584; PO-00032632; PO-00032741; PO-00037351; PO-00037360; PO-00039410; PO-00039413; PO-00039609; PO-00039644; PO-00039737; PO-00039816; PO-00039886; PO-00040260; PO-00040742; PO-00041046; PO-00041100; PO-00041185; PO-00041188; PO-00041223; PO-00041889; PO-00041896; PO-00041899; PO-00041903; PO-00041906; PO-00041907; PO-00041908,TX21139/2026/CI,2/24/2026,2/24/2027,Valid,TRF6B011761,J&B INTERNATIONAL LTD. TAIWAN BRANCH,J&B INTERNATIONAL LTD. TAIWAN BRANCH,INK,Pass,Mapped,B - Style + T2,Medium,Selected by: eligible mapping; Pass/issued preferred; darkest color preferred; newest report used as later tie-breaker. Source: Article RSL Master; 1 candidate report(s).,,Pass + Report Issued; darkest applicable color; latest date as tie-breaker,Existing selected report retained; one report per Supplier + Article,Select 3 darkest colors for composite testing
J AND B,J&B,J AND B,J&B VN,SP27 INTERNATIONAL TESTING MASTER - J&B 20260623.xlsx,JBVF00138HB-07 #104 1mm,Kore #104 1mm Perforated Solid - F0090,Fabric,woven,86% Polyester (Recycled) 14% Elastane,V3112; V31125; V3170,PO-00030463; PO-00030775; PO-00030809; PO-00030920; PO-00031237; PO-00031339; PO-00031441; PO-00031444; PO-00032019; PO-00032125; PO-00032204; PO-00032261; PO-00032398; PO-00032503; PO-00034214; PO-00035025; PO-00035200; PO-00035676; PO-00035691; PO-00035844; PO-00036081; PO-00037174; PO-00037173; PO-00037348; PO-00038854; PO-00038882; PO-00039168; PO-00039230; PO-00039253; PO-00039299; PO-00042381; PO-00042382; PO-00038503; PO-00038642; PO-00038802; PO-00038835; PO-00038847; PO-00042514; PO-00039417; PO-00039456; PO-00039610; PO-00039668; PO-00039738; PO-00039912; PO-00039929; PO-00040033; PO-00040098; PO-00040204; PO-00040224; PO-00040226; PO-00040250; PO-00040419; PO-00040461; PO-00040491; PO-00040492; PO-00040615; PO-00040650; PO-00040708; PO-00040741; PO-00040830; PO-00040855; PO-00041052; PO-00041337; PO-00041387; PO-00042647,SL01260200566401TX,2/25/2026,2/25/2027,Valid,TRF6B010507,J&B INTERNATIONAL LTD. TAIWAN BRANCH,J&B INTERNATIONAL LTD. TAIWAN BRANCH,BLACK,Pass,Mapped,B - Style + T2,Medium,Selected by: eligible mapping; Pass/issued preferred; darkest color preferred; newest report used as later tie-breaker. Source: Article RSL Master; 6 candidate report(s).,,Pass + Report Issued; darkest applicable color; latest date as tie-breaker,Existing selected report retained; one report per Supplier + Article,Select 3 darkest colors for composite testing
J AND B,J&B,J AND B,J&B VN,SP27 INTERNATIONAL TESTING MASTER - J&B 20260623.xlsx,JBVF00138HB-13,Kore #104 1mm Perforated Digital Printed - F1328,Fabric,woven,86% Polyester (Recycled) 14% Elastane,V3112; V31125,PO-00039610; PO-00039668; PO-00040461; PO-00040491; PO-00040650,SL01260803070601TX,8/12/2026,8/12/2027,Valid,TRF6H007141,J&B INTERNATIONAL LTD. TAIWAN BRANCH,J&B INTERNATIONAL LTD. TAIWAN BRANCH,BLACK,Pass,Mapped,A - Exact Article,High,Selected by: eligible mapping; Pass/issued preferred; darkest color preferred; newest report used as later tie-breaker. Source: Article RSL Master; 6 candidate report(s).,,Pass + Report Issued; darkest applicable color; latest date as tie-breaker,Existing selected report retained; one report per Supplier + Article,Select 3 darkest colors for composite testing
J AND B,J&B,J AND B,J&B - VN,SP27 INTERNATIONAL TESTING MASTER - J&B 20260623.xlsx,JBVF00143HB-03,Banks Solid  - F0176,Fabric,woven,88% Polyester (Recycled) 12% Elastane,V3070; V3093; V3140; V3167; V3192; V3194; V330; V5107,PO-00031635; PO-00031850; PO-00032312; PO-00030413; PO-00030561; PO-00030803; PO-00030984; PO-00031115; PO-00031983; PO-00032674; PO-00032725; PO-00032785; PO-00037346; PO-00038443; PO-00038653; PO-00038826; PO-00038845; PO-00038901; PO-00039076; PO-00039411; PO-00039634; PO-00039654; PO-00039828; PO-00039982; PO-00039984; PO-00040044; PO-00040184; PO-00040434; PO-00040440; PO-00040443; PO-00040501; PO-00040534; PO-00040587; PO-00040618; PO-00040687; PO-00040688; PO-00040694; PO-00040718; PO-00040954; PO-00041005; PO-00041224; PO-00041880; PO-00041884; PO-00041892; PO-00041894; PO-00041898; PO-00041901; PO-00041905; PO-00041915; PO-00042543; PO-00042688; PO-00042687; PO-00042686,SL01260100420001TX,2/6/2026,2/6/2027,Valid,TRF6A054952,J&B INTERNATIONAL LTD. TAIWAN BRANCH,J&B INTERNATIONAL LTD. TAIWAN BRANCH,BLACK,Pass,Mapped,B - Style + T2,Medium,Selected by: eligible mapping; Pass/issued preferred; darkest color preferred; newest report used as later tie-breaker. Source: Article RSL Master; 13 candidate report(s).,,Pass + Report Issued; darkest applicable color; latest date as tie-breaker,Existing selected report retained; one report per Supplier + Article,Select 3 darkest colors for composite testing
J AND B,J&B,J AND B,J&B-VN,SP27 INTERNATIONAL TESTING MASTER - J&B 20260623.xlsx,JBVF00143HB-04,Banks Digital Printed - F0835,Fabric,woven,88% Polyester (Recycled) 12% Elastane,V3070; V3093; V314; V3140; V3167; V3194,PO-00033389; PO-00031032; PO-00031497; PO-00031635; PO-00031850; PO-00032017; PO-00032312; PO-00032626; PO-00031103; PO-00031115; PO-00031502; PO-00031573; PO-00031978; PO-00031983; PO-00032089; PO-00032185; PO-00032725; PO-00032777; PO-00032823; PO-00032882; PO-00032934; PO-00032994; PO-00033001; PO-00034292; PO-00037296; PO-00037346; PO-00037347; PO-00037353; PO-00039401; PO-00039411; PO-00039634; PO-00039828; PO-00040024; PO-00040044; PO-00040165; PO-00040434; PO-00040440; PO-00040443; PO-00040500; PO-00040501; PO-00040618; PO-00040694; PO-00040718; PO-00040779; PO-00040933; PO-00041414,TXA2932/2025/AC,11/4/2025,11/4/2026,Valid,TRF5J032326,J&B INTERNATIONAL LTD. TAIWAN BRANCH,J&B INTERNATIONAL LTD. TAIWAN BRANCH,DARK CYAN,Pass,Mapped,B - Style + T2,Medium,Selected by: eligible mapping; Pass/issued preferred; darkest color preferred; newest report used as later tie-breaker. Source: Article RSL Master; 20 candidate report(s).,,Pass + Report Issued; darkest applicable color; latest date as tie-breaker,Existing selected report retained; one report per Supplier + Article,Select 3 darkest colors for composite testing
J AND B,J&B,J AND B,J&B-Quote,SP27 INTERNATIONAL TESTING MASTER - J&B 20260623.xlsx,JBVF00143HB-11,Perforated Banks Solid - F1041,Fabric,woven,88% Polyester (Recycled) 12% Elastane,V3168,PO-00039450; PO-00039777; PO-00040073; PO-00040682; PO-00040771; PO-00040898,SL01260803071101TX,8/12/2026,8/12/2027,Valid,TRF6H007107,J&B INTERNATIONAL LTD. TAIWAN BRANCH,J&B INTERNATIONAL LTD. TAIWAN BRANCH,BLUE SHORE,Pass,Mapped,B - Style + T2,Medium,Selected by: eligible mapping; Pass/issued preferred; darkest color preferred; newest report used as later tie-breaker. Source: Article RSL Master; 1 candidate report(s).,,Pass + Report Issued; darkest applicable color; latest date as tie-breaker,Existing selected report retained; one report per Supplier + Article,Select 3 darkest colors for composite testing
J AND B,J&B,J AND B,J&B-Vietnam,SP27 INTERNATIONAL TESTING MASTER - J&B 20260623.xlsx,JBVF00144HB-04,Clementine Vn Wet Printed - F0604,Fabric,woven,88% Polyester (Recycled) 12% Elastane,V3114; VW3162; VW3163,PO-00030667; PO-00031282; PO-00031518; PO-00031944; PO-00032326; PO-00032351; PO-00032692; PO-00036412; PO-00036413; PO-00036415; PO-00036423; PO-00036435; PO-00039889; PO-00040113; PO-00040178; PO-00040644; PO-00040816; PO-00040988; PO-00041123; PO-00041133; PO-00041235; PO-00042090; PO-00042091,SL01260401290901TX,4/21/2026,4/21/2027,Valid,TRF6D019029,J&B INTERNATIONAL LTD. TAIWAN BRANCH,J&B INTERNATIONAL LTD. TAIWAN BRANCH,BAYSIDE STRIPE-INK,Pass,Mapped,B - Style + T2,Medium,Selected by: eligible mapping; Pass/issued preferred; darkest color preferred; newest report used as later tie-breaker. Source: Article RSL Master; 10 candidate report(s).,,Pass + Report Issued; darkest applicable color; latest date as tie-breaker,Existing selected report retained; one report per Supplier + Article,Select 3 darkest colors for composite testing
J AND B,J&B,J AND B,J&B-Quote,SP27 INTERNATIONAL TESTING MASTER - J&B 20260623.xlsx,JBVF00160HB-01,Banks Linen Texture Heather Resourcing - F0464,Fabric,woven,90% Polyester (Recycled) 10% Elastane,V3070; V3140; V3167; V3192; V3194; V330; V5148,PO-00030561; PO-00030984; PO-00031115; PO-00031351; PO-00031502; PO-00031834; PO-00031978; PO-00031983; PO-00032674; PO-00032725; PO-00032729; PO-00034292; PO-00035715; PO-00039634; PO-00039654; PO-00039828; PO-00039982; PO-00039984; PO-00040044; PO-00040245; PO-00040434; PO-00040440; PO-00040443; PO-00040501; PO-00040534; PO-00040587; PO-00040618; PO-00040687; PO-00040688; PO-00040694; PO-00040718; PO-00040828; PO-00040954; PO-00041005; PO-00041139; PO-00041217; PO-00041234; PO-00041883; PO-00041897; PO-00041911; PO-00041912; PO-00041913; PO-00041920; PO-00041922; PO-00042459; PO-00042687,SL01260100420001TX,2/6/2026,2/6/2027,Valid,TRF6A054952,J&B INTERNATIONAL LTD. TAIWAN BRANCH,J&B INTERNATIONAL LTD. TAIWAN BRANCH,BLACK,Pass,Mapped,B - Style + T2,Medium,Selected by: eligible mapping; Pass/issued preferred; darkest color preferred; newest report used as later tie-breaker. Source: Article RSL Master; 8 candidate report(s).,,Pass + Report Issued; darkest applicable color; latest date as tie-breaker,Existing selected report retained; one report per Supplier + Article,Select 3 darkest colors for composite testing
J AND B,J&B,J AND B,J&B-Vietnam,SP27 INTERNATIONAL TESTING MASTER - J&B 20260623.xlsx,JBVI00258SA-01,Kensington Heather - F0404,Fabric,woven,61% Cotton (Organic) 37% Cotton 2% Elastane,VW1395,PO-00030650; PO-00031637; PO-00036675,SL01260401396501TX,4/24/2026,4/24/2027,Valid,TRF6D035668,J&B INTERNATIONAL LTD. TAIWAN BRANCH,J&B INTERNATIONAL LTD. TAIWAN BRANCH,OXFORD BLUE,Pass,Mapped,B - Style + T2,Medium,Selected by: eligible mapping; Pass/issued preferred; darkest color preferred; newest report used as later tie-breaker. Source: Article RSL Master; 3 candidate report(s).,,Pass + Report Issued; darkest applicable color; latest date as tie-breaker,Existing selected report retained; one report per Supplier + Article,Select 3 darkest colors for composite testing
J AND B,J&B,J AND B,J&B-Vietnam,SP27 INTERNATIONAL TESTING MASTER - J&B 20260623.xlsx,JBVI00258SA-02,Kensington Solid - F0516,Fabric,woven,61% Cotton (Organic) 37% Cotton 2% Elastane,VW1395; VW1557,PO-00030650; PO-00031637; PO-00032052; PO-00034193; PO-00034303; PO-00036675; PO-00036699,SL01260501747701TX,5/27/2026,5/27/2027,Valid,TRF6E020817,J&B INTERNATIONAL LTD. TAIWAN BRANCH,J&B INTERNATIONAL LTD. TAIWAN BRANCH,BLACK,Pass,Mapped,B - Style + T2,Medium,Selected by: eligible mapping; Pass/issued preferred; darkest color preferred; newest report used as later tie-breaker. Source: Article RSL Master; 4 candidate report(s).,,Pass + Report Issued; darkest applicable color; latest date as tie-breaker,Existing selected report retained; one report per Supplier + Article,Select 3 darkest colors for composite testing
J AND B,J&B,J AND B,J&B-J&B Opt 2,SP27 INTERNATIONAL TESTING MASTER - J&B 20260623.xlsx,JBCD02005HS-01,Dinkle Solid - F0659,Fabric,woven,90% Viscose 10% Polyamide,VW3303; VW4556; VW4556L; VW4556S,PO-00039420; PO-00039476; PO-00039546; PO-00039704; PO-00039761; PO-00039782; PO-00039877; PO-00040339; PO-00040526; PO-00040558; PO-00040617; PO-00040840; PO-00040845; PO-00040962; PO-00040991; PO-00041008; PO-00041095; PO-00042151; PO-00042152,SL32603343407301TX,8/20/2026,8/20/2027,Valid,TRF6G070544,J&B INTERNATIONAL LTD. TAIWAN BRANCH,J&B INTERNATIONAL LTD. TAIWAN BRANCH,,Pass,Mapped,B - Style + T2,Unmapped,No exact Article reference or sufficiently strong Style + T2 match found in SGS export. No mapped RSL report; manual follow-up required.,,Pass + Report Issued; darkest applicable color; latest date as tie-breaker,Existing selected report retained; one report per Supplier + Article,Submit RSL report
J AND B,J&B,J AND B,J&B-China,SP27 INTERNATIONAL TESTING MASTER - J&B 20260623.xlsx,JBCB00954FO-01,Extra Crinkle Cinque Solid  - F0188,Fabric,woven,100% Polyamide (Recycled),VW5037; VW5115,PO-00033461; PO-00030506; PO-00030738; PO-00031018; PO-00031037; PO-00031039; PO-00031277; PO-00031345; PO-00031658; PO-00031735; PO-00031879; PO-00032255; PO-00032522; PO-00032610; PO-00032685; PO-00035674; PO-00036764; PO-00037402; PO-00037405; PO-00037432; PO-00039414; PO-00039786; PO-00039959; PO-00040238; PO-00040520; PO-00040749; PO-00040794; PO-00041057; PO-00041673; PO-00041674; PO-00041675; PO-00041676; PO-00041677; PO-00041678; PO-00041679; PO-00041680; PO-00042429; PO-00042162,SL32503280721801TX,4/1/2025,4/1/2026,Expired,TRF5C022176,"SUZHOU ZHENSHENG TEXTILE CO., LTD","J&B INT'L HI-TECH TEXTILE & GARMENT SUPPLY CO., LTD.",KHAKI,Pass,Mapped,B - Style + T2,Medium,Selected by: eligible mapping; Pass/issued preferred; darkest color preferred; newest report used as later tie-breaker. Source: Article RSL Master; 1 candidate report(s).,,Pass + Report Issued; darkest applicable color; latest date as tie-breaker,Existing selected report retained; one report per Supplier + Article,RSL report expired
J AND B,J&B,J AND B,J&B-China,SP27 INTERNATIONAL TESTING MASTER - J&B 20260623.xlsx,JBCR00224BW-02,Trek 3L Solid - F0222,Fabric,composite,100% Polyester (Recycled),V8067; V8087,PO-00030753; PO-00030766; PO-00031031; PO-00031098; PO-00031390; PO-00031694; PO-00031695; PO-00032273; PO-00032283; PO-00032652; PO-00032706; PO-00032799; PO-00033975; PO-00036045; PO-00036096; PO-00036154; PO-00036188; PO-00039535; PO-00040385; PO-00040561; PO-00041468; PO-00042483,SL32503270392401TX,2/26/2025,2/26/2026,Expired,TRF5B017512,"SUZHOU ZHENSHENG TEXTILE CO., LTD","J&B INT'L HI-TECH TEXTILE & GARMENT SUPPLY CO., LTD.",BLACK,Pass,Mapped,B - Style + T2,Medium,Selected by: eligible mapping; Pass/issued preferred; darkest color preferred; newest report used as later tie-breaker. Source: Article RSL Master; 1 candidate report(s).,,Pass + Report Issued; darkest applicable color; latest date as tie-breaker,Existing selected report retained; one report per Supplier + Article,RSL report expired
J AND B,J&B,J AND B,J&B-China,SP27 INTERNATIONAL TESTING MASTER - J&B 20260623.xlsx,JBVD00329WE-02,GWP Coated Linen Solid  - F0238,Fabric,woven,55% Linen 45% Modal,V8079,PO-00031111; PO-00031423; PO-00032274; PO-00032776,SL32503270409301TX,3/3/2025,3/3/2026,Expired,,,,,,Mapped,,Unmapped,No exact Article reference or sufficiently strong Style + T2 match found in SGS export. No mapped RSL report; manual follow-up required.,,Pass + Report Issued; darkest applicable color; latest date as tie-breaker,Existing selected report retained; one report per Supplier + Article,RSL report expired
J AND B,J&B,J AND B,J&B-Vietnam,SP27 INTERNATIONAL TESTING MASTER - J&B 20260623.xlsx,JBVF00144HB-03,Clementine Solid Vn - F0241,Fabric,woven,88% Polyester (Recycled) 12% Elastane,V3114; V3139; VW3162; VW3163; VW3171; VW3236; VW3283; VW872,PO-00033515; PO-00030418; PO-00030667; PO-00030677; PO-00030836; PO-00031133; PO-00031168; PO-00031282; PO-00031518; PO-00031674; PO-00031708; PO-00031944; PO-00032035; PO-00032064; PO-00032271; PO-00032326; PO-00032351; PO-00032487; PO-00032578; PO-00032692; PO-00032788; PO-00030628; PO-00030725; PO-00030793; PO-00030911; PO-00030963; PO-00031077; PO-00031262; PO-00031675; PO-00031717; PO-00031734; PO-00031811; PO-00032081; PO-00032219; PO-00032496; PO-00032539; PO-00032559; PO-00032647; PO-00032671; PO-00032885; PO-00032901; PO-00032953; PO-00032964; PO-00032986; PO-00033004; PO-00033044; PO-00033045; PO-00033062; PO-00033067; PO-00033071; PO-00033082; PO-00033094; PO-00033310; PO-00033311; PO-00034018; PO-00035341; PO-00036079; PO-00033865; PO-00034001; PO-00034088; PO-00034211; PO-00034212; PO-00034526; PO-00034537; PO-00034538; PO-00034661; PO-00034686; PO-00034926; PO-00035194; PO-00035195; PO-00035385; PO-00035513; PO-00035751; PO-00035841; PO-00042329; PO-00036581; PO-00036585; PO-00036632; PO-00036321; PO-00036412; PO-00036413; PO-00036415; PO-00036423; PO-00036435; PO-00036447; PO-00036584; PO-00036611; PO-00036657; PO-00037019; PO-00037023; PO-00037349; PO-00039440; PO-00039447; PO-00039530; PO-00039600; PO-00039747; PO-00039754; PO-00039756; PO-00039833; PO-00039889; PO-00039998; PO-00040141; PO-00040146; PO-00040149; PO-00040225; PO-00040251; PO-00040313; PO-00040316; PO-00040365; PO-00040366; PO-00040415; PO-00040582; PO-00040625; PO-00040647; PO-00040761; PO-00040841; PO-00040910; PO-00040922; PO-00040930; PO-00040943; PO-00040988; PO-00041024; PO-00041031; PO-00041133; PO-00041154; PO-00041177; PO-00041204; PO-00041287; PO-00041381; PO-00041439; PO-00041446; PO-00041459; PO-00041705; PO-00041756; PO-00041766; PO-00041771; PO-00041791; PO-00041795; PO-00041809; PO-00039698; PO-00039958; PO-00040239; PO-00040479; PO-00040880; PO-00042090; PO-00042091; PO-00042092; PO-00042098; PO-00042558; PO-00042580; PO-00042627; PO-00042628; PO-00042629; PO-00042682,TX74256/2025/CI,8/6/2025,8/6/2026,Expired,TRF5G045486,J&B INTERNATIONAL LTD. TAIWAN BRANCH,J&B INTERNATIONAL LTD. TAIWAN BRANCH,BLACK,Pass,Mapped,B - Style + T2,Medium,Selected by: eligible mapping; Pass/issued preferred; darkest color preferred; newest report used as later tie-breaker. Source: Article RSL Master; 12 candidate report(s).,,Pass + Report Issued; darkest applicable color; latest date as tie-breaker,Existing selected report retained; one report per Supplier + Article,RSL report expired
J JAMM WORKS INTERNATIONAL,JJAMM / KFINE,J JAMM WORKS INTERNATIONAL,J'Jamm Works International-China,SP27 INTERNATIONAL TESTING MASTER- JJAMM 8.10.2026.xlsx,40333,Tuvalu Solid - F0136,Fabric,knit,90% Cotton 6% Lyocell 4% Elastane,V101,PO-00033401; PO-00033604; PO-00030412; PO-00030784; PO-00030794; PO-00030917; PO-00030966; PO-00031312; PO-00031615; PO-00031692; PO-00031738; PO-00031957; PO-00032116; PO-00032139; PO-00032420; PO-00032452; PO-00032710; PO-00033972; PO-00034508; PO-00034509; PO-00034615; PO-00035473; PO-00035474; PO-00035803; PO-00036042; PO-00036058; PO-00036059; PO-00036061; PO-00037140; PO-00037159; PO-00037160; PO-00037334; PO-00037222; PO-00037223; PO-00037232; PO-00037233; PO-00037238; PO-00037239; PO-00037245; PO-00037465; PO-00038460; PO-00038504; PO-00038533; PO-00038730; PO-00038799; PO-00039055; PO-00039210; PO-00039375; PO-00039382; PO-00042346; PO-00042503; PO-00039489; PO-00039494; PO-00039681; PO-00039864; PO-00040190; PO-00040243; PO-00040462; PO-00040732; PO-00040809; PO-00041322,SL32603270103501TX,1/20/2026,1/20/2027,Valid,TRF5L061478,"LONG MARCH GARMENT CO., LTD",,,,Mapped,,Unmapped,No exact Article reference or sufficiently strong Style + T2 match found in SGS export. No mapped RSL report; manual follow-up required.,,Pass + Report Issued; darkest applicable color; latest date as tie-breaker,Existing selected report retained; one report per Supplier + Article,Select 3 darkest colors for composite testing
J JAMM WORKS INTERNATIONAL,JJAMM / KFINE,J JAMM WORKS INTERNATIONAL,Jjamm-China,SP27 INTERNATIONAL TESTING MASTER- JJAMM 8.10.2026.xlsx,G2 Kore-Non-Recycled (with water resistant),G2 Kore WR Heather - F0277,Fabric,woven,88% Polyester 12% Elastane,V5076; V512,PO-00033447; PO-00033460; PO-00030474; PO-00030604; PO-00030678; PO-00031118; PO-00031122; PO-00031195; PO-00031249; PO-00031509; PO-00031516; PO-00031911; PO-00032165; PO-00032546; PO-00032617; PO-00032727; PO-00032746; PO-00035512; PO-00035743; PO-00036465,SL32603270204001TX,1/28/2026,1/28/2027,Valid,TRF6A025732,"NANTONG KFINE INTL CO., LTD","NANTONG KFINE INTL CO., LTD",INK LINEN TEXTURE,Pass,Mapped,,Unmapped,No exact Article reference or sufficiently strong Style + T2 match found in SGS export. No mapped RSL report; manual follow-up required.,,Pass + Report Issued; darkest applicable color; latest date as tie-breaker,Existing selected report retained; one report per Supplier + Article,Submit RSL report
J JAMM WORKS INTERNATIONAL,JJAMM / KFINE,J JAMM WORKS INTERNATIONAL,Jjamm-China,SP27 INTERNATIONAL TESTING MASTER- JJAMM 8.10.2026.xlsx,G2 Kore-Recycled (without water resistant),G2 Kore Recycled Solid  - F0171,Fabric,woven,48% Polyester (Recycled) 42% Polyester 10% Elastane,V302; V3036; V3073; V3155; V3195; V3198; V367; V388; V391; V4107; V4174; V456; V5076; V512; V8118; V8293,PO-00033384; PO-00033385; PO-00033450; PO-00033451; PO-00033496; PO-00033497; PO-00033498; PO-00033499; PO-00033512; PO-00033513; PO-00033526; PO-00033529; PO-00030345; PO-00030346; PO-00030347; PO-00030348; PO-00030349; PO-00030350; PO-00030351; PO-00030352; PO-00030353; PO-00030354; PO-00030355; PO-00030356; PO-00030357; PO-00030358; PO-00030359; PO-00030360; PO-00030361; PO-00030362; PO-00030363; PO-00030364; PO-00030365; PO-00030366; PO-00030367; PO-00030368; PO-00030403; PO-00030443; PO-00030500; PO-00030557; PO-00030559; PO-00030571; PO-00030591; PO-00030604; PO-00030616; PO-00030669; PO-00030678; PO-00030737; PO-00030853; PO-00030856; PO-00030861; PO-00030873; PO-00030986; PO-00030989; PO-00031047; PO-00031072; PO-00031118; PO-00031122; PO-00031195; PO-00031239; PO-00031249; PO-00031266; PO-00031331; PO-00031365; PO-00031374; PO-00031476; PO-00031516; PO-00031561; PO-00031583; PO-00031633; PO-00031671; PO-00031672; PO-00031705; PO-00031716; PO-00031743; PO-00031750; PO-00031806; PO-00031836; PO-00031842; PO-00031844; PO-00031847; PO-00031852; PO-00031888; PO-00031903; PO-00031911; PO-00032020; PO-00032029; PO-00032121; PO-00032199; PO-00032213; PO-00032214; PO-00032235; PO-00032253; PO-00032306; PO-00032311; PO-00032333; PO-00032350; PO-00032378; PO-00032383; PO-00032384; PO-00032419; PO-00032461; PO-00032466; PO-00032546; PO-00032605; PO-00032617; PO-00032727; PO-00032738; PO-00032746; PO-00030444; PO-00030817; PO-00030818; PO-00031139; PO-00031412; PO-00031415; PO-00031424; PO-00031769; PO-00032258; PO-00032268; PO-00032784; PO-00032800; PO-00033013; PO-00033014; PO-00033233; PO-00033235; PO-00033237; PO-00033816; PO-00033888; PO-00033889; PO-00034148; PO-00034149; PO-00034178; PO-00034184; PO-00034376; PO-00034377; PO-00034378; PO-00034379; PO-00034410; PO-00034411; PO-00034465; PO-00034466; PO-00034467; PO-00034563; PO-00034569; PO-00034592; PO-00034626; PO-00034646; PO-00034647; PO-00034648; PO-00034650; PO-00034651; PO-00034730; PO-00034731; PO-00034733; PO-00034770; PO-00034819; PO-00034864; PO-00034865; PO-00034866; PO-00034867; PO-00034868; PO-00034871; PO-00034902; PO-00034903; PO-00034906; PO-00034912; PO-00035108; PO-00035109; PO-00035139; PO-00035141; PO-00035270; PO-00035298; PO-00035488; PO-00035495; PO-00035509; PO-00035511; PO-00035512; PO-00035558; PO-00035559; PO-00035561; PO-00035729; PO-00035743; PO-00035768; PO-00035907; PO-00035990; PO-00035991; PO-00036028; PO-00036122; PO-00036124; PO-00036133; PO-00042305; PO-00034607; PO-00034649; PO-00034940; PO-00035256; PO-00035545; PO-00035837; PO-00036009; PO-00036102; PO-00033716; PO-00033722; PO-00033723; PO-00033763; PO-00033776; PO-00033796; PO-00033799; PO-00036261; PO-00036360; PO-00036597; PO-00036640; PO-00036648; PO-00037354; PO-00037356; PO-00037417; PO-00037220; PO-00037221; PO-00037231; PO-00037237; PO-00037240; PO-00037246; PO-00037247; PO-00037457; PO-00037458; PO-00037473; PO-00037474; PO-00038591; PO-00038607; PO-00038618; PO-00038638; PO-00038643; PO-00038686; PO-00038697; PO-00038748; PO-00038771; PO-00038776; PO-00038803; PO-00038805; PO-00038831; PO-00038837; PO-00038873; PO-00038878; PO-00038885; PO-00038892; PO-00038908; PO-00038912; PO-00038920; PO-00038977; PO-00039025; PO-00039059; PO-00039074; PO-00039093; PO-00039096; PO-00039111; PO-00039125; PO-00039144; PO-00039151; PO-00039170; PO-00039196; PO-00039267; PO-00039283; PO-00039295; PO-00042353; PO-00042355; PO-00042356; PO-00042507; PO-00039418; PO-00039446; PO-00039485; PO-00039486; PO-00039487; PO-00039488; PO-00039490; PO-00039493; PO-00039496; PO-00039497; PO-00039500; PO-00039506; PO-00039510; PO-00039552; PO-00039584; PO-00039599; PO-00039601; PO-00039604; PO-00039652; PO-00039679; PO-00039696; PO-00039715; PO-00039792; PO-00039822; PO-00039880; PO-00039947; PO-00039961; PO-00039979; PO-00040011; PO-00040036; PO-00040122; PO-00040144; PO-00040182; PO-00040289; PO-00040324; PO-00040329; PO-00040401; PO-00040460; PO-00040521; PO-00040551; PO-00040570; PO-00040583; PO-00040591; PO-00040629; PO-00040637; PO-00040762; PO-00040770; PO-00040772; PO-00040778; PO-00040849; PO-00040862; PO-00040865; PO-00040955; PO-00040959; PO-00040976; PO-00041048; PO-00041086; PO-00041144; PO-00041150; PO-00041218; PO-00041247; PO-00041319; PO-00041589; PO-00041947; PO-00039640; PO-00039764; PO-00040370; PO-00040447; PO-00040760; PO-00041306; PO-00041390; PO-00042467; PO-00042605,SL32503374442101TX,1/7/2026,1/7/2027,Valid,TRF5L054114,"NANTONG KFINE INTL CO., LTD","NANTONG KFINE INTL CO., LTD",INK LINEN TEXTURE,Pass,Mapped,,Unmapped,No exact Article reference or sufficiently strong Style + T2 match found in SGS export. No mapped RSL report; manual follow-up required.,,Pass + Report Issued; darkest applicable color; latest date as tie-breaker,Existing selected report retained; one report per Supplier + Article,Submit RSL report
J JAMM WORKS INTERNATIONAL,JJAMM / KFINE,J JAMM WORKS INTERNATIONAL,Jjamm-China,SP27 INTERNATIONAL TESTING MASTER- JJAMM 8.10.2026.xlsx,G2RP (without water resistant),G2 Kore Recycled Digital Printed - F0882,Fabric,woven,48% Polyester (Recycled) 42% Polyester 10% Elastane,V302; V3036; V3073; V367; V388; V391,PO-00033385; PO-00030345; PO-00030346; PO-00030347; PO-00030349; PO-00030351; PO-00030352; PO-00030355; PO-00030356; PO-00030357; PO-00030358; PO-00030360; PO-00030500; PO-00031716; PO-00031806; PO-00031842; PO-00031844; PO-00031903; PO-00032199; PO-00032235; PO-00032419; PO-00034213; PO-00034376; PO-00034467; PO-00034650; PO-00034651; PO-00034866; PO-00034871; PO-00034906; PO-00035561; PO-00035991; PO-00033722; PO-00037295; PO-00038591; PO-00038607; PO-00038771; PO-00038912; PO-00038920; PO-00039125; PO-00039506; PO-00039792; PO-00039947; PO-00039961; PO-00040011; PO-00040036; PO-00040182; PO-00040578; PO-00040583; PO-00040629; PO-00040673; PO-00040762; PO-00040770; PO-00040772; PO-00041150; PO-00041227; PO-00041368,SL32503374442101TX ,1/7/2026,1/7/2027,Valid,TRF5L054114,"NANTONG KFINE INTL CO., LTD","NANTONG KFINE INTL CO., LTD",INK LINEN TEXTURE,Pass,Mapped,,Unmapped,No exact Article reference or sufficiently strong Style + T2 match found in SGS export. No mapped RSL report; manual follow-up required.,,Pass + Report Issued; darkest applicable color; latest date as tie-breaker,Existing selected report retained; one report per Supplier + Article,Submit RSL report
J JAMM WORKS INTERNATIONAL,JJAMM / KFINE,J JAMM WORKS INTERNATIONAL,Jjamm-China,SP27 INTERNATIONAL TESTING MASTER- JJAMM 8.10.2026.xlsx,G2 Kore-Recycled (with water resistant),G2 Kore Recycled WR Solid  - F0170,Fabric,woven,48% Polyester (Recycled) 42% Polyester 10% Elastane,V5101,PO-00030727; PO-00031019; PO-00031227; PO-00031619; PO-00032174; PO-00032493,SL32503322446401TX,8/1/2026,8/1/2027,Expired (No Order),TRF5G038853,"NANTONG KFINE INTL CO., LTD","NANTONG KFINE INTL CO., LTD",INK LINEN TEXTURE,Pass,Mapped,,Unmapped,No exact Article reference or sufficiently strong Style + T2 match found in SGS export. No mapped RSL report; manual follow-up required.,,Pass + Report Issued; darkest applicable color; latest date as tie-breaker,Existing selected report retained; one report per Supplier + Article,Submit RSL report
J JAMM WORKS INTERNATIONAL,JJAMM / KFINE,J JAMM WORKS INTERNATIONAL,Jjamm-China,SP27 INTERNATIONAL TESTING MASTER- JJAMM 8.10.2026.xlsx,G2RP (with water resistant),G2 Kore Recycled WR Printed - F0881,Fabric,woven,48% Polyester (Recycled) 42% Polyester 10% Elastane,V5101,PO-00032874; PO-00032889; PO-00032903; PO-00032926; PO-00032939; PO-00032971; PO-00032974; PO-00032982; PO-00032985; PO-00032990; PO-00033003,SL32503322446401TX,8/1/2026,8/1/2027,Expired (No Order),TRF5G038853,"NANTONG KFINE INTL CO., LTD","NANTONG KFINE INTL CO., LTD",INK LINEN TEXTURE,Pass,Mapped,,Unmapped,No exact Article reference or sufficiently strong Style + T2 match found in SGS export. No mapped RSL report; manual follow-up required.,,Pass + Report Issued; darkest applicable color; latest date as tie-breaker,Existing selected report retained; one report per Supplier + Article,Submit RSL report
J JAMM WORKS INTERNATIONAL,JJAMM / KFINE,J JAMM WORKS INTERNATIONAL,JJAMM-China,SP27 INTERNATIONAL TESTING MASTER- JJAMM 8.10.2026.xlsx,KEH125,Strato Heather - F0142,Fabric,knit,96% Polyester 4% Elastane,V1006; V1019; V1032; V1043; V1155; V1174; V126; V173; V178; V188; VW1011; VW1156; VW123; VW1321; VW133; VW1441; VW1480,PO-00033408; PO-00033409; PO-00033437; PO-00033440; PO-00033441; PO-00033445; PO-00033453; PO-00033455; PO-00033562; PO-00033566; PO-00033568; PO-00033569; PO-00033570; PO-00033575; PO-00033576; PO-00033584; PO-00033606; PO-00033612; PO-00033615; PO-00033631; PO-00033632; PO-00030369; PO-00030370; PO-00030371; PO-00030372; PO-00030373; PO-00030374; PO-00030375; PO-00030376; PO-00030377; PO-00030378; PO-00030379; PO-00030380; PO-00030381; PO-00030382; PO-00030383; PO-00030384; PO-00030385; PO-00030386; PO-00030387; PO-00030388; PO-00030389; PO-00030408; PO-00030430; PO-00030442; PO-00030482; PO-00030499; PO-00030514; PO-00030530; PO-00030531; PO-00030536; PO-00030541; PO-00030579; PO-00030586; PO-00030605; PO-00030611; PO-00030622; PO-00030658; PO-00030694; PO-00030716; PO-00030724; PO-00030731; PO-00030757; PO-00030761; PO-00030767; PO-00030832; PO-00030857; PO-00030875; PO-00030877; PO-00030886; PO-00030901; PO-00030903; PO-00030912; PO-00030927; PO-00030933; PO-00030970; PO-00030981; PO-00030997; PO-00031024; PO-00031035; PO-00031041; PO-00031055; PO-00031058; PO-00031171; PO-00031172; PO-00031190; PO-00031200; PO-00031218; PO-00031241; PO-00031264; PO-00031290; PO-00031330; PO-00031343; PO-00031357; PO-00031387; PO-00031392; PO-00031411; PO-00031434; PO-00031443; PO-00031467; PO-00031472; PO-00031478; PO-00031480; PO-00031492; PO-00031496; PO-00031499; PO-00031527; PO-00031534; PO-00031540; PO-00031552; PO-00031566; PO-00031591; PO-00031600; PO-00031687; PO-00031688; PO-00031764; PO-00031810; PO-00031823; PO-00031839; PO-00031853; PO-00031862; PO-00031864; PO-00031909; PO-00031935; PO-00031993; PO-00031996; PO-00032000; PO-00032036; PO-00032048; PO-00032062; PO-00032068; PO-00032079; PO-00032082; PO-00032093; PO-00032095; PO-00032106; PO-00032136; PO-00032140; PO-00032147; PO-00032159; PO-00032177; PO-00032181; PO-00032221; PO-00032280; PO-00032303; PO-00032340; PO-00032356; PO-00032380; PO-00032388; PO-00032391; PO-00032406; PO-00032410; PO-00032415; PO-00032459; PO-00032474; PO-00032490; PO-00032494; PO-00032502; PO-00032561; PO-00032586; PO-00032587; PO-00032588; PO-00032599; PO-00032602; PO-00032615; PO-00032619; PO-00032624; PO-00032634; PO-00032656; PO-00032657; PO-00032661; PO-00032673; PO-00032684; PO-00032712; PO-00032737; PO-00032743; PO-00034058; PO-00034059; PO-00034063; PO-00034116; PO-00034117; PO-00034118; PO-00034128; PO-00034129; PO-00034136; PO-00034137; PO-00034138; PO-00034141; PO-00034144; PO-00034170; PO-00034171; PO-00034267; PO-00034280; PO-00034281; PO-00034293; PO-00034310; PO-00034320; PO-00034321; PO-00034349; PO-00034356; PO-00034393; PO-00034469; PO-00034472; PO-00034479; PO-00034480; PO-00034481; PO-00034583; PO-00034637; PO-00034638; PO-00034668; PO-00034669; PO-00034693; PO-00034694; PO-00034720; PO-00034721; PO-00034722; PO-00034724; PO-00034741; PO-00034742; PO-00034744; PO-00034760; PO-00034789; PO-00034790; PO-00034830; PO-00034838; PO-00034846; PO-00034847; PO-00034848; PO-00034853; PO-00034854; PO-00034855; PO-00034858; PO-00034859; PO-00034861; PO-00034862; PO-00034863; PO-00034882; PO-00034883; PO-00034884; PO-00034885; PO-00034886; PO-00034943; PO-00034944; PO-00034975; PO-00034976; PO-00035028; PO-00035034; PO-00035035; PO-00035036; PO-00035042; PO-00035182; PO-00035226; PO-00035257; PO-00035308; PO-00035309; PO-00035353; PO-00035354; PO-00035359; PO-00035535; PO-00035601; PO-00035602; PO-00035668; PO-00035680; PO-00035687; PO-00035688; PO-00035725; PO-00035816; PO-00035832; PO-00035849; PO-00035850; PO-00035856; PO-00035858; PO-00036011; PO-00036013; PO-00036088; PO-00036089; PO-00036117; PO-00036158; PO-00042240; PO-00033720; PO-00033725; PO-00033729; PO-00033748; PO-00033749; PO-00033789; PO-00033800; PO-00033807; PO-00036235; PO-00036240; PO-00036241; PO-00036242; PO-00036290; PO-00036291; PO-00036292; PO-00036297; PO-00036424; PO-00036561; PO-00036571; PO-00036576; PO-00036669; PO-00036670; PO-00036671; PO-00036691; PO-00036692; PO-00036693; PO-00036696; PO-00036721; PO-00037156; PO-00037157; PO-00037192; PO-00042206; PO-00042207; PO-00037292; PO-00037306; PO-00037340; PO-00037412; PO-00037421; PO-00037370; PO-00037422; PO-00037441; PO-00037249; PO-00037475; PO-00037482; PO-00037483; PO-00037486; PO-00037487; PO-00037488; PO-00037489; PO-00037490; PO-00039383; PO-00041685; PO-00041686; PO-00041927; PO-00041928; PO-00042518; PO-00042519; PO-00042521; PO-00042522; PO-00042523; PO-00042524; PO-00038438; PO-00038447; PO-00038458; PO-00038461; PO-00038464; PO-00038473; PO-00038478; PO-00038497; PO-00038499; PO-00038513; PO-00038522; PO-00038541; PO-00038546; PO-00038551; PO-00038567; PO-00038568; PO-00038570; PO-00038583; PO-00038597; PO-00038602; PO-00038614; PO-00038619; PO-00038622; PO-00038652; PO-00038657; PO-00038659; PO-00038685; PO-00038691; PO-00038714; PO-00038718; PO-00038758; PO-00038784; PO-00038785; PO-00038795; PO-00038810; PO-00038811; PO-00038812; PO-00038821; PO-00038840; PO-00038860; PO-00038861; PO-00038865; PO-00038870; PO-00038872; PO-00038884; PO-00038887; PO-00038893; PO-00038898; PO-00038899; PO-00038903; PO-00038913; PO-00038927; PO-00038938; PO-00038941; PO-00038953; PO-00038964; PO-00038971; PO-00038984; PO-00039001; PO-00039010; PO-00039013; PO-00039015; PO-00039039; PO-00039048; PO-00039052; PO-00039057; PO-00039088; PO-00039091; PO-00039094; PO-00039107; PO-00039122; PO-00039130; PO-00039137; PO-00039140; PO-00039143; PO-00039149; PO-00039152; PO-00039156; PO-00039160; PO-00039176; PO-00039182; PO-00039238; PO-00039271; PO-00039275; PO-00039287; PO-00039312; PO-00039316; PO-00039329; PO-00039337; PO-00039342; PO-00039347; PO-00039361; PO-00042347; PO-00042348; PO-00042349; PO-00042350; PO-00042351; PO-00042352; PO-00042354; PO-00042357; PO-00042504; PO-00042505; PO-00042506; PO-00039461; PO-00039475; PO-00039501; PO-00039505; PO-00039513; PO-00039514; PO-00039543; PO-00039555; PO-00039556; PO-00039558; PO-00039567; PO-00039575; PO-00039582; PO-00039586; PO-00039603; PO-00039606; PO-00039626; PO-00039635; PO-00039659; PO-00039667; PO-00039685; PO-00039691; PO-00039693; PO-00039721; PO-00039731; PO-00039749; PO-00039760; PO-00039773; PO-00039791; PO-00039806; PO-00039807; PO-00039841; PO-00039888; PO-00039893; PO-00039898; PO-00039911; PO-00039925; PO-00039968; PO-00039973; PO-00039985; PO-00039995; PO-00039996; PO-00040009; PO-00040023; PO-00040025; PO-00040075; PO-00040080; PO-00040095; PO-00040101; PO-00040102; PO-00040150; PO-00040152; PO-00040159; PO-00040179; PO-00040194; PO-00040199; PO-00040242; PO-00040292; PO-00040337; PO-00040350; PO-00040355; PO-00040375; PO-00040392; PO-00040399; PO-00040400; PO-00040402; PO-00040409; PO-00040427; PO-00040432; PO-00040514; PO-00040519; PO-00040522; PO-00040525; PO-00040569; PO-00040594; PO-00040609; PO-00040640; PO-00040641; PO-00040661; PO-00040677; PO-00040716; PO-00040731; PO-00040757; PO-00040774; PO-00040782; PO-00040788; PO-00040813; PO-00040838; PO-00040848; PO-00040886; PO-00040932; PO-00040949; PO-00040957; PO-00040969; PO-00040972; PO-00040989; PO-00041002; PO-00041014; PO-00041062; PO-00041087; PO-00041115; PO-00041127; PO-00041134; PO-00041138; PO-00041155; PO-00041171; PO-00041173; PO-00041191; PO-00041193; PO-00041225; PO-00041248; PO-00041286; PO-00041293; PO-00041304; PO-00041395; PO-00041400; PO-00041524; PO-00042208; PO-00042403; PO-00042404; PO-00042101; PO-00042103; PO-00042104; PO-00042105; PO-00042106; PO-00042107; PO-00042540; PO-00042545; PO-00042546; PO-00042547; PO-00042549; PO-00042583; PO-00042602; PO-00042606; PO-00042617; PO-00042621; PO-00042622; PO-00042631; PO-00042657; PO-00042658; PO-00042660; PO-00042661; PO-00042670; PO-00042671; PO-00042672; PO-00042673; PO-00042674; PO-00042675,SL32603270079601TX,1/16/2026,1/16/2027,Valid,TRF6A008341,"NANTONG KFINE INTL CO., LTD",,,,Mapped,,Unmapped,No exact Article reference or sufficiently strong Style + T2 match found in SGS export. No mapped RSL report; manual follow-up required.,,Pass + Report Issued; darkest applicable color; latest date as tie-breaker,Existing selected report retained; one report per Supplier + Article,Select 3 darkest colors for composite testing
J JAMM WORKS INTERNATIONAL,JJAMM / KFINE,J JAMM WORKS INTERNATIONAL,JJAMM-China,SP27 INTERNATIONAL TESTING MASTER- JJAMM 8.10.2026.xlsx,KFW0037,Range - F0147,Fabric,woven,100% Cotton,V2030,PO-00034098; PO-00034483; PO-00034484; PO-00035087; PO-00035791; PO-00035913; PO-00035965; PO-00036245,SL32603301500801TX,5/15/2026,5/15/2027,Valid,TRF6D029398,"NANTONG KFINE INTL CO., LTD",,,,Mapped,,Unmapped,No exact Article reference or sufficiently strong Style + T2 match found in SGS export. No mapped RSL report; manual follow-up required.,,Pass + Report Issued; darkest applicable color; latest date as tie-breaker,Existing selected report retained; one report per Supplier + Article,Select 3 darkest colors for composite testing
J JAMM WORKS INTERNATIONAL,JJAMM / KFINE,J JAMM WORKS INTERNATIONAL,JJAMM-China,SP27 INTERNATIONAL TESTING MASTER- JJAMM 8.10.2026.xlsx,KFW0038,Range - Shadow Houndstooth - F0595,Fabric,woven,100% Cotton,V2030,PO-00034098; PO-00034483; PO-00034484; PO-00035087; PO-00035791; PO-00035913; PO-00035965; PO-00036245,SL32603301500801TX,5/15/2026,5/15/2027,Valid,TRF6D029398,"NANTONG KFINE INTL CO., LTD",,,,Mapped,,Unmapped,No exact Article reference or sufficiently strong Style + T2 match found in SGS export. No mapped RSL report; manual follow-up required.,,Pass + Report Issued; darkest applicable color; latest date as tie-breaker,Existing selected report retained; one report per Supplier + Article,Select 3 darkest colors for composite testing
J JAMM WORKS INTERNATIONAL,JJAMM / KFINE,J JAMM WORKS INTERNATIONAL,JJAMM-China,SP27 INTERNATIONAL TESTING MASTER- JJAMM 8.10.2026.xlsx,TTC,Aim Heather - F0148,Fabric,woven,67% Polyester 25% Cotton 8% Elastane,V3085; V3130; V4110; V411030,PO-00033391; PO-00033489; PO-00033500; PO-00033502; PO-00033503; PO-00033510; PO-00033511; PO-00030502; PO-00030566; PO-00030633; PO-00030648; PO-00030880; PO-00030890; PO-00031135; PO-00031180; PO-00031214; PO-00031289; PO-00031313; PO-00031451; PO-00031525; PO-00031550; PO-00031570; PO-00031636; PO-00031698; PO-00031835; PO-00031900; PO-00031907; PO-00032197; PO-00032208; PO-00032289; PO-00032293; PO-00032304; PO-00032524; PO-00032533; PO-00034002; PO-00034003; PO-00034787; PO-00034788; PO-00035639; PO-00035640; PO-00035892; PO-00036127; PO-00036165; PO-00037298; PO-00037345; PO-00037415; PO-00040367; PO-00039577; PO-00039630; PO-00039642; PO-00039663; PO-00039766; PO-00039844; PO-00039900; PO-00040038; PO-00040191; PO-00040372; PO-00040373; PO-00040411; PO-00040441; PO-00040455; PO-00040706; PO-00040965; PO-00041006; PO-00041007; PO-00041059; PO-00041147; PO-00041232; PO-00041262; PO-00041363; PO-00041369; PO-00041389; PO-00041432; PO-00041436; PO-00042565; PO-00042646,SL32603270125401TX,1/16/2026,1/16/2027,Valid,TRF6A016195,"NANTONG KFINE INTL CO., LTD","NANTONG KFINE INTL CO., LTD",,Pass,Mapped,,Unmapped,No exact Article reference or sufficiently strong Style + T2 match found in SGS export. No mapped RSL report; manual follow-up required.,,Pass + Report Issued; darkest applicable color; latest date as tie-breaker,Existing selected report retained; one report per Supplier + Article,Select 3 darkest colors for composite testing
KINGWHALE,KINGWHALE,KINGWHALE,Kingwhale-Taiwan,SP27 INTERNATIONAL TESTING MASTER - Kingwhale.xlsx,KW-3709A,Alpine Solid  Resourcing - F0228,Fabric,knit,100% Polyester (Recycled),V5131; V5145; VW5070; VW5104; VW5132,PO-00033383; PO-00033427; PO-00033475; PO-00033483; PO-00030453; PO-00030582; PO-00030601; PO-00030732; PO-00030943; PO-00031054; PO-00031068; PO-00031086; PO-00031140; PO-00031288; PO-00031377; PO-00031586; PO-00031630; PO-00031677; PO-00031908; PO-00031929; PO-00032087; PO-00032315; PO-00032325; PO-00032382; PO-00032397; PO-00032450; PO-00032572; PO-00032575; PO-00032686; PO-00033853; PO-00033854; PO-00033860; PO-00034028; PO-00034041; PO-00034075; PO-00034427; PO-00034428; PO-00034429; PO-00034430; PO-00034432; PO-00034917; PO-00034918; PO-00034921; PO-00035083; PO-00035102; PO-00035103; PO-00035114; PO-00035230; PO-00035327; PO-00035626; PO-00035628; PO-00035631; PO-00035632; PO-00035633; PO-00035740; PO-00035945; PO-00035947; PO-00036090; PO-00042256; PO-00042260; PO-00042324; PO-00042328; PO-00033660; PO-00033661; PO-00036343; PO-00036344; PO-00036345; PO-00038463; PO-00038565; PO-00038733; PO-00038775; PO-00039948; PO-00040059; PO-00040552; PO-00040584; PO-00041555; PO-00041642; PO-00041709; PO-00041746; PO-00041767; PO-00041770; PO-00041799; PO-00041801; PO-00042400; PO-00042088,TX11980/2026/CI,1/26/2026,1/26/2027,Valid,TRF6A023565,KINGWHALE CORP,KINGWHALE CORP,Bourbon,Pass,Mapped,B - Style + T2,Medium,Selected by: eligible mapping; Pass/issued preferred; darkest color preferred; newest report used as later tie-breaker. Source: Article RSL Master; 2 candidate report(s).,,Pass + Report Issued; darkest applicable color; latest date as tie-breaker,Existing selected report retained; one report per Supplier + Article,Select 3 darkest colors for composite testing
KINGWHALE,KINGWHALE,KINGWHALE,Kingwhale-Taiwan,SP27 INTERNATIONAL TESTING MASTER - Kingwhale.xlsx,KW-3709A-PRT,Alpine Wet Printed - F0648,Fabric,knit,100% Polyester (Recycled),V5145; VW5150,PO-00034385; PO-00034386; PO-00034387; PO-00035143; PO-00035144; PO-00035222; PO-00035456; PO-00035457; PO-00036347; PO-00039427; PO-00039948; PO-00040059; PO-00040552; PO-00040584; PO-00042400,TX62411/2026/YA,6/29/2026,6/29/2027,Valid,TRF6F041175,KINGWHALE CORP,KINGWHALE CORP,Marshmallow Paloma Plaid,Pass,Mapped,B - Style + T2,Medium,Selected by: eligible mapping; Pass/issued preferred; darkest color preferred; newest report used as later tie-breaker. Source: Article RSL Master; 1 candidate report(s).,,Pass + Report Issued; darkest applicable color; latest date as tie-breaker,Existing selected report retained; one report per Supplier + Article,Select 3 darkest colors for composite testing
KINGWHALE,KINGWHALE,KINGWHALE,Kingwhale-Taiwan,SP27 INTERNATIONAL TESTING MASTER - Kingwhale.xlsx,KW-3820D,Beach Fleece Heather - F0072,Fabric,knit,71% Polyester (Recycled) 26% Lyocell 3% Elastane,V2044; V2058; VW2239; VW4606,PO-00033405; PO-00033617; PO-00030445; PO-00030448; PO-00030749; PO-00030921; PO-00030998; PO-00031306; PO-00031361; PO-00031584; PO-00031657; PO-00031826; PO-00031899; PO-00032357; PO-00033909; PO-00034198; PO-00034998; PO-00035000; PO-00035253; PO-00035824; PO-00036043; PO-00036044; PO-00036152; PO-00036227; PO-00036228; PO-00036229; PO-00036230; PO-00036231; PO-00036232; PO-00036233; PO-00036234; PO-00036374; PO-00036375; PO-00036376; PO-00036377; PO-00037210; PO-00037211; PO-00040390; PO-00041157,TX11520/2026/YA,1/26/2026,1/26/2027,Valid,TRF6A023028,KINGWHALE CORP,KINGWHALE CORP,Dark pewter heather,Pass,Mapped,B - Style + T2,Medium,Selected by: eligible mapping; Pass/issued preferred; darkest color preferred; newest report used as later tie-breaker. Source: Article RSL Master; 5 candidate report(s).,,Pass + Report Issued; darkest applicable color; latest date as tie-breaker,Existing selected report retained; one report per Supplier + Article,Select 3 darkest colors for composite testing
LABTEX,LABTEX,LABTEX,Labtex-Taiwan FA26 Q3/Q4,SP27 INTERNATIONAL TESTING MASTER - Labtex.xlsx,K08195A1-1,Current - F0078,Fabric,knit,95% Polyester (Recycled) 5% Elastane,V195,PO-00030599; PO-00030612; PO-00031105; PO-00031114; PO-00031202; PO-00031504; PO-00031517; PO-00032102; PO-00032173; PO-00032752; PO-00032771; PO-00034345; PO-00035279; PO-00035829; PO-00036002; PO-00036579; PO-00036626,TX11026/2026/AC,1/22/2026,1/22/2027,Valid,TRF6A013678,"LABRAVE CO., LTD.",,,,Mapped,,Unmapped,No exact Article reference or sufficiently strong Style + T2 match found in SGS export. No mapped RSL report; manual follow-up required.,,Pass + Report Issued; darkest applicable color; latest date as tie-breaker,Existing selected report retained; one report per Supplier + Article,Select 3 darkest colors for composite testing
LABTEX,LABTEX,LABTEX,Labtex-Taiwan,SP27 INTERNATIONAL TESTING MASTER - Labtex.xlsx,K09715A0-1,OG Boxer - F0080,Fabric,knit,78% Polyamide 14% Elastane 8% Polyester,V8098; V850,PO-00032857; PO-00033895; PO-00034604; PO-00035491; PO-00039857; PO-00039869; PO-00040773; PO-00041146; PO-00041407,TX13240/2026/LI,2/4/2026,2/4/2027,Valid,TRF6A042852,"LABRAVE CO., LTD.",,,,Mapped,,Unmapped,No exact Article reference or sufficiently strong Style + T2 match found in SGS export. No mapped RSL report; manual follow-up required.,,Pass + Report Issued; darkest applicable color; latest date as tie-breaker,Existing selected report retained; one report per Supplier + Article,Select 3 darkest colors for composite testing
LABTEX,LABTEX,LABTEX,Labtex-Taiwan,SP27 INTERNATIONAL TESTING MASTER - Labtex.xlsx,P05909B0,Kore Elevate Solid  - F0096,Fabric,woven,46% Polyester 42% Polyester (Recycled) 12% Elastane,V382,PO-00030743; PO-00031348; PO-00032739; PO-00032814,TXC1594/2024 /CR,12/18/2024,12/18/2025,Expired,TRF4L033685,"LABRAVE CO., LTD.",LABTEX,BLACK,Pass,Mapped,B - Style + T2,Medium,Selected by: eligible mapping; Pass/issued preferred; darkest color preferred; newest report used as later tie-breaker. Source: Article RSL Master; 6 candidate report(s).,,Pass + Report Issued; darkest applicable color; latest date as tie-breaker,Existing selected report retained; one report per Supplier + Article,RSL report expired
LEEJO,LEEJO,LEEJO,Leejo-South Korea,FA26 INTERNATIONAL TESTING MASTER - Leejo.xlsx,LJI034,Big Rip Solid  - F0436,Fabric,woven,100% Polyamide,V8153; V8155; V8163; V8170,PO-00036224; PO-00030825; PO-00031149; PO-00031420; PO-00031762; PO-00031765; PO-00031775; PO-00031778; PO-00032111; PO-00032245; PO-00032287; PO-00032292; PO-00037480; PO-00039389; PO-00039390; PO-00040354; PO-00040806; PO-00040860; PO-00041371,F690101/LF-CTSAYSA26-02874,3/5/2026,3/5/2027,Valid,TRF6B026401,LEEJO TEX,LEEJO TEX,BLACK,Pass,Mapped,B - Style + T2,Medium,Selected by: eligible mapping; Pass/issued preferred; darkest color preferred; newest report used as later tie-breaker. Source: Article RSL Master; 1 candidate report(s).,,Pass + Report Issued; darkest applicable color; latest date as tie-breaker,Existing selected report retained; one report per Supplier + Article,Select 3 darkest colors for composite testing
MAS,MAS,MAS,MAS-Sri Lanka,SP26 INTERNATIONAL TESTING MASTER - MAS - Matrix.xlsx | SP26 INTERNATIONAL TESTING MASTER - MAS- Seamless.xlsx,NSL00015A,Surge LS Seamless - F0004,Fabric,knit,59% Polyamide (Recycled) 31% Polyamide 10% Elastane,VW1198,PO-00033443; PO-00033582; PO-00030417; PO-00030494; PO-00030529; PO-00030893; PO-00031230; PO-00031318; PO-00031479; PO-00031715; PO-00031841; PO-00031872; PO-00032399; PO-00032421; PO-00032500; PO-00032504; PO-00034054; PO-00034055; PO-00034561; PO-00034562; PO-00034564; PO-00034755; PO-00035319; PO-00035320; PO-00035322; PO-00035401; PO-00035662; PO-00033727; PO-00033753; PO-00036286; PO-00036705; PO-00037302; PO-00037420; PO-00038601; PO-00038627; PO-00038656; PO-00038693; PO-00038786; PO-00038936; PO-00039132; PO-00039158; PO-00042383; PO-00039936; PO-00040171; PO-00040271; PO-00040758; PO-00040906; PO-00041069; PO-00042618,SL:TX:2670002672,3/10/2026,3/10/2027,Valid,TRF6C003766,MAS ACTIVE (PVT) LTD - LINEA INTIMO,MAS ACTIVE (PVT) LTD - LINEA INTIMO,ARMY,Pass,Mapped,B - Style + T2,Medium,Selected by: eligible mapping; Pass/issued preferred; darkest color preferred; newest report used as later tie-breaker. Source: Article RSL Master; 3 candidate report(s).,,Pass + Report Issued; darkest applicable color; latest date as tie-breaker,Existing selected report retained; one report per Supplier + Article,Select 3 darkest colors for composite testing
MAS,MAS,MAS,MAS-Quote,SP26 INTERNATIONAL TESTING MASTER - MAS - Matrix.xlsx | SP26 INTERNATIONAL TESTING MASTER - MAS- Seamless.xlsx,PNS00058A,Clearview - QZ - Faux Hole - Solid - Seamless - F0291,Fabric,knit,79% Polyester 17% Polyamide 4% Elastane,V2015,PO-00030623; PO-00031173; PO-00031665; PO-00031690; PO-00031963; PO-00037293; PO-00037341,SL:TX:2570013169-1,10/1/2025,10/1/2026,Valid,TRF5I021647,MAS ACTIVE (PVT) LTD - LINEA INTIMO,MAS ACTIVE (PVT) LTD - LINEA INTIMO,OCEAN BLUE,Pass,Mapped,B - Style + T2,Medium,Selected by: eligible mapping; Pass/issued preferred; darkest color preferred; newest report used as later tie-breaker. Source: Article RSL Master; 2 candidate report(s).,,Pass + Report Issued; darkest applicable color; latest date as tie-breaker,Existing selected report retained; one report per Supplier + Article,Select 3 darkest colors for composite testing
MAS,MAS,MAS,MAS-Quote,SP26 INTERNATIONAL TESTING MASTER - MAS - Matrix.xlsx | SP26 INTERNATIONAL TESTING MASTER - MAS- Seamless.xlsx,PNS00538A,Clearview - SS - Faux Hole - Solid - Seamless - F0289,Fabric,knit,79% Polyester (Recycled) 17% Polyamide 4% Elastane,V1044; V1045; V1237,PO-00030607; PO-00031199; PO-00031546; PO-00031598; PO-00031919; PO-00032113; PO-00033907; PO-00034032; PO-00034037; PO-00034038; PO-00034050; PO-00034051; PO-00034052; PO-00034392; PO-00034397; PO-00034579; PO-00034580; PO-00034581; PO-00034584; PO-00034949; PO-00034950; PO-00035063; PO-00035193; PO-00035410; PO-00035623; PO-00035894; PO-00035895; PO-00042262; PO-00042331; PO-00036398; PO-00036407; PO-00036434; PO-00036443; PO-00036461; PO-00036475; PO-00037141; PO-00037144; PO-00037161; PO-00037291; PO-00037335; PO-00037409; PO-00037444; PO-00037464; PO-00038668; PO-00038704; PO-00039011; PO-00039139; PO-00039148; PO-00039205; PO-00039216; PO-00039403; PO-00039466; PO-00039515; PO-00039660; PO-00039768; PO-00039867; PO-00039950; PO-00040168; PO-00040220; PO-00040298; PO-00040343; PO-00040737; PO-00040796; PO-00040824; PO-00041162; PO-00041166; PO-00041179; PO-00041207; PO-00041374; PO-00041401; PO-00042408,SL:TX:2670005929,6/4/2026,6/4/2027,Valid,TRF6E044573,MAS ACTIVE (PVT) LTD - LINEA INTIMO,MAS ACTIVE (PVT) LTD - LINEA INTIMO,NAVY,Pass,Mapped,B - Style + T2,Medium,Selected by: eligible mapping; Pass/issued preferred; darkest color preferred; newest report used as later tie-breaker. Source: Article RSL Master; 9 candidate report(s).,,Pass + Report Issued; darkest applicable color; latest date as tie-breaker,Existing selected report retained; one report per Supplier + Article,Select 3 darkest colors for composite testing
MAS,MAS,MAS,MAS-Sri Lanka,SP26 INTERNATIONAL TESTING MASTER - MAS - Matrix.xlsx | SP26 INTERNATIONAL TESTING MASTER - MAS- Seamless.xlsx,VW1196,Surge SL Solid Seamless - F0206,Fabric,knit,59% Polyamide (Recycled) 31% Polyamide 10% Elastane,VW1196,PO-00033444; PO-00033482; PO-00033586; PO-00030699; PO-00030976; PO-00031535; PO-00031920; PO-00032320; PO-00032337; PO-00033247; PO-00033249; PO-00034578; PO-00035406; PO-00035578; PO-00035579; PO-00036132; PO-00033726; PO-00033750; PO-00036551; PO-00036607; PO-00036638; PO-00036679; PO-00039623; PO-00039949; PO-00040056; PO-00040646; PO-00040710; PO-00040738; PO-00040861; PO-00041160; PO-00042159; PO-00042633,SL:TX:2670001217,2/10/2026,2/10/2027,Valid,TRF6B003911,MAS ACTIVE (PVT) LTD - LINEA INTIMO,MAS ACTIVE (PVT) LTD - LINEA INTIMO,INK,Pass,Mapped,A - Exact Article,High,Selected by: eligible mapping; Pass/issued preferred; darkest color preferred; newest report used as later tie-breaker. Source: Article RSL Master; 4 candidate report(s).,,Pass + Report Issued; darkest applicable color; latest date as tie-breaker,Existing selected report retained; one report per Supplier + Article,Select 3 darkest colors for composite testing
MAS,MAS,MAS,MAS-Sri Lanka,SP26 INTERNATIONAL TESTING MASTER - MAS - Matrix.xlsx | SP26 INTERNATIONAL TESTING MASTER - MAS- Seamless.xlsx,VW1197,Surge SS Solid Seamless - F0205,Fabric,knit,59% Polyamide (Recycled) 31% Polyamide 10% Elastane,VW1197,PO-00031489; PO-00032246; PO-00032551; PO-00033257; PO-00034510; PO-00036024; PO-00039126; PO-00039204; PO-00039651; PO-00039852; PO-00040103; PO-00040109; PO-00040223; PO-00040973,SL:TX:2570013183-2,10/3/2025,10/3/2026,Valid,TRF5I021836,MAS ACTIVE (PVT) LTD - LINEA INTIMO,MAS ACTIVE (PVT) LTD - LINEA INTIMO,BLACK,Pass,Mapped,A - Exact Article,High,Selected by: eligible mapping; Pass/issued preferred; darkest color preferred; newest report used as later tie-breaker. Source: Article RSL Master; 4 candidate report(s).,,Pass + Report Issued; darkest applicable color; latest date as tie-breaker,Existing selected report retained; one report per Supplier + Article,Select 3 darkest colors for composite testing
NICE GAIN,NICE GAIN,NICE GAIN,Nice Gain-China,FA26 INTERNATIONAL TESTING MASTER -Nice Gain.xlsx,NGYR946,Oso High Pile Fleece Solid - F0431,Fabric,knit,100% Polyester (Recycled),V5058,PO-00034258; PO-00035119; PO-00035250; PO-00035251; PO-00035252; PO-00035371; PO-00035599; PO-00035600; PO-00042230; PO-00036274,SL52605307961801TX,4/14/2026,4/14/2027,Valid,TRF6C049311,"NANJING NICE GAIN TRADING CO.,LTD.","NANJING NICE GAIN TRADING CO.,LTD.",Dark Pewter,Pass,Mapped,B - Style + T2,Medium,Selected by: eligible mapping; Pass/issued preferred; darkest color preferred; newest report used as later tie-breaker. Source: Article RSL Master; 1 candidate report(s).,,Pass + Report Issued; darkest applicable color; latest date as tie-breaker,Existing selected report retained; one report per Supplier + Article,Select 3 darkest colors for composite testing
OLIMPIAS,OLIMPIAS,OLIMPIAS,Olimpias-Italy,SP27 INTERNATIONAL TESTING MASTER - Olimpias.xlsx,NILSON C507,Fancy Collins Solid - Meta Cotton - F0372,Fabric,woven,61% Cotton 34% Lyocell 5% Elastane,V4115; V411530,PO-00031933; PO-00032027; PO-00038517; PO-00038538; PO-00038555; PO-00038569; PO-00038645; PO-00038695; PO-00038918; PO-00039321; PO-00039323; PO-00039327; PO-00039328; PO-00039334; PO-00039338; PO-00039340; PO-00039344; PO-00039349; PO-00039353; PO-00039354; PO-00039356; PO-00042451; PO-00042452; PO-00042464; PO-00039783; PO-00039891; PO-00040369; PO-00040382; PO-00040506; PO-00041037; PO-00041104; PO-00041447; PO-00042474,TR2702604,10/2/2025,10/2/2026,Valid,TRF5I028117,OLIMPIAS GROUP SRL,ASMARA VN - PPJ,Blue Sea - BEA - mill.SCR49,Pass,Mapped,B - Style + T2,Medium,Selected by: eligible mapping; Pass/issued preferred; darkest color preferred; newest report used as later tie-breaker. Source: Article RSL Master; 2 candidate report(s).,,Pass + Report Issued; darkest applicable color; latest date as tie-breaker,Existing selected report retained; one report per Supplier + Article,Select 3 darkest colors for composite testing
POLARTEC,POLARTEC,POLARTEC,Polartec-China,FA26 INTERNATIONAL TESTING MASTER - Polartec.xlsx,6511RC,Aspen Solid - F0049,Fabric,knit,100% Polyester (Recycled),V2096; V237,PO-00030680; PO-00030840; PO-00031036; PO-00031164; PO-00031545; PO-00032026; PO-00032556; PO-00032662; PO-00032668; PO-00034289; PO-00034795; PO-00035016; PO-00036097; PO-00036503; PO-00036599; PO-00036628; PO-00036630,SL52615325947701TX,6/29/2026,6/29/2027,Valid,TRF6F017784,"POLARTEC SHANGHAI., LTD.","POLARTEC SHANGHAI., LTD.",Bay Blue,Pass,Mapped,A - Exact Article,High,Selected by: eligible mapping; Pass/issued preferred; darkest color preferred; newest report used as later tie-breaker. Source: Article RSL Master; 8 candidate report(s).,,Pass + Report Issued; darkest applicable color; latest date as tie-breaker,Existing selected report retained; one report per Supplier + Article,Select 3 darkest colors for composite testing
SABRINA,SABRINA,SABRINA,Sabrina-Taiwan,SP27 INTERNATIONAL TESTING MASTER - Sabrina .xlsx,A10AAPE0010,BreatheInterlock Light Weight  - F0016,Fabric,knit,86% Polyester (Recycled) 14% Elastane,VW1637; VW1724; VW1728; VW4574; VW638; VW643,PO-00030674; PO-00031044; PO-00031356; PO-00031662; PO-00031980; PO-00032445; PO-00030570; PO-00031585; PO-00032049; PO-00032764; PO-00033049; PO-00033064; PO-00033075; PO-00033089; PO-00033090; PO-00033253; PO-00036730; PO-00040918; PO-00041704; PO-00041713; PO-00041717; PO-00041731; PO-00041755; PO-00039855; PO-00040028; PO-00041079; PO-00041178; PO-00041426; PO-00039400; PO-00039657; PO-00039994; PO-00040437; PO-00040532; PO-00042176; PO-00042099; PO-00042554; PO-00042619,TX71084/2025/JU,7/15/2025,7/15/2026,Expired,TRF5G007293,SABRINA FASION INDUSTRIAL CORP,SABRINA FASION INDUSTRIAL CORP,WHITE,Pass,Mapped,B - Style + T2,Medium,Selected by: eligible mapping; Pass/issued preferred; darkest color preferred; newest report used as later tie-breaker. Source: Article RSL Master; 1 candidate report(s).,,Pass + Report Issued; darkest applicable color; latest date as tie-breaker,Existing selected report retained; one report per Supplier + Article,RSL report expired
SEWANG VINA,SEWANG,SEWANG VINA,Sewang Vina-Sewang,FA26 INTERNATIONAL TESTING MASTER - Sewang Vina.xlsx,SW-D-AD002,Jefferys Heather  Resourcing - F0037,Fabric,knit,64% Cotton 26% Polyester 10% Polyamide,V2028,PO-00031138; PO-00032032; PO-00032431; PO-00032492; PO-00035445; PO-00035446,F690101/LF-CTSAYSA26-03269,3/10/2026,3/10/2027,Valid,TRF6B027004,"SEWANG TEXTILE CO.,LTD","SEWANG TEXTILE CO.,LTD",Black Heather,Pass,Mapped,B - Style + T2,Medium,Selected by: eligible mapping; Pass/issued preferred; darkest color preferred; newest report used as later tie-breaker. Source: Article RSL Master; 7 candidate report(s).,,Pass + Report Issued; darkest applicable color; latest date as tie-breaker,Existing selected report retained; one report per Supplier + Article,Select 3 darkest colors for composite testing
SHANGHAI JIUYU TEXTILE,SHANGHAI JIUYU TEXTILE,SHANGHAI JIUYU TEXTILE,Sgo-Quote,FA25 INTERNATIONAL TESTING MASTER - Sewang Vina.xlsx,JP2304004B,Matte Ripstop No Dwr Solid - F0783,Fabric,woven,100% Polyester (Recycled),V5002,PO-00033098; PO-00033110; PO-00033141; PO-00033194; PO-00033221,SL52505285493001TX,4/1/2025,4/1/2026,Expired,TRF5C036647,SHANGHAI JIUYU TEXTILE,SHANGHAI JIUYU TEXTILE,Black,Pass,Mapped,,Unmapped,No exact Article reference or sufficiently strong Style + T2 match found in SGS export. No mapped RSL report; manual follow-up required.,,Pass + Report Issued; darkest applicable color; latest date as tie-breaker,Existing selected report retained; one report per Supplier + Article,RSL report expired
SHANGHAI KIYI INTERNATIONAL,SHANGHAI KIYI INTERNATIONAL,SHANGHAI KIYI INTERNATIONAL,KIYI- CN,,F39 PU coated 1442R,GWP Tyvek Solid - F0789,Fabric,non-woven,100% Polyethylene,V8078,PO-00030489; PO-00030691; PO-00031130; PO-00031385; PO-00032761; PO-00032791,SL52415328947201TX,9/2/2024,9/2/2025,Expired,TRF4H036160,"SHANGHAI JIYU INTERNATIONAL TRADING CO.,LTD","SHANGHAI KIYI INTERNATIONAL TRADE CO.,LTD.",Light Natural,Pass,Mapped,B - Style + T2,Medium,Selected by: eligible mapping; Pass/issued preferred; darkest color preferred; newest report used as later tie-breaker. Source: Article RSL Master; 1 candidate report(s).,,Pass + Report Issued; darkest applicable color; latest date as tie-breaker,Existing selected report retained; one report per Supplier + Article,RSL report expired
SHANGTEX,SHANGTEX,SHANGTEX,Shangtex-China,SP27 INTERNATIONAL TESTING MASTER  - Shangtex.xlsx,ZJ31YCSB167,Denver Waffle Stitch 5g - F0183,Fabric,knit,55% Wool 45% Cotton,V2034,PO-00030484; PO-00030726; PO-00031333; PO-00032083; PO-00034009; PO-00034010; PO-00034536; PO-00034981; PO-00036107,SL52605283571201TX,2/12/2026,2/12/2027,Valid,TRF6A016195,"NANTONG KFINE INTL CO., LTD","NANTONG KFINE INTL CO., LTD",,Pass,Mapped,,Unmapped,No exact Article reference or sufficiently strong Style + T2 match found in SGS export. No mapped RSL report; manual follow-up required.,,Pass + Report Issued; darkest applicable color; latest date as tie-breaker,Existing selected report retained; one report per Supplier + Article,Select 3 darkest colors for composite testing
SHANGTEX,SHANGTEX,SHANGTEX,HUBO-Quote,SP27 INTERNATIONAL TESTING MASTER  - Shangtex.xlsx,HLJH25093,Cotton - 1/27NM - 1.0 Ply - Y0189,Yarn,staple,100% Cotton (Organic),VW2115,PO-00033558; PO-00033561; PO-00030515; PO-00030956; PO-00031272; PO-00031453; PO-00031803; PO-00032678; PO-00034158; PO-00034161; PO-00034162; PO-00034163; PO-00034632; PO-00034634; PO-00034821; PO-00034952; PO-00035948; PO-00035949; PO-00036310; PO-00036842; PO-00042269,SL52535371854101TX,1/5/2026,1/5/2027,Valid,TRF5L053898,"SHANGHAI TEXTILE IMPORT & EXPORT CO.,LTD",,Heather Grey Marshmallow Raindrop,Pass,Mapped,,Unmapped,No exact Article reference or sufficiently strong Style + T2 match found in SGS export. No mapped RSL report; manual follow-up required.,,Pass + Report Issued; darkest applicable color; latest date as tie-breaker,Existing selected report retained; one report per Supplier + Article,Submit RSL report
SHANGTEX,SHANGTEX,SHANGTEX,Shangtex-China,SP27 INTERNATIONAL TESTING MASTER  - Shangtex.xlsx,ZJ31YCSB150,"Cashmere, Organic Cotton - 1.0 Ply - Y0271",Yarn,staple,95% Cotton (Organic) 5% Cashmere,V2161; V250,PO-00030718; PO-00030838; PO-00032063; PO-00032180; PO-00032385; PO-00032749; PO-00034070; PO-00034395; PO-00034402; PO-00034762; PO-00035356; PO-00035357; PO-00035360; PO-00039386; PO-00039962; PO-00040574; PO-00040575; PO-00040810; PO-00040835; PO-00041714; PO-00041757, SL52605271730701TX,1/23/2026,1/23/2027,Valid,TRF6A030039,"SHANGHAI TEXTILE IMPORT & EXPORT CO.,LTD",,Black,Pass,Mapped,,Mapped,No exact Article reference or sufficiently strong Style + T2 match found in SGS export. No mapped RSL report; manual follow-up required.,,Pass + Report Issued; darkest applicable color; latest date as tie-breaker,Existing selected report retained; one report per Supplier + Article,Submit RSL report
SHANGTEX,SHANGTEX,SHANGTEX,Shangtex-China,SP27 INTERNATIONAL TESTING MASTER  - Shangtex.xlsx,ZJ31YCSB231,Cashmere - 2/26 - 1.0 Ply - Y0274,Yarn,staple,100% Cashmere,V2026; V2074; V294,PO-00033928; PO-00033955; PO-00034101; PO-00034412; PO-00034630; PO-00034631; PO-00034635; PO-00035733; PO-00035904; PO-00035906; PO-00035941; PO-00036014; PO-00036070; PO-00036072; PO-00036244; PO-00036248; PO-00036259; PO-00036260; PO-00037143; PO-00037155,SL52615311665701TX,5/27/2026,5/27/2027,Valid,TRF6E020184,"SHANGHAI TEXTILE IMPORT & EXPORT CO.,LTD",,Hunter Green Heather Grey,Pass,Mapped,,Mapped,No exact Article reference or sufficiently strong Style + T2 match found in SGS export. No mapped RSL report; manual follow-up required.,,Pass + Report Issued; darkest applicable color; latest date as tie-breaker,Existing selected report retained; one report per Supplier + Article,Submit RSL report
SHANGTEX,SHANGTEX,SHANGTEX,Shangtex-China,SP27 INTERNATIONAL TESTING MASTER  - Shangtex.xlsx,ZJ31YCSB482,"Polyamide, Polyester - 2/40D - 1F - Y0242",Yarn,filament,87% Polyester 13% Polyamide,V2109; V2123,PO-00030462; PO-00030535; PO-00031000; PO-00031849; PO-00031854; PO-00032485; PO-00032839; PO-00032905; PO-00032923; PO-00032946; PO-00032948; PO-00032980; PO-00034089; PO-00034156; PO-00034984; PO-00035075; PO-00035696; PO-00035996; PO-00035997; PO-00033714; PO-00033790; PO-00037153; PO-00037154; PO-00037294; PO-00037343; PO-00038910; PO-00039200; PO-00039207; PO-00039866; PO-00039993; PO-00040713; PO-00041308; PO-00042406,SL52605270928401TX,1/19/2026,1/19/2027,Valid,TRF6A009773,"SHANGHAI TEXTILE IMPORT & EXPORT CO.,LTD",,Bone Navy,Pass,Mapped,,Mapped,No exact Article reference or sufficiently strong Style + T2 match found in SGS export. No mapped RSL report; manual follow-up required.,,Pass + Report Issued; darkest applicable color; latest date as tie-breaker,Existing selected report retained; one report per Supplier + Article,Submit RSL report
SHANGTEX,SHANGTEX,SHANGTEX,UPW-Hong Kong,SP27 INTERNATIONAL TESTING MASTER  - Shangtex.xlsx,AION ECO,"LENZING™ ECOVERO™, Merino Wool, Nylon 6 - 2/48NM - 2.0 Ply - Y0194",Yarn,staple,35% Wool 32% Viscose 31% Polyamide (Recycled) 2% Elastane,VW2221,PO-00036534; PO-00036549; PO-00036594; PO-00036615,,,,Missing RSL Report,,"SHANGHAI TEXTILE IMPORT & EXPORT CO.,LTD",,,,No Candidate Found,,Unmapped,No exact Article reference or sufficiently strong Style + T2 match found in SGS export. No mapped RSL report; manual follow-up required.,,Pass + Report Issued; darkest applicable color; latest date as tie-breaker,Existing selected report retained; one report per Supplier + Article,Submit RSL report
SHANGTEX,SHANGTEX,SHANGTEX,Shangtex-China,SP27 INTERNATIONAL TESTING MASTER  - Shangtex.xlsx,ZJ31YCSB535,"Mohair, Responsible Wool, Pre-Consumer Recycled Polyamide - 1/3NM - 2.0 Ply - Ring Spun - Y0267",Yarn,staple,50% Polyamide (Recycled) 25% Mohair 25% Wool,V8265; VW2130; VW2223,PO-00033902; PO-00034109; PO-00034870; PO-00034875; PO-00035814; PO-00035822; PO-00035825; PO-00036099; PO-00036180; PO-00036437; PO-00036464; PO-00036466; PO-00036406; PO-00036419; PO-00036474; PO-00036553; PO-00036563; PO-00036606; PO-00036616; PO-00036768; PO-00036833; PO-00036838; PO-00037204; PO-00037205; PO-00042280; PO-00042339,,,,Missing RSL Report,,"SHANGHAI TEXTILE IMPORT & EXPORT CO.,LTD",,,,No Candidate Found,,Unmapped,No exact Article reference or sufficiently strong Style + T2 match found in SGS export. No mapped RSL report; manual follow-up required.,,Pass + Report Issued; darkest applicable color; latest date as tie-breaker,Existing selected report retained; one report per Supplier + Article,Submit RSL report
SHANGTEX,SHANGTEX,SHANGTEX,HUBO-Organic,SP27 INTERNATIONAL TESTING MASTER  - Shangtex.xlsx,HLJH25266-2,"Cotton, Polyester - 1/2NM - 1.0 Ply - Y0228",Yarn,staple,60% Cotton (Organic) 40% Polyester,VW2247,PO-00038998,,,,Missing RSL Report,,"SHANGHAI TEXTILE IMPORT & EXPORT CO.,LTD",,,,No Candidate Found,,Unmapped,No exact Article reference or sufficiently strong Style + T2 match found in SGS export. No mapped RSL report; manual follow-up required.,,Pass + Report Issued; darkest applicable color; latest date as tie-breaker,Existing selected report retained; one report per Supplier + Article,Submit RSL report
SHANGTEX,SHANGTEX,SHANGTEX,HUBO-Quote,SP27 INTERNATIONAL TESTING MASTER  - Shangtex.xlsx,HLJH2507134-1,Cotton - 2/14NM - 1.0 Ply - Y0236,Yarn,staple,100% Cotton (Organic),VW2242,PO-00039437; PO-00039736; PO-00039788; PO-00040049; PO-00040442; PO-00040550; PO-00041077,,,,In Process,TRF6H040866,"SHANGHAI TEXTILE IMPORT & EXPORT CO.,LTD",,Black Sunbeam Blue Sea,,Mapped,,Unmapped,No exact Article reference or sufficiently strong Style + T2 match found in SGS export. No mapped RSL report; manual follow-up required.,,Pass + Report Issued; darkest applicable color; latest date as tie-breaker,Existing selected report retained; one report per Supplier + Article,Submit RSL report
SOCO,SOCO / HARRY TRADING,SOCO,Soco-China,SP27 INTERNATIONAL TESTING MASTER - Soco.xlsx,HT-CPSTD-0009-01,Bridge Solid  - F0426,Fabric,woven,71% Polyester 21% Cotton 8% Elastane,V1236; V184,PO-00030846; PO-00031563; PO-00031623; PO-00031924; PO-00032085; PO-00032370; PO-00036381; PO-00036484; PO-00036501; PO-00040433; PO-00040467; PO-00040553; PO-00041085,SL42504356103901TX,10/21/2025,10/21/2026,Valid,TRF5J017727,"NANTONG HIGHLAND GARMENTS CO.,LTD",,,,Mapped,,Unmapped,No exact Article reference or sufficiently strong Style + T2 match found in SGS export. No mapped RSL report; manual follow-up required.,,Pass + Report Issued; darkest applicable color; latest date as tie-breaker,Existing selected report retained; one report per Supplier + Article,Select 3 darkest colors for composite testing
SOCO,SOCO / HARRY TRADING,SOCO,Soco-China,SP27 INTERNATIONAL TESTING MASTER - Soco.xlsx,HT-CORDUROY-0008-01-BCI,Mens Cord Solid - F0521,Fabric,woven,98% Cotton 2% Elastane,V1178; V4069; V419130,PO-00030815; PO-00031612; PO-00031977; PO-00032660; PO-00034090; PO-00034236; PO-00034591; PO-00035038; PO-00035384; PO-00035641; PO-00035937; PO-00035938; PO-00035962; PO-00036130; PO-00036161; PO-00036562; PO-00036588; PO-00037297; PO-00037414,,,,Missing RSL Report,,"NANTONG HIGHLAND GARMENTS CO.,LTD",,,,No Candidate Found,,Unmapped,No exact Article reference or sufficiently strong Style + T2 match found in SGS export. No mapped RSL report; manual follow-up required.,,Pass + Report Issued; darkest applicable color; latest date as tie-breaker,Existing selected report retained; one report per Supplier + Article,Submit RSL report
TEIJIN,TEIJIN,TEIJIN,Teijin-Japan,SP27 INTERNATIONAL TESTING MASTER - Teijin.xlsx,E237JSY,T Comp Solid  - F0109,Fabric,woven,100% Polyester (Recycled),V1024; V1205; V1206,PO-00033711; PO-00034139; PO-00036217; PO-00039534; PO-00040995; PO-00041184; PO-00041349; PO-00041406; PO-00041572,SL52615339557801TX,7/21/2026,7/21/2027,Valid,TRF6F054834,"TEIJIN FRONTIER CO.,LTD.","TEIJIN FRONTIER CO.,LTD.",BLACK,Pass,Mapped,A - Exact Article,High,Selected by: eligible mapping; Pass/issued preferred; darkest color preferred; newest report used as later tie-breaker. Source: Article RSL Master; 3 candidate report(s).,,Pass + Report Issued; darkest applicable color; latest date as tie-breaker,Existing selected report retained; one report per Supplier + Article,Select 3 darkest colors for composite testing
TEIJIN,TEIJIN,TEIJIN,Teijin-Japan,SP27 INTERNATIONAL TESTING MASTER - Teijin.xlsx,E4NF05,Dakota Solid - F0390,Fabric,knit,74% Polyester (Recycled) 26% Polyester,V1172; V2118,PO-00033399; PO-00033422; PO-00033608; PO-00030801; PO-00030895; PO-00032222; PO-00032432; PO-00032846; PO-00032855; PO-00032962; PO-00032967; PO-00032969; PO-00032979,SL52605283810401TX,2/25/2026,2/25/2027,Valid,TRF6B009357,"TEIJIN FRONTIER CO.,LTD.","TEIJIN FRONTIER CO.,LTD.",INK,Pass,Mapped,A - Exact Article,High,Selected by: eligible mapping; Pass/issued preferred; darkest color preferred; newest report used as later tie-breaker. Source: Article RSL Master; 4 candidate report(s).,,Pass + Report Issued; darkest applicable color; latest date as tie-breaker,Existing selected report retained; one report per Supplier + Article,Select 3 darkest colors for composite testing
TEIJIN,TEIJIN,TEIJIN,Teijin-Japan-SP26,SP27 INTERNATIONAL TESTING MASTER - Teijin.xlsx,FG2193-3,Jamestown - Oversized Waffle - F0111,Fabric,knit,55% Polyester (Recycled) 45% Polyester,V2046; V2144; V284,PO-00033397; PO-00030532; PO-00030542; PO-00030929; PO-00031078; PO-00031304; PO-00031326; PO-00031430; PO-00031435; PO-00031855; PO-00031858; PO-00034645; PO-00034666; PO-00036120; PO-00036121; PO-00037162; PO-00037344; PO-00038539; PO-00038575; PO-00038848; PO-00038965; PO-00038982; PO-00039113; PO-00039202; PO-00039249; PO-00038632; PO-00038973; PO-00039293; PO-00039587; PO-00039875; PO-00040078; PO-00040140; PO-00040207; PO-00040326; PO-00040356; PO-00040413; PO-00040655; PO-00040891; PO-00041373; PO-00039771; PO-00039787; PO-00039821; PO-00039970; PO-00040120; PO-00040310; PO-00040657; PO-00040768; PO-00041269; PO-00041336; PO-00042411; PO-00042603; PO-00042665; PO-00042542; PO-00042604; PO-00042664,SL52605272856201TX,2/5/2026,2/5/2027,Valid,TRF6A047818,"TEIJIN FRONTIER CO.,LTD.","TEIJIN FRONTIER CO.,LTD.",BLACK,Pass,Mapped,A - Exact Article,High,Selected by: eligible mapping; Pass/issued preferred; darkest color preferred; newest report used as later tie-breaker. Source: Article RSL Master; 5 candidate report(s).,,Pass + Report Issued; darkest applicable color; latest date as tie-breaker,Existing selected report retained; one report per Supplier + Article,Select 3 darkest colors for composite testing
TEIJIN,TEIJIN,TEIJIN,Teijin-Quote,SP27 INTERNATIONAL TESTING MASTER - Teijin.xlsx,N76849SGWP,Meadow Mini Twill Solid - F0693,Fabric,woven,85% Polyester (Recycled) 15% Polyester,V5137; VW5144; VW5177,PO-00036410; PO-00036418; PO-00036441; PO-00036446; PO-00036488; PO-00036796; PO-00039392; PO-00039393; PO-00039394; PO-00039395; PO-00039396; PO-00039397; PO-00039398; PO-00041879; PO-00041881; PO-00041885; PO-00041888; PO-00041891; PO-00041902; PO-00041910; PO-00041917; PO-00042345; PO-00042134,SL52605309886601TX,5/8/2026,5/8/2027,Valid,TRF6D050228,"TEIJIN FRONTIER CO.,LTD.","TEIJIN FRONTIER CO.,LTD.",BLACK,Pass,Mapped,A - Exact Article,High,Selected by: eligible mapping; Pass/issued preferred; darkest color preferred; newest report used as later tie-breaker. Source: Article RSL Master; 2 candidate report(s).,,Pass + Report Issued; darkest applicable color; latest date as tie-breaker,Existing selected report retained; one report per Supplier + Article,Select 3 darkest colors for composite testing
TEIJIN,TEIJIN,TEIJIN,Teijin - China-SP26,SP27 INTERNATIONAL TESTING MASTER - Teijin.xlsx,NSAB54GVX,Birdie Solid  - F0314,Fabric,woven,100% Polyester,V5019,PO-00033449; PO-00033459; PO-00030436; PO-00030664; PO-00030685; PO-00030710; PO-00031074; PO-00031084; PO-00031394; PO-00031398; PO-00031407; PO-00031720; PO-00031739; PO-00031754; PO-00032039; PO-00032091; PO-00032124; PO-00032516; PO-00032625; PO-00032690; PO-00032703; PO-00033915; PO-00034262; PO-00034263; PO-00034988; PO-00035876; PO-00035877; PO-00037300; PO-00037359; PO-00037416; PO-00039619; PO-00039813; PO-00039862; PO-00039902; PO-00041065; PO-00041187,SL52605270739801TX,1/16/2026,1/16/2027,Valid,TRF6A013910,"TEIJIN FRONTIER CO.,LTD.","TEIJIN FRONTIER CO.,LTD.",BOURBON,Pass,Mapped,A - Exact Article,High,Selected by: eligible mapping; Pass/issued preferred; darkest color preferred; newest report used as later tie-breaker. Source: Article RSL Master; 4 candidate report(s).,,Pass + Report Issued; darkest applicable color; latest date as tie-breaker,Existing selected report retained; one report per Supplier + Article,Select 3 darkest colors for composite testing
TEIJIN,TEIJIN,TEIJIN,Teijin-China,SP27 INTERNATIONAL TESTING MASTER - Teijin.xlsx,PN7792GK2,Coordinate Solid  - F0126,Fabric,woven,100% Polyamide,VW5033,PO-00034114; PO-00035029; PO-00035030; PO-00035201; PO-00035848; PO-00042261,SL52605308798201TX,5/9/2026,5/9/2027,Valid,TRF6D023558,"TEIJIN FRONTIER CO.,LTD.","TEIJIN FRONTIER CO.,LTD.",BLACK,Pass,Mapped,A - Exact Article,High,Selected by: eligible mapping; Pass/issued preferred; darkest color preferred; newest report used as later tie-breaker. Source: Article RSL Master; 5 candidate report(s).,,Pass + Report Issued; darkest applicable color; latest date as tie-breaker,Existing selected report retained; one report per Supplier + Article,Select 3 darkest colors for composite testing
TEIJIN,TEIJIN,TEIJIN,Teijin-JP,SP27 INTERNATIONAL TESTING MASTER - Teijin.xlsx,RR6406,Satin Comp - F0784,Fabric,woven,100% Polyester,VW4432; VW4432S,PO-00033917; PO-00034358,SL52615300278401TX,5/12/2026,5/12/2027,Valid,TRF6D058864,"TEIJIN FRONTIER CO.,LTD.","TEIJIN FRONTIER CO.,LTD.",BLACK,Pass,Mapped,A - Exact Article,High,Selected by: eligible mapping; Pass/issued preferred; darkest color preferred; newest report used as later tie-breaker. Source: Article RSL Master; 1 candidate report(s).,,Pass + Report Issued; darkest applicable color; latest date as tie-breaker,Existing selected report retained; one report per Supplier + Article,Select 3 darkest colors for composite testing
TEIJIN,TEIJIN,TEIJIN,Teijin - Thailand,SP27 INTERNATIONAL TESTING MASTER - Teijin.xlsx,TS88022EWROUCLX,Ravine Stretch Woven Solid  - F0210,Fabric,woven,100% Polyester (Recycled),V5055; V5056; V5074; V5089; VW5128; VW5159; VW5160,PO-00030451; PO-00030471; PO-00030493; PO-00030519; PO-00030546; PO-00030698; PO-00030722; PO-00030746; PO-00030790; PO-00030829; PO-00030837; PO-00030905; PO-00030906; PO-00030928; PO-00030934; PO-00030949; PO-00031065; PO-00031070; PO-00031224; PO-00031226; PO-00031235; PO-00031317; PO-00031338; PO-00031342; PO-00031364; PO-00031425; PO-00031457; PO-00031577; PO-00031606; PO-00031673; PO-00031706; PO-00031714; PO-00031785; PO-00031799; PO-00031838; PO-00031843; PO-00031964; PO-00031989; PO-00032118; PO-00032314; PO-00032319; PO-00032321; PO-00032338; PO-00032423; PO-00032455; PO-00032458; PO-00032517; PO-00032531; PO-00032547; PO-00032562; PO-00032616; PO-00032621; PO-00032622; PO-00032843; PO-00032848; PO-00032909; PO-00032922; PO-00032972; PO-00032977; PO-00032992; PO-00033864; PO-00033958; PO-00033965; PO-00034105; PO-00034106; PO-00034233; PO-00034234; PO-00034346; PO-00034347; PO-00034352; PO-00034364; PO-00034365; PO-00034372; PO-00034446; PO-00034450; PO-00034451; PO-00034459; PO-00034503; PO-00034596; PO-00034601; PO-00034743; PO-00034746; PO-00034759; PO-00034772; PO-00034773; PO-00034841; PO-00034842; PO-00034849; PO-00035001; PO-00035072; PO-00035121; PO-00035128; PO-00035210; PO-00035211; PO-00035212; PO-00035313; PO-00035334; PO-00035435; PO-00035438; PO-00035542; PO-00035587; PO-00035597; PO-00035606; PO-00035629; PO-00035630; PO-00035642; PO-00035647; PO-00035679; PO-00035682; PO-00035710; PO-00035912; PO-00035918; PO-00036022; PO-00036040; PO-00036052; PO-00036086; PO-00036116; PO-00042211; PO-00042257; PO-00042259; PO-00042325; PO-00042327; PO-00042492; PO-00036275; PO-00036350; PO-00036351; PO-00036352; PO-00036365; PO-00036380; PO-00036382; PO-00036440; PO-00036449; PO-00036451; PO-00036454; PO-00036467; PO-00036505; PO-00036513; PO-00037333; PO-00037406; PO-00037433; PO-00039451; PO-00039590; PO-00039633; PO-00039752; PO-00040012; PO-00040282; PO-00040293; PO-00040700; PO-00040931; PO-00041750; PO-00041777; PO-00039800; PO-00040070; PO-00040196; PO-00040218; PO-00040363; PO-00040712; PO-00040734; PO-00040740; PO-00040765; PO-00040937; PO-00041292; PO-00041526; PO-00041527; PO-00041536; PO-00041551; PO-00041565; PO-00041597; PO-00041625; PO-00041634; PO-00041644; PO-00041657; PO-00042344,SL52535371580101TX,1/5/2026,1/5/2027,Valid,TRF5L046005,"TEIJIN FRONTIER CO.,LTD.","TEIJIN FRONTIER CO.,LTD.",BOURBON,Pass,Mapped,B - Style + T2,Medium,Selected by: eligible mapping; Pass/issued preferred; darkest color preferred; newest report used as later tie-breaker. Source: Article RSL Master; 6 candidate report(s).,,Pass + Report Issued; darkest applicable color; latest date as tie-breaker,Existing selected report retained; one report per Supplier + Article,Select 3 darkest colors for composite testing
TORAY,TORAY,TORAY,Toray-Quote,FA26 INTERNATIONAL TESTING MASTER - Toray.xlsx,3558FWR2.5L-G-2,Cool Rain Solid - F0337,Fabric,composite,88% Polyester 12% Polyamide,VW5085,PO-00030714; PO-00031094; PO-00031253; PO-00031683; PO-00032171; PO-00032347; PO-00036512; PO-00037332; PO-00037403,SL52605272409101TX,2/3/2026,2/3/2027,Valid,TRF6A042989,"TORAY SAKAI WEAVING & DYEING (NANTONG) CO.,LTD",,BLEACHED SAND,Pass,Mapped,A - Exact Article,High,Selected by: eligible mapping; Pass/issued preferred; darkest color preferred; newest report used as later tie-breaker. Source: Article RSL Master; 1 candidate report(s).,,Pass + Report Issued; darkest applicable color; latest date as tie-breaker,Existing selected report retained; one report per Supplier + Article,Select 3 darkest colors for composite testing
TORAY,TORAY,TORAY,Toray-Icelandic Cozy 2L,FA26 INTERNATIONAL TESTING MASTER - Toray.xlsx,575FWR2L,Icelandic Cozy 2L Solid  - F0261,Fabric,woven,100% Polyester,V5004; VW597,PO-00034180; PO-00035504; PO-00035889; PO-00036494; PO-00036495; PO-00036496; PO-00036497,SL52505262039901TX-1,2/12/2025,2/12/2026,Expired,TRF5A034262,"TORAY SAKAI WEAVING & DYEING (NANTONG) CO.,LTD","TORAY SAKAI WEAVING & DYEING (NANTONG) CO.,LTD",OREGANO,Pass,Mapped,B - Style + T2,Medium,Selected by: eligible mapping; Pass/issued preferred; darkest color preferred; newest report used as later tie-breaker. Source: Article RSL Master; 3 candidate report(s).,,Pass + Report Issued; darkest applicable color; latest date as tie-breaker,Existing selected report retained; one report per Supplier + Article,RSL report expired
TORAY,TORAY,TORAY,Toray-China,FA26 INTERNATIONAL TESTING MASTER - Toray.xlsx,DT3F28FST,Pre-Baffle Solid  - F0174,Fabric,woven,84% Polyamide 16% Elastane,V579; V580,PO-00030537; PO-00030643; PO-00031186; PO-00031678; PO-00032110; PO-00032156; PO-00032476; PO-00032489; PO-00033989; PO-00033990; PO-00033991; PO-00033992; PO-00034822; PO-00034843; PO-00034915; PO-00034916; PO-00034923; PO-00035174; PO-00035280; PO-00035330; PO-00035708; PO-00035737; PO-00035744; PO-00035745; PO-00035831; PO-00035929; PO-00036004; PO-00036277,SL52605309311601TX,4/28/2026,4/28/2027,Valid,TRF6D044155,"TORAY SAKAI WEAVING & DYEING (NANTONG) CO.,LTD","TORAY SAKAI WEAVING & DYEING (NANTONG) CO.,LTD",BLACK,Pass,Mapped,A - Exact Article,High,Selected by: eligible mapping; Pass/issued preferred; darkest color preferred; newest report used as later tie-breaker. Source: Article RSL Master; 5 candidate report(s).,,Pass + Report Issued; darkest applicable color; latest date as tie-breaker,Existing selected report retained; one report per Supplier + Article,Select 3 darkest colors for composite testing
TOYOTA TSUSHO,TOYOTA,TOYOTA TSUSHO,Toyota-Quote,FA26 INTERNATIONAL TESTING MASTER -Toyota.xlsx,GHB B186 C0 GGT,Maui 2.0 w/ polyester backer Solid - F0858,Fabric,composite,100% Polyamide (Recycled),V4030; V5031,PO-00033099; PO-00033100; PO-00033115; PO-00033120; PO-00033152; PO-00033157; PO-00033163; PO-00033206; PO-00033214; PO-00033220; PO-00033222,SL12600291768301TX,4/13/2026,4/13/2027,Valid,TRF6C028278,TOYOTA TSUSHO CORPORATION,"SEIREN CO.,LTD.",HUNTER GREEN,Pass,Mapped,A - Exact Article,High,Selected by: eligible mapping; Pass/issued preferred; darkest color preferred; newest report used as later tie-breaker. Source: Article RSL Master; 2 candidate report(s).,,Pass + Report Issued; darkest applicable color; latest date as tie-breaker,Existing selected report retained; one report per Supplier + Article,Select 3 darkest colors for composite testing
TOYOTA TSUSHO,TOYOTA,TOYOTA TSUSHO,Toyota-Japan,FA26 INTERNATIONAL TESTING MASTER -Toyota.xlsx,IGMPB107C0B20T,Pacific Ski 4L Solid - F0029,Fabric,composite,100% Polyamide (Recycled),V4017; VW4201; VW5022,PO-00033095; PO-00033096; PO-00033097; PO-00033101; PO-00033102; PO-00033104; PO-00033121; PO-00033123; PO-00033131; PO-00033164; PO-00033171; PO-00033172; PO-00033182; PO-00033219; PO-00033223; PO-00033224,SL12500335584601TX,9/1/2025,9/1/2026,Expiring,TRF5H036403,TOYOTA TSUSHO CORPORATION,"SEIREN CO.,LTD.",Black,Pass,Mapped,A - Exact Article,High,Selected by: eligible mapping; Pass/issued preferred; darkest color preferred; newest report used as later tie-breaker. Source: Article RSL Master; 8 candidate report(s).,,Pass + Report Issued; darkest applicable color; latest date as tie-breaker,Existing selected report retained; one report per Supplier + Article,Renew RSL report before expiry
TREND TEXTILE,TREND TEXTILE,TREND TEXTILE,Trend Textile - China,SP27 INTERNATIONAL TESTING MASTER-Trend Textile.xlsx,TT179-005S,BreatheInterlock Solid - F0007,Fabric,knit,72% Polyester 28% Elastane,VW104; VW1390; VW1643; VW1678; VW1679; VW3102; VW3102L; VW323; VW323L; VW323S; VW3275; VW3295; VW4532; VW4574; VW4582; VW4582L; VW4582S; VW652,PO-00033595; PO-00030432; PO-00030492; PO-00030510; PO-00030689; PO-00030883; PO-00030947; PO-00030982; PO-00031232; PO-00031302; PO-00031456; PO-00031609; PO-00031825; PO-00031851; PO-00032196; PO-00032430; PO-00032449; PO-00032498; PO-00032513; PO-00032538; PO-00032541; PO-00030424; PO-00030454; PO-00030624; PO-00030635; PO-00030769; PO-00030774; PO-00030878; PO-00030898; PO-00030938; PO-00030990; PO-00031061; PO-00031203; PO-00031268; PO-00031389; PO-00031557; PO-00031560; PO-00031709; PO-00031747; PO-00031788; PO-00032053; PO-00032054; PO-00032075; PO-00032097; PO-00032149; PO-00032186; PO-00032240; PO-00032418; PO-00032426; PO-00032520; PO-00032530; PO-00032574; PO-00032700; PO-00032734; PO-00032770; PO-00033264; PO-00033265; PO-00033341; PO-00033352; PO-00033246; PO-00033248; PO-00033330; PO-00033276; PO-00033277; PO-00033312; PO-00033313; PO-00034223; PO-00034224; PO-00034301; PO-00034304; PO-00034305; PO-00034307; PO-00034308; PO-00034351; PO-00034353; PO-00034361; PO-00035255; PO-00035258; PO-00035259; PO-00035261; PO-00035262; PO-00035266; PO-00035267; PO-00035551; PO-00035554; PO-00035560; PO-00035562; PO-00035565; PO-00033993; PO-00034126; PO-00034127; PO-00034131; PO-00034132; PO-00034192; PO-00034240; PO-00034246; PO-00034355; PO-00034359; PO-00034366; PO-00034552; PO-00034643; PO-00034644; PO-00034851; PO-00034852; PO-00034856; PO-00034857; PO-00035088; PO-00035089; PO-00035477; PO-00035481; PO-00035485; PO-00035486; PO-00035530; PO-00035534; PO-00035549; PO-00035553; PO-00035925; PO-00036294; PO-00036368; PO-00036408; PO-00036409; PO-00036468; PO-00036508; PO-00036339; PO-00037118; PO-00036716; PO-00036874; PO-00036878; PO-00037108; PO-00037301; PO-00037361; PO-00037368; PO-00037321; PO-00037384; PO-00037448; PO-00037477; PO-00037481; PO-00041937; PO-00038717; PO-00038839; PO-00038937; PO-00038946; PO-00038961; PO-00039016; PO-00039454; PO-00039646; PO-00040051; PO-00040206; PO-00040247; PO-00040307; PO-00040571; PO-00040636; PO-00040721; PO-00040817; PO-00041270; PO-00041296; PO-00041344; PO-00039443; PO-00039498; PO-00039560; PO-00039566; PO-00039643; PO-00039734; PO-00039740; PO-00039789; PO-00039942; PO-00039963; PO-00039965; PO-00039974; PO-00040003; PO-00040193; PO-00040288; PO-00040398; PO-00040404; PO-00040410; PO-00040473; PO-00040478; PO-00040499; PO-00040549; PO-00040555; PO-00040668; PO-00040680; PO-00040695; PO-00040699; PO-00040856; PO-00040884; PO-00040885; PO-00040961; PO-00041164; PO-00041213; PO-00041255; PO-00041264; PO-00041531; PO-00041557; PO-00041606; PO-00041635; PO-00041658; PO-00041665; PO-00039449; PO-00039541; PO-00039568; PO-00039724; PO-00039729; PO-00039890; PO-00039935; PO-00039945; PO-00039953; PO-00040062; PO-00040093; PO-00040273; PO-00040418; PO-00040424; PO-00040439; PO-00040449; PO-00040510; PO-00040579; PO-00040610; PO-00040630; PO-00040651; PO-00040743; PO-00040812; PO-00040836; PO-00040839; PO-00040953; PO-00041012; PO-00041151; PO-00041176; PO-00041417; PO-00042096; PO-00042097; PO-00042100; PO-00042130; PO-00042133; PO-00042163; PO-00042200; PO-00042566; PO-00042609; PO-00042551; PO-00042595; PO-00042616; PO-00042630,SL52425331813101TX,10/10/2024,10/10/2025,Expired,TRF4I035047,"SHANGHAI TREND TEXTILE SCIENCE AND TECHNOLOGY CO.,LTD","SHANGHAI TREND TEXTILE SCIENCE AND TECHNOLOGY CO.,LTD",AZALEA PINK,Pass,Mapped,A - Exact Article,High,Selected by: eligible mapping; Pass/issued preferred; darkest color preferred; newest report used as later tie-breaker. Source: Article RSL Master; 7 candidate report(s).,,Pass + Report Issued; darkest applicable color; latest date as tie-breaker,Existing selected report retained; one report per Supplier + Article,RSL report expired
TREND TEXTILE,TREND TEXTILE,TREND TEXTILE,Trend Textile,SP27 INTERNATIONAL TESTING MASTER-Trend Textile.xlsx,TT179-005SP,BreatheInterlock Sublimation Printed - F0024,Fabric,knit,72% Polyester 28% Elastane,VW1679; VW3102; VW3102L,PO-00039464; PO-00039560; PO-00039643; PO-00039942; PO-00040398; PO-00040404; PO-00040499; PO-00040699; PO-00040874; PO-00041264; PO-00039541; PO-00039890; PO-00040093; PO-00040424; PO-00040510; PO-00040651; PO-00040839; PO-00042097; PO-00042133; PO-00042608; PO-00042630,SL52425369877201TX,1/3/2025,1/3/2026,Expired,TRF4L041998,"SHANGHAI TREND TEXTILE SCIENCE AND TECHNOLOGY CO.,LTD","SHANGHAI TREND TEXTILE SCIENCE AND TECHNOLOGY CO.,LTD",INK,Pass,Mapped,B - Style + T2,Medium,Selected by: eligible mapping; Pass/issued preferred; darkest color preferred; newest report used as later tie-breaker. Source: Article RSL Master; 5 candidate report(s).,,Pass + Report Issued; darkest applicable color; latest date as tie-breaker,Existing selected report retained; one report per Supplier + Article,RSL report expired
UNIFIELD,UNIFIELD,UNIFIELD,Unifield-Unifield China,SP27 INTERNATIONAL TESTING MASTER - Unifield.xlsx,AVR17-F001-RE,Sunday Heather - F0063,Fabric,knit,88% Polyester (Recycled) 12% Elastane,V2033; V2117; V215; V265; V286; V3018; V3141; V4049; V4159; V415932; V416; V41630,PO-00033456; PO-00030407; PO-00030593; PO-00030641; PO-00030679; PO-00030739; PO-00030792; PO-00030806; PO-00030854; PO-00030870; PO-00030918; PO-00031040; PO-00031082; PO-00031120; PO-00031131; PO-00031152; PO-00031217; PO-00031370; PO-00031376; PO-00031402; PO-00031506; PO-00031604; PO-00031622; PO-00031629; PO-00031680; PO-00031729; PO-00031732; PO-00031973; PO-00032045; PO-00032117; PO-00032120; PO-00032163; PO-00032191; PO-00032375; PO-00032387; PO-00032392; PO-00032412; PO-00032436; PO-00032468; PO-00032501; PO-00032544; PO-00032567; PO-00032577; PO-00032613; PO-00032631; PO-00032653; PO-00032709; PO-00032735; PO-00032757; PO-00032782; PO-00030644; PO-00030779; PO-00030808; PO-00030852; PO-00030876; PO-00030959; PO-00031003; PO-00031359; PO-00031447; PO-00031728; PO-00031966; PO-00032217; PO-00032355; PO-00032358; PO-00032371; PO-00032683; PO-00032689; PO-00032744; PO-00033835; PO-00033840; PO-00033841; PO-00033842; PO-00034012; PO-00034057; PO-00034115; PO-00034186; PO-00034191; PO-00034235; PO-00034238; PO-00034403; PO-00034404; PO-00034600; PO-00034641; PO-00034804; PO-00034805; PO-00034806; PO-00034809; PO-00034810; PO-00034932; PO-00034934; PO-00034972; PO-00035069; PO-00035196; PO-00035197; PO-00035340; PO-00035396; PO-00035692; PO-00035693; PO-00035694; PO-00035699; PO-00035732; PO-00035897; PO-00035905; PO-00035914; PO-00035915; PO-00035917; PO-00035939; PO-00036108; PO-00036119; PO-00042243; PO-00042309; PO-00033856; PO-00033857; PO-00034107; PO-00034616; PO-00034965; PO-00034966; PO-00034967; PO-00034968; PO-00034969; PO-00035707; PO-00035817; PO-00035857; PO-00035953; PO-00033809; PO-00037459; PO-00041930; PO-00041929; PO-00038450; PO-00038469; PO-00038493; PO-00038589; PO-00038592; PO-00038598; PO-00038630; PO-00038662; PO-00038702; PO-00038711; PO-00038736; PO-00038773; PO-00038825; PO-00038857; PO-00038867; PO-00038891; PO-00038915; PO-00038922; PO-00039087; PO-00039100; PO-00039104; PO-00039124; PO-00039127; PO-00039198; PO-00039270; PO-00042385; PO-00042387; PO-00038629; PO-00038778; PO-00038883; PO-00038975; PO-00039041; PO-00039197; PO-00039248; PO-00039713; PO-00039778; PO-00040188; PO-00040236; PO-00040269; PO-00040480; PO-00040538; PO-00040605; PO-00040678; PO-00040863; PO-00040902; PO-00041066; PO-00041201; PO-00041239; PO-00041380; PO-00041584; PO-00041585; PO-00041630; PO-00042410; PO-00039597; PO-00040336; PO-00040914; PO-00041260; PO-00041410; PO-00042544; PO-00042648; PO-00042649; PO-00042651; PO-00042666,TX42243/2026/YA,4/27/2026,4/27/2027,Valid,TRF6D036749,ADVANCE FACTORY LIMITED,UNIFIELD TEXTILES LIMITED,Hunter Green Heather,Pass,Mapped,A - Exact Article,High,Selected by: eligible mapping; Pass/issued preferred; darkest color preferred; newest report used as later tie-breaker. Source: Article RSL Master; 15 candidate report(s).,,Pass + Report Issued; darkest applicable color; latest date as tie-breaker,Existing selected report retained; one report per Supplier + Article,Select 3 darkest colors for composite testing
UNIFIELD,UNIFIELD,UNIFIELD,Unifield-Unifield China,SP27 INTERNATIONAL TESTING MASTER - Unifield.xlsx,AVR17-F002-RE,Sunday Solid - F0061,Fabric,knit,88% Polyester (Recycled) 12% Elastane,V2033; V2117; V215; V2158; V265; V286; V3018; V3141; V4049; V4159; V415932; V415934; V416; V41630; V5029; V5035; V5125; VW4490,PO-00033406; PO-00033457; PO-00033530; PO-00033456; PO-00030407; PO-00030439; PO-00030467; PO-00030522; PO-00030593; PO-00030735; PO-00030739; PO-00030791; PO-00030792; PO-00030813; PO-00030854; PO-00030891; PO-00030918; PO-00030975; PO-00031021; PO-00031116; PO-00031120; PO-00031154; PO-00031170; PO-00031281; PO-00031376; PO-00031406; PO-00031437; PO-00031506; PO-00031713; PO-00031724; PO-00031727; PO-00031732; PO-00031904; PO-00031953; PO-00032067; PO-00032166; PO-00032216; PO-00032412; PO-00032468; PO-00032501; PO-00032505; PO-00032544; PO-00032549; PO-00032735; PO-00032740; PO-00032747; PO-00032782; PO-00030504; PO-00030644; PO-00030808; PO-00030852; PO-00030959; PO-00031322; PO-00032233; PO-00032355; PO-00032564; PO-00032627; PO-00032744; PO-00032834; PO-00032853; PO-00032862; PO-00032894; PO-00032908; PO-00032917; PO-00032918; PO-00032983; PO-00032995; PO-00033054; PO-00033835; PO-00033836; PO-00033841; PO-00033842; PO-00033973; PO-00033985; PO-00033988; PO-00034030; PO-00034031; PO-00034033; PO-00034053; PO-00034056; PO-00034112; PO-00034186; PO-00034235; PO-00034295; PO-00034296; PO-00034403; PO-00034404; PO-00034590; PO-00034600; PO-00034703; PO-00034704; PO-00034804; PO-00034805; PO-00034806; PO-00034932; PO-00035069; PO-00035111; PO-00035156; PO-00035190; PO-00035202; PO-00035340; PO-00035395; PO-00035651; PO-00035699; PO-00035724; PO-00035896; PO-00035903; PO-00035914; PO-00035915; PO-00035943; PO-00036029; PO-00036073; PO-00036108; PO-00036109; PO-00036118; PO-00042243; PO-00042309; PO-00033856; PO-00033857; PO-00034107; PO-00034965; PO-00034966; PO-00034967; PO-00035707; PO-00033676; PO-00036253; PO-00036271; PO-00036554; PO-00041930; PO-00038448; PO-00038450; PO-00038469; PO-00038493; PO-00038554; PO-00038589; PO-00038592; PO-00038598; PO-00038630; PO-00038689; PO-00038702; PO-00038711; PO-00038736; PO-00038822; PO-00038825; PO-00038829; PO-00038890; PO-00038915; PO-00038922; PO-00038955; PO-00038960; PO-00039060; PO-00039068; PO-00039087; PO-00039100; PO-00039129; PO-00039163; PO-00039183; PO-00039198; PO-00039221; PO-00039241; PO-00039265; PO-00039282; PO-00039332; PO-00042385; PO-00042388; PO-00038819; PO-00038836; PO-00038869; PO-00038877; PO-00039036; PO-00039047; PO-00039062; PO-00039070; PO-00039136; PO-00039266; PO-00039277; PO-00039297; PO-00039301; PO-00039302; PO-00042389; PO-00039670; PO-00039713; PO-00039778; PO-00039780; PO-00039946; PO-00039952; PO-00040035; PO-00040067; PO-00040085; PO-00040087; PO-00040177; PO-00040188; PO-00040236; PO-00040258; PO-00040269; PO-00040281; PO-00040309; PO-00040323; PO-00040342; PO-00040349; PO-00040456; PO-00040480; PO-00040536; PO-00040538; PO-00040606; PO-00040666; PO-00040678; PO-00040714; PO-00040728; PO-00040826; PO-00040834; PO-00040864; PO-00040878; PO-00040895; PO-00040902; PO-00041066; PO-00041201; PO-00041222; PO-00041239; PO-00041404; PO-00041435; PO-00041449; PO-00041559; PO-00041564; PO-00041576; PO-00041581; PO-00041583; PO-00041595; PO-00041613; PO-00041624; PO-00041663; PO-00041723; PO-00041742; PO-00041745; PO-00041765; PO-00041779; PO-00041821; PO-00039502; PO-00039597; PO-00040270; PO-00040336; PO-00040914; PO-00040936; PO-00040952; PO-00041039; PO-00041260; PO-00041341; PO-00041410; PO-00041413; PO-00041529; PO-00041571; PO-00041591; PO-00041607; PO-00041619; PO-00041620; PO-00041621; PO-00041623; PO-00041636; PO-00041638; PO-00041648; PO-00041651; PO-00042412; PO-00042667,TX10272/2026/JU,1/12/2026,1/12/2027,Valid,TRF5L058718,ADVANCE FACTORY LIMITED,UNIFIELD TEXTILES LIMITED,Black,Pass,Mapped,A - Exact Article,High,Selected by: eligible mapping; Pass/issued preferred; darkest color preferred; newest report used as later tie-breaker. Source: Article RSL Master; 20 candidate report(s).,,Pass + Report Issued; darkest applicable color; latest date as tie-breaker,Existing selected report retained; one report per Supplier + Article,Select 3 darkest colors for composite testing
UNIFIELD,UNIFIELD,UNIFIELD,Unifield-Unifield China,SP27 INTERNATIONAL TESTING MASTER - Unifield.xlsx,AVR17-F003-RE,Transit Solid  - F0067,Fabric,woven,91% Polyester (Recycled) 9% Elastane,V4065,PO-00030948; PO-00032550,TX22517/2025/AC,2/26/2025,2/26/2026,Expired,TRF5C013806,UNIFIELD TEXTILES LIMITED,UNIFIELD TEXTILES LIMITED,Black,Pass,Mapped,A - Exact Article,High,Selected by: eligible mapping; Pass/issued preferred; darkest color preferred; newest report used as later tie-breaker. Source: Article RSL Master; 2 candidate report(s).,,Pass + Report Issued; darkest applicable color; latest date as tie-breaker,Existing selected report retained; one report per Supplier + Article,RSL report expired
UNIFIELD,UNIFIELD,UNIFIELD,Unifield-Unifield China,SP27 INTERNATIONAL TESTING MASTER - Unifield.xlsx,BD111-BH,Meta Solid - F0068,Fabric,knit,100% Polyester,V379; V379S; V4009; V4009L; V4009S; V4098; V409830; V409834; V4105; V410530; V410534; V430; V430L; V430S; V498,PO-00033393; PO-00033395; PO-00033501; PO-00033505; PO-00033506; PO-00033507; PO-00033508; PO-00033509; PO-00033523; PO-00033524; PO-00033527; PO-00033532; PO-00033533; PO-00030433; PO-00030477; PO-00030491; PO-00030533; PO-00030552; PO-00030556; PO-00030595; PO-00030613; PO-00030626; PO-00030693; PO-00030821; PO-00030824; PO-00030826; PO-00030827; PO-00030860; PO-00030882; PO-00030952; PO-00030974; PO-00031011; PO-00031022; PO-00031117; PO-00031136; PO-00031137; PO-00031179; PO-00031225; PO-00031378; PO-00031410; PO-00031417; PO-00031461; PO-00031463; PO-00031486; PO-00031494; PO-00031495; PO-00031501; PO-00031528; PO-00031578; PO-00031611; PO-00031617; PO-00031640; PO-00031650; PO-00031763; PO-00031774; PO-00031777; PO-00031782; PO-00031791; PO-00031793; PO-00031794; PO-00031856; PO-00031865; PO-00031878; PO-00031886; PO-00031893; PO-00031965; PO-00031969; PO-00031984; PO-00032022; PO-00032061; PO-00032123; PO-00032142; PO-00032157; PO-00032189; PO-00032212; PO-00032239; PO-00032279; PO-00032281; PO-00032288; PO-00032290; PO-00032294; PO-00032296; PO-00032308; PO-00032310; PO-00032334; PO-00032417; PO-00032424; PO-00032434; PO-00032444; PO-00032478; PO-00032488; PO-00032558; PO-00032576; PO-00032595; PO-00032603; PO-00032682; PO-00032728; PO-00032790; PO-00032792; PO-00032797; PO-00032801; PO-00032806; PO-00032807; PO-00033232; PO-00033868; PO-00033879; PO-00033880; PO-00033890; PO-00033998; PO-00034000; PO-00034333; PO-00034334; PO-00034337; PO-00034338; PO-00034340; PO-00034343; PO-00034477; PO-00034489; PO-00034522; PO-00034523; PO-00034582; PO-00034620; PO-00034662; PO-00034663; PO-00034667; PO-00034676; PO-00034752; PO-00034753; PO-00034764; PO-00034765; PO-00034783; PO-00034999; PO-00035047; PO-00035048; PO-00035066; PO-00035068; PO-00035085; PO-00035159; PO-00035199; PO-00035268; PO-00035289; PO-00035373; PO-00035464; PO-00035550; PO-00035557; PO-00035568; PO-00035569; PO-00035570; PO-00035718; PO-00035720; PO-00035746; PO-00035747; PO-00035771; PO-00035772; PO-00035773; PO-00035775; PO-00035795; PO-00035796; PO-00035838; PO-00035936; PO-00036077; PO-00036085; PO-00036115; PO-00036123; PO-00036131; PO-00036134; PO-00036135; PO-00036137; PO-00036138; PO-00036142; PO-00036144; PO-00036163; PO-00036166; PO-00036168; PO-00036169; PO-00036170; PO-00036171; PO-00036173; PO-00036174; PO-00036181; PO-00036190; PO-00036193; PO-00042217; PO-00042218; PO-00042314; PO-00042315; PO-00036273; PO-00036361; PO-00036362; PO-00036364; PO-00036383; PO-00036385; PO-00036504; PO-00036560; PO-00036613; PO-00036646; PO-00036649; PO-00037171; PO-00037172; PO-00037176; PO-00037177; PO-00037178; PO-00037179; PO-00037180; PO-00037181; PO-00037182; PO-00037183; PO-00037184; PO-00037187; PO-00037188; PO-00037189; PO-00037190; PO-00037355; PO-00038457; PO-00038542; PO-00038584; PO-00038587; PO-00038694; PO-00038807; PO-00038924; PO-00038931; PO-00038989; PO-00039083; PO-00039314; PO-00039319; PO-00039330; PO-00039348; PO-00039564; PO-00039583; PO-00039593; PO-00039624; PO-00039653; PO-00039692; PO-00039705; PO-00039733; PO-00039744; PO-00039751; PO-00039762; PO-00039763; PO-00039839; PO-00039879; PO-00039931; PO-00039966; PO-00039977; PO-00039980; PO-00040000; PO-00040166; PO-00040228; PO-00040237; PO-00040340; PO-00040368; PO-00040371; PO-00040374; PO-00040396; PO-00040406; PO-00040407; PO-00040422; PO-00040445; PO-00040477; PO-00040515; PO-00040547; PO-00040586; PO-00040950; PO-00040977; PO-00040978; PO-00040981; PO-00040984; PO-00040996; PO-00041032; PO-00041035; PO-00041041; PO-00041073; PO-00041078; PO-00041082; PO-00041142; PO-00041167; PO-00041174; PO-00041197; PO-00041210; PO-00041275; PO-00041297; PO-00041418; PO-00041419; PO-00041421; PO-00041423; PO-00041424; PO-00041430; PO-00041442; PO-00041445; PO-00041448; PO-00041460; PO-00042448; PO-00041931; PO-00041932; PO-00041933; PO-00041934; PO-00042607; PO-00042642; PO-00042643; PO-00042644; PO-00042645; PO-00042652; PO-00042653; PO-00042654; PO-00042655; PO-00042656,TX11829/2026/LI,1/26/2026,1/26/2027,Valid,TRF6A025689,ADVANCE FACTORY LIMITED,UNIFIELD TEXTILE LIMITED,Dark Pewter,Pass,Mapped,A - Exact Article,High,Selected by: eligible mapping; Pass/issued preferred; darkest color preferred; newest report used as later tie-breaker. Source: Article RSL Master; 9 candidate report(s).,,Pass + Report Issued; darkest applicable color; latest date as tie-breaker,Existing selected report retained; one report per Supplier + Article,Select 3 darkest colors for composite testing
UNIFIELD,UNIFIELD,UNIFIELD,Unifield-China,SP27 INTERNATIONAL TESTING MASTER - Unifield.xlsx,BFT11164-HR,Cypress/ Sedona Heather - F0086,Fabric,knit,70% Cotton 30% Polyester,VW2067; VW2190; VW298; VW3309; VW4498; VW4498L; VW4498S,PO-00033372; PO-00033392; PO-00033430; PO-00033549; PO-00033602; PO-00030603; PO-00030830; PO-00031209; PO-00031524; PO-00031932; PO-00032298; PO-00032369; PO-00030681; PO-00030701; PO-00031008; PO-00031030; PO-00031231; PO-00031256; PO-00031537; PO-00031930; PO-00032076; PO-00032122; PO-00032132; PO-00032441; PO-00032481; PO-00030659; PO-00031071; PO-00032094; PO-00032497; PO-00032591; PO-00032794; PO-00033912; PO-00033913; PO-00034091; PO-00034159; PO-00034172; PO-00034658; PO-00034873; PO-00034874; PO-00034985; PO-00033667; PO-00033668; PO-00036479; PO-00036483; PO-00036490; PO-00036509; PO-00037390; PO-00037427; PO-00040733; PO-00040767,TX10488/2026/YA-Amendment,1/20/2026,1/20/2027,Valid,TRF6A004326,ADVANCE FACTORY LIMITED,UNIFIELD TEXTILES LTD.,LIGHT HEATHER GREY,Pass,Mapped,A - Exact Article,High,Selected by: eligible mapping; Pass/issued preferred; darkest color preferred; newest report used as later tie-breaker. Source: Article RSL Master; 45 candidate report(s).,,Pass + Report Issued; darkest applicable color; latest date as tie-breaker,Existing selected report retained; one report per Supplier + Article,Select 3 darkest colors for composite testing
UNIFIELD,UNIFIELD,UNIFIELD,Unifield-China,SP27 INTERNATIONAL TESTING MASTER - Unifield.xlsx,BFT11164-SD,Cypress / Sedona Solid - F0085,Fabric,knit,70% Cotton 30% Polyester,V1199; VW2067; VW2068; VW2190; VW2218; VW298; VW3225; VW3309; VW4498; VW4498L; VW4498S; VW4599,PO-00033398; PO-00033430; PO-00033454; PO-00033480; PO-00033536; PO-00033549; PO-00033611; PO-00033619; PO-00033546; PO-00033550; PO-00030394; PO-00030603; PO-00030830; PO-00031209; PO-00031524; PO-00031932; PO-00032298; PO-00032369; PO-00030681; PO-00030701; PO-00031008; PO-00031030; PO-00031231; PO-00031256; PO-00031537; PO-00031631; PO-00031651; PO-00031930; PO-00032030; PO-00032076; PO-00032122; PO-00032132; PO-00032441; PO-00032481; PO-00030659; PO-00031071; PO-00032497; PO-00032591; PO-00032831; PO-00032832; PO-00032841; PO-00032844; PO-00032850; PO-00032886; PO-00032975; PO-00033043; PO-00033048; PO-00033077; PO-00033081; PO-00033092; PO-00032828; PO-00032854; PO-00032944; PO-00032950; PO-00032951; PO-00032958; PO-00032989; PO-00032991; PO-00032998; PO-00033268; PO-00033269; PO-00033295; PO-00033303; PO-00033332; PO-00033343; PO-00033961; PO-00034299; PO-00034501; PO-00034664; PO-00035388; PO-00035582; PO-00035818; PO-00035834; PO-00033912; PO-00033913; PO-00034091; PO-00034159; PO-00034172; PO-00034360; PO-00034658; PO-00034873; PO-00034874; PO-00034985; PO-00035573; PO-00035985; PO-00035986; PO-00035987; PO-00036143; PO-00033669; PO-00033734; PO-00033740; PO-00033760; PO-00033667; PO-00033668; PO-00033670; PO-00033761; PO-00033762; PO-00036515; PO-00036558; PO-00036565; PO-00036573; PO-00036633; PO-00036314; PO-00036334; PO-00036753; PO-00036857; PO-00037202; PO-00037001; PO-00037005; PO-00037194; PO-00037380; PO-00037388; PO-00037389; PO-00037426; PO-00037314; PO-00037242; PO-00041265; PO-00041317; PO-00040759; PO-00041312; PO-00041339; PO-00040733; PO-00042157; PO-00042158; PO-00042156,TX10490/2026/AC,1/15/2026,1/15/2027,Valid,TRF6A004284,ADVANCE FACTORY LIMITED,UNIFIELD TEXTILES LTD.,Navy,Pass,Mapped,A - Exact Article,High,Selected by: eligible mapping; Pass/issued preferred; darkest color preferred; newest report used as later tie-breaker. Source: Article RSL Master; 47 candidate report(s).,,Pass + Report Issued; darkest applicable color; latest date as tie-breaker,Existing selected report retained; one report per Supplier + Article,Select 3 darkest colors for composite testing
UNIFIELD,UNIFIELD,UNIFIELD,Unifield-Quote,SP27 INTERNATIONAL TESTING MASTER - Unifield.xlsx,BFZ22372-OGSD,Restore Non Brushed Light Weight Heather - F1587,Fabric,knit,70% Cotton (Organic) 30% Polyester,VW2214; VW2244; VW4612S,PO-00039412; PO-00039596; PO-00039770; PO-00040428; PO-00040496; PO-00041125; PO-00042443; PO-00041697; PO-00041708; PO-00041782; PO-00041783; PO-00042454; PO-00042142; PO-00042137,SL52625330616201TX,7/29/2026,7/29/2027,Valid,TRF6G030051,ADVANCE FACTORY LIMITED,UNIFIELD TEXTILES LIMITED,BLACK,Pass,Mapped,A - Exact Article,High,Selected by: eligible mapping; Pass/issued preferred; darkest color preferred; newest report used as later tie-breaker. Source: Article RSL Master; 2 candidate report(s).,,Pass + Report Issued; darkest applicable color; latest date as tie-breaker,Existing selected report retained; one report per Supplier + Article,Select 3 darkest colors for composite testing
UNIFIELD,UNIFIELD,UNIFIELD,Unifield-CN,SP27 INTERNATIONAL TESTING MASTER - Unifield.xlsx,BFZ8666-OG,Restore / Seaside Solid - F0107,Fabric,knit,66% Cotton (Organic) 34% Polyester,V2016; V2128; V2138; V2139; V2140; V2147; V2162; V3057; V4007; V400728; V4061; V406132; V4152; VW2002; VW2074; VW2124; VW2163; VW2178; VW2192; VW2195; VW2208; VW2212; VW2214; VW2224; VW2234; VW2236; VW4349; VW4349L; VW4349S; VW4401; VW4401L; VW4401S; VW4453; VW4453L; VW4453S; VW4527; VW4527L; VW4527S; VW590,PO-00033355; PO-00033356; PO-00033357; PO-00033358; PO-00033404; PO-00033452; PO-00033525; PO-00033538; PO-00033551; PO-00033435; PO-00033534; PO-00033548; PO-00033380; PO-00033386; PO-00033431; PO-00033544; PO-00033545; PO-00030583; PO-00030642; PO-00030671; PO-00030684; PO-00030711; PO-00030764; PO-00030770; PO-00030782; PO-00030812; PO-00030841; PO-00030902; PO-00030914; PO-00030967; PO-00030993; PO-00031090; PO-00031197; PO-00031244; PO-00031254; PO-00031301; PO-00031538; PO-00031568; PO-00031589; PO-00031652; PO-00031659; PO-00031737; PO-00031876; PO-00031918; PO-00031934; PO-00031937; PO-00031946; PO-00032024; PO-00032031; PO-00032074; PO-00032080; PO-00032098; PO-00032135; PO-00032201; PO-00032242; PO-00032307; PO-00032322; PO-00032367; PO-00032401; PO-00032435; PO-00032442; PO-00032607; PO-00032614; PO-00032701; PO-00032754; PO-00032779; PO-00032783; PO-00030398; PO-00030580; PO-00030589; PO-00030606; PO-00030665; PO-00030734; PO-00030865; PO-00031279; PO-00031291; PO-00031311; PO-00031337; PO-00031350; PO-00031541; PO-00031582; PO-00031603; PO-00031638; PO-00031645; PO-00031990; PO-00031998; PO-00032041; PO-00032051; PO-00032056; PO-00032084; PO-00032143; PO-00032238; PO-00032266; PO-00032416; PO-00032464; PO-00030558; PO-00030573; PO-00031083; PO-00031178; PO-00031483; PO-00031595; PO-00031873; PO-00032007; PO-00032623; PO-00032716; PO-00032871; PO-00032898; PO-00032899; PO-00032902; PO-00032928; PO-00032835; PO-00032906; PO-00032936; PO-00032997; PO-00032840; PO-00032858; PO-00032891; PO-00032929; PO-00032938; PO-00032956; PO-00032973; PO-00033334; PO-00033345; PO-00033291; PO-00033292; PO-00033908; PO-00033911; PO-00033971; PO-00033974; PO-00033976; PO-00034020; PO-00034157; PO-00034169; PO-00034507; PO-00034511; PO-00034513; PO-00034514; PO-00034518; PO-00034519; PO-00034799; PO-00035022; PO-00035107; PO-00035112; PO-00035123; PO-00035124; PO-00035145; PO-00035146; PO-00035147; PO-00035176; PO-00035177; PO-00035179; PO-00035207; PO-00035235; PO-00035236; PO-00035243; PO-00035244; PO-00035276; PO-00035365; PO-00035366; PO-00035369; PO-00035591; PO-00035595; PO-00035660; PO-00035671; PO-00035672; PO-00035800; PO-00035801; PO-00035802; PO-00035805; PO-00035806; PO-00035934; PO-00035950; PO-00042215; PO-00042234; PO-00042236; PO-00042245; PO-00042246; PO-00042278; PO-00042297; PO-00042308; PO-00033830; PO-00033832; PO-00033833; PO-00033834; PO-00033843; PO-00033844; PO-00033871; PO-00033881; PO-00033882; PO-00034083; PO-00034084; PO-00034196; PO-00034197; PO-00034309; PO-00034313; PO-00034316; PO-00034318; PO-00034452; PO-00034457; PO-00034458; PO-00034473; PO-00034545; PO-00034609; PO-00034612; PO-00034653; PO-00034654; PO-00034655; PO-00034657; PO-00034727; PO-00034817; PO-00034818; PO-00034869; PO-00034872; PO-00034936; PO-00034937; PO-00034941; PO-00034942; PO-00034945; PO-00034977; PO-00034980; PO-00034982; PO-00035020; PO-00035073; PO-00035074; PO-00035171; PO-00035311; PO-00035312; PO-00035314; PO-00035352; PO-00035355; PO-00035361; PO-00035450; PO-00035498; PO-00035501; PO-00035519; PO-00035520; PO-00035521; PO-00035528; PO-00035529; PO-00035564; PO-00035571; PO-00035603; PO-00035605; PO-00035839; PO-00035871; PO-00035872; PO-00035963; PO-00035964; PO-00035993; PO-00035995; PO-00042270; PO-00042299; PO-00042300; PO-00042340; PO-00033876; PO-00033877; PO-00033891; PO-00033892; PO-00033893; PO-00033936; PO-00033945; PO-00033962; PO-00033967; PO-00034005; PO-00034006; PO-00034064; PO-00034065; PO-00034067; PO-00034068; PO-00034077; PO-00034078; PO-00034103; PO-00034104; PO-00034108; PO-00034226; PO-00034227; PO-00034237; PO-00034239; PO-00034241; PO-00034242; PO-00034243; PO-00034244; PO-00034245; PO-00034248; PO-00034497; PO-00034498; PO-00034499; PO-00034527; PO-00034559; PO-00034678; PO-00034726; PO-00034751; PO-00034905; PO-00034927; PO-00034973; PO-00034974; PO-00035004; PO-00035007; PO-00035013; PO-00035014; PO-00035015; PO-00035067; PO-00035070; PO-00035071; PO-00035098; PO-00035130; PO-00035134; PO-00035135; PO-00035137; PO-00035138; PO-00035231; PO-00035232; PO-00035283; PO-00035285; PO-00035286; PO-00035287; PO-00035339; PO-00035374; PO-00035375; PO-00035386; PO-00035400; PO-00035452; PO-00035458; PO-00035489; PO-00035507; PO-00035541; PO-00035585; PO-00035586; PO-00035604; PO-00035643; PO-00035644; PO-00035645; PO-00035646; PO-00035648; PO-00035704; PO-00035711; PO-00035712; PO-00035777; PO-00035784; PO-00035786; PO-00035789; PO-00035847; PO-00035859; PO-00035860; PO-00035869; PO-00036015; PO-00036016; PO-00036055; PO-00036056; PO-00036064; PO-00036071; PO-00042227; PO-00042235; PO-00042247; PO-00042273; PO-00042289; PO-00042312; PO-00042683; PO-00033712; PO-00033741; PO-00033742; PO-00033665; PO-00033666; PO-00036221; PO-00036262; PO-00036265; PO-00036266; PO-00036311; PO-00036312; PO-00036255; PO-00036256; PO-00036336; PO-00036337; PO-00036541; PO-00036566; PO-00036572; PO-00036583; PO-00036634; PO-00036643; PO-00042209; PO-00042271; PO-00036219; PO-00036220; PO-00036254; PO-00036304; PO-00036305; PO-00036306; PO-00036316; PO-00036805; PO-00036809; PO-00036957; PO-00036976; PO-00036988; PO-00036825; PO-00036783; PO-00036850; PO-00036991; PO-00042265; PO-00042335; PO-00042337; PO-00042501; PO-00036653; PO-00036654; PO-00036655; PO-00036745; PO-00036789; PO-00036816; PO-00036828; PO-00036962; PO-00036967; PO-00036980; PO-00036997; PO-00042334; PO-00037316; PO-00037313; PO-00037327; PO-00037317; PO-00037214; PO-00037466; PO-00042311; PO-00038436; PO-00038455; PO-00038466; PO-00038487; PO-00038526; PO-00038544; PO-00038577; PO-00038615; PO-00038658; PO-00038741; PO-00038917; PO-00039067; PO-00039131; PO-00039262; PO-00042386; PO-00042402; PO-00038452; PO-00038498; PO-00038553; PO-00038558; PO-00038585; PO-00038593; PO-00038625; PO-00038647; PO-00038650; PO-00038664; PO-00038690; PO-00038696; PO-00038800; PO-00038801; PO-00038886; PO-00038909; PO-00038911; PO-00038926; PO-00038934; PO-00038952; PO-00038963; PO-00038980; PO-00038991; PO-00039002; PO-00039003; PO-00039022; PO-00039029; PO-00039030; PO-00039045; PO-00039084; PO-00039097; PO-00039099; PO-00039117; PO-00039145; PO-00039150; PO-00039155; PO-00039187; PO-00039192; PO-00039194; PO-00039242; PO-00039243; PO-00039245; PO-00039258; PO-00039289; PO-00039298; PO-00042390; PO-00042392; PO-00042478; PO-00042508; PO-00038439; PO-00038444; PO-00038514; PO-00038666; PO-00038671; PO-00038774; PO-00038791; PO-00038818; PO-00038833; PO-00038968; PO-00038990; PO-00039098; PO-00039291; PO-00042393; PO-00042509; PO-00039399; PO-00040233; PO-00040263; PO-00040286; PO-00040528; PO-00040573; PO-00041291; PO-00041538; PO-00041549; PO-00041596; PO-00041637; PO-00042437; PO-00039563; PO-00039589; PO-00039596; PO-00039618; PO-00039732; PO-00039748; PO-00039770; PO-00039843; PO-00040039; PO-00040138; PO-00040276; PO-00040318; PO-00040512; PO-00040607; PO-00040672; PO-00040807; PO-00040920; PO-00040994; PO-00041097; PO-00041130; PO-00041186; PO-00041330; PO-00041334; PO-00041347; PO-00041358; PO-00041434; PO-00041522; PO-00041560; PO-00041640; PO-00041659; PO-00039459; PO-00039570; PO-00039649; PO-00039825; PO-00039903; PO-00039986; PO-00039997; PO-00040055; PO-00040105; PO-00040112; PO-00040197; PO-00040208; PO-00040277; PO-00040295; PO-00040420; PO-00040457; PO-00040567; PO-00040577; PO-00040649; PO-00040684; PO-00040851; PO-00040899; PO-00040924; PO-00041090; PO-00041169; PO-00041189; PO-00041202; PO-00041309; PO-00042444; PO-00042446; PO-00042447; PO-00042143; PO-00042144; PO-00042146; PO-00042142; PO-00042145; PO-00042148; PO-00042147,SL52605296260801TX,3/27/2026,3/27/2027,Valid,TRF6C026414,ADVANCE FACTORY LIMITED,UNIFIELD TEXTILES LIMITED,Pink Taffy,Pass,Mapped,A - Exact Article,High,Selected by: eligible mapping; Pass/issued preferred; darkest color preferred; newest report used as later tie-breaker. Source: Article RSL Master; 50 candidate report(s).,,Pass + Report Issued; darkest applicable color; latest date as tie-breaker,Existing selected report retained; one report per Supplier + Article,Select 3 darkest colors for composite testing
UNIFIELD,UNIFIELD,UNIFIELD,Unifield-CN,SP27 INTERNATIONAL TESTING MASTER - Unifield.xlsx,BFZ8666-OG-HR,Restore / Seaside Heather - F0108,Fabric,knit,66% Cotton (Organic) 34% Polyester,V2016; V2138; V2139; V2140; V2162; V3057; V4007; V400728; V4061; V406132; VW2002; VW2074; VW2124; VW2163; VW2192; VW2195; VW2212; VW2224; VW2236; VW4349; VW4349L; VW4349S; VW4401; VW4401L; VW4401S; VW4453; VW4453L; VW4453S,PO-00033359; PO-00033360; PO-00033361; PO-00033362; PO-00033390; PO-00033534; PO-00033548; PO-00033554; PO-00033386; PO-00033431; PO-00033552; PO-00033553; PO-00030406; PO-00030583; PO-00030671; PO-00030684; PO-00030711; PO-00030841; PO-00030967; PO-00030993; PO-00031063; PO-00031293; PO-00031568; PO-00031610; PO-00031652; PO-00031918; PO-00031934; PO-00031937; PO-00031946; PO-00032031; PO-00032098; PO-00032307; PO-00032322; PO-00032607; PO-00032754; PO-00032779; PO-00030401; PO-00030560; PO-00030580; PO-00030606; PO-00030712; PO-00031134; PO-00031279; PO-00031291; PO-00031358; PO-00031368; PO-00031645; PO-00031666; PO-00031979; PO-00031990; PO-00032051; PO-00032130; PO-00032238; PO-00032646; PO-00032707; PO-00030573; PO-00030946; PO-00031178; PO-00031595; PO-00032007; PO-00032842; PO-00032851; PO-00032947; PO-00032966; PO-00032840; PO-00032858; PO-00032891; PO-00032929; PO-00032938; PO-00032956; PO-00032973; PO-00033908; PO-00033970; PO-00033971; PO-00034020; PO-00034157; PO-00034507; PO-00034513; PO-00034514; PO-00034799; PO-00035022; PO-00035145; PO-00035146; PO-00035147; PO-00035176; PO-00035177; PO-00035660; PO-00035672; PO-00035673; PO-00035800; PO-00035801; PO-00035802; PO-00035934; PO-00042502; PO-00033830; PO-00033834; PO-00034452; PO-00034942; PO-00035311; PO-00035314; PO-00035352; PO-00035355; PO-00035519; PO-00035520; PO-00035521; PO-00035964; PO-00042210; PO-00042270; PO-00042272; PO-00042340; PO-00033891; PO-00033892; PO-00033893; PO-00033936; PO-00033962; PO-00034005; PO-00034006; PO-00034103; PO-00034104; PO-00034244; PO-00034245; PO-00034527; PO-00034559; PO-00034678; PO-00034726; PO-00034751; PO-00034905; PO-00034927; PO-00034928; PO-00035007; PO-00035130; PO-00035134; PO-00035135; PO-00035286; PO-00035374; PO-00035386; PO-00035452; PO-00035489; PO-00035540; PO-00035643; PO-00035644; PO-00035646; PO-00035786; PO-00035845; PO-00035859; PO-00035860; PO-00036064; PO-00042312; PO-00042683; PO-00033712; PO-00033741; PO-00033666; PO-00036517; PO-00036530; PO-00036262; PO-00036265; PO-00036220; PO-00036254; PO-00036316; PO-00036656; PO-00036745; PO-00037413; PO-00037430; PO-00037466; PO-00038455; PO-00038466; PO-00038544; PO-00038577; PO-00038615; PO-00039067; PO-00039109; PO-00039262; PO-00042386; PO-00039563; PO-00039589; PO-00039676; PO-00039730; PO-00039748; PO-00039941; PO-00040096; PO-00040331; PO-00040672; PO-00040985; PO-00041051; PO-00041288; PO-00041334; PO-00041358; PO-00041522; PO-00041530; PO-00041560; PO-00041586; PO-00041609; PO-00041640; PO-00041647; PO-00039448; PO-00039459; PO-00039478; PO-00039570; PO-00039684; PO-00039799; PO-00039825; PO-00039903; PO-00040016; PO-00040197; PO-00040221; PO-00040457; PO-00040567; PO-00040853; PO-00040899; PO-00041090; PO-00041169; PO-00041202; PO-00042146,TXC2573/2025 /AC-Amendment,1/2/2026,1/2/2027,Valid,TRF5L040927,ADVANCE FACTORY LIMITED,UNIFIELD TEXTILES LIMITED,PALE GREY HEATHER (DARKEST COLOR),Pass,Mapped,A - Exact Article,High,Selected by: eligible mapping; Pass/issued preferred; darkest color preferred; newest report used as later tie-breaker. Source: Article RSL Master; 45 candidate report(s).,,Pass + Report Issued; darkest applicable color; latest date as tie-breaker,Existing selected report retained; one report per Supplier + Article,Select 3 darkest colors for composite testing
UNIFIELD,UNIFIELD,UNIFIELD,Unifield-China,SP27 INTERNATIONAL TESTING MASTER - Unifield.xlsx,BPF17787-BCI,Pique Fleece Solid - F0301,Fabric,knit,85% Cotton 15% Polyester,V2115; V2120,PO-00034208; PO-00034323; PO-00034324; PO-00034367; PO-00034368; PO-00034673; PO-00034900; PO-00034901; PO-00035188; PO-00035189; PO-00035269; PO-00035572; PO-00035868; PO-00036067; PO-00036068; PO-00042296; PO-00036252,SL52605307438501TX,4/10/2026,4/10/2027,Valid,TRF6C052700,ADVANCE FACTORY LIMITED,UNIFIELD TEXTILES LIMITED,Ink,Pass,Mapped,A - Exact Article,High,Selected by: eligible mapping; Pass/issued preferred; darkest color preferred; newest report used as later tie-breaker. Source: Article RSL Master; 3 candidate report(s).,,Pass + Report Issued; darkest applicable color; latest date as tie-breaker,Existing selected report retained; one report per Supplier + Article,Select 3 darkest colors for composite testing
UNIFIELD,UNIFIELD,UNIFIELD,Unifield-Quote,SP27 INTERNATIONAL TESTING MASTER - Unifield.xlsx,BPF21870-SD,Pique Fleece Solid Updated Version - F1191,Fabric,knit,85% Cotton 15% Polyester,V2120; V4140,PO-00034300; PO-00034460; PO-00034461; PO-00034462; PO-00035391; PO-00035392; PO-00035548; PO-00035635; PO-00035638; PO-00042277; PO-00042298; PO-00042490; PO-00042495; PO-00036270; PO-00039908; PO-00040597; PO-00041198,SL52605307438501TX,4/10/2026,4/10/2027,Valid,TRF6C052700,ADVANCE FACTORY LIMITED,UNIFIELD TEXTILES LIMITED,Ink,Pass,Mapped,B - Style + T2,Medium,Selected by: eligible mapping; Pass/issued preferred; darkest color preferred; newest report used as later tie-breaker. Source: Article RSL Master; 2 candidate report(s).,,Pass + Report Issued; darkest applicable color; latest date as tie-breaker,Existing selected report retained; one report per Supplier + Article,Select 3 darkest colors for composite testing
UNIFIELD,UNIFIELD,UNIFIELD,Unifield-CN,SP27 INTERNATIONAL TESTING MASTER - Unifield.xlsx,BSJ10273-BCI,Feather Solid - F0599,Fabric,knit,93% Cotton 7% Elastane,V1069; V8167; VW1028; VW1393,PO-00031487; PO-00031498; PO-00031905; PO-00031928; PO-00030639; PO-00030867; PO-00031155; PO-00031514; PO-00031818; PO-00031889; PO-00031915; PO-00032579; PO-00033866; PO-00033867; PO-00034381; PO-00034382; PO-00034478; PO-00034547; PO-00035291; PO-00035293; PO-00035451; PO-00035453; PO-00035954; PO-00035955; PO-00042313; PO-00036295; PO-00037197; PO-00040429; PO-00040548; PO-00039595; PO-00039887; PO-00040017; PO-00040156; PO-00040215; PO-00040265; PO-00040267; PO-00040330; PO-00040483; PO-00040546; PO-00040635; PO-00040990; PO-00041284; PO-00041405; PO-00041573; PO-00042586,TX30238/2026/YW,3/12/2026,3/12/2027,Valid,TRF6C000417,ADVANCE FACTORY LIMITED,UNIFIELD TEXTILES LTD.,Ink,Pass,Mapped,A - Exact Article,High,Selected by: eligible mapping; Pass/issued preferred; darkest color preferred; newest report used as later tie-breaker. Source: Article RSL Master; 10 candidate report(s).,,Pass + Report Issued; darkest applicable color; latest date as tie-breaker,Existing selected report retained; one report per Supplier + Article,Select 3 darkest colors for composite testing
UNIFIELD,UNIFIELD,UNIFIELD,Unifield-CN,SP27 INTERNATIONAL TESTING MASTER - Unifield.xlsx,BSJ10273-PFD,Feather - PFD - F0408,Fabric,knit,93% Cotton 7% Elastane,V1069,PO-00031498; PO-00031928,TX30238/2026/YW,3/12/2026,3/12/2027,Valid,TRF6C000417,ADVANCE FACTORY LIMITED,UNIFIELD TEXTILES LTD.,Ink,Pass,Mapped,B - Style + T2,Medium,Selected by: eligible mapping; Pass/issued preferred; darkest color preferred; newest report used as later tie-breaker. Source: Article RSL Master; 5 candidate report(s).,,Pass + Report Issued; darkest applicable color; latest date as tie-breaker,Existing selected report retained; one report per Supplier + Article,Select 3 darkest colors for composite testing
UNIFIELD,UNIFIELD,UNIFIELD,Unifield China,SP27 INTERNATIONAL TESTING MASTER - Unifield.xlsx,DWF5666-R-LZSD,OG Waffle Solid - F0025,Fabric,knit,68% Cotton 19% Polyester 11% Modal 2% Elastane,V1049; V176; V247; VW1574; VW2189; VW4428; VW4428S,PO-00033402; PO-00031057; PO-00031328; PO-00031436; PO-00031459; PO-00032198; PO-00032263; PO-00032518; PO-00030676; PO-00031123; PO-00031255; PO-00031532; PO-00032060; PO-00032730; PO-00032750; PO-00033845; PO-00034100; PO-00034325; PO-00034326; PO-00034373; PO-00034375; PO-00034677; PO-00035062; PO-00035702; PO-00035819; PO-00035820; PO-00036017; PO-00036031; PO-00036032; PO-00036033; PO-00042213; PO-00042244; PO-00042275; PO-00042279; PO-00042310; PO-00033823; PO-00034079; PO-00034322; PO-00034672; PO-00034938; PO-00035105; PO-00035237; PO-00035344; PO-00035411; PO-00035588; PO-00035589; PO-00035590; PO-00035661; PO-00035815; PO-00035842; PO-00035855; PO-00035890; PO-00042216; PO-00042225; PO-00042226; PO-00042288; PO-00033713; PO-00033788; PO-00036384; PO-00036428; PO-00037011; PO-00037150; PO-00037445; PO-00037463; PO-00037476; PO-00042268,TX10872A/2026/CI,1/30/2026,1/30/2027,Valid,TRF6A038159,ADVANCE FACTORY LIMITED,UNIFIELD TEXTILES LTD.,Bourbon,Pass,Mapped,A - Exact Article,High,Selected by: eligible mapping; Pass/issued preferred; darkest color preferred; newest report used as later tie-breaker. Source: Article RSL Master; 12 candidate report(s).,,Pass + Report Issued; darkest applicable color; latest date as tie-breaker,Existing selected report retained; one report per Supplier + Article,Select 3 darkest colors for composite testing
UNIFIELD,UNIFIELD,UNIFIELD,Unifield China,SP27 INTERNATIONAL TESTING MASTER - Unifield.xlsx,DWR-5666-R-LZHR,OG Waffle Heather - F0022,Fabric,knit,68% Cotton 19% Polyester 11% Modal 2% Elastane,V1049; V176; V247; VW1574; VW2189; VW4428; VW4428S,PO-00033607; PO-00031057; PO-00032198; PO-00032518; PO-00033845; PO-00034100; PO-00034325; PO-00034373; PO-00034677; PO-00035062; PO-00035702; PO-00035819; PO-00036017; PO-00036031; PO-00036032; PO-00042213; PO-00042244; PO-00042275; PO-00042279; PO-00042310; PO-00033823; PO-00034079; PO-00034322; PO-00034672; PO-00034938; PO-00035105; PO-00035344; PO-00035411; PO-00035588; PO-00035589; PO-00035590; PO-00035661; PO-00035815; PO-00035842; PO-00035855; PO-00035890; PO-00042216; PO-00042225; PO-00036384; PO-00036428,TX61161/2026/JU,6/15/2026,6/15/2027,Valid,TRF6F015279,ADVANCE FACTORY LIMITED,UNIFIELD TEXTILES LIMITED,Bone Heather,Pass,Mapped,A - Exact Article,High,Selected by: eligible mapping; Pass/issued preferred; darkest color preferred; newest report used as later tie-breaker. Source: Article RSL Master; 12 candidate report(s).,,Pass + Report Issued; darkest applicable color; latest date as tie-breaker,Existing selected report retained; one report per Supplier + Article,Select 3 darkest colors for composite testing
UNIFIELD,UNIFIELD,UNIFIELD,Unifield - 2027,SP27 INTERNATIONAL TESTING MASTER - Unifield.xlsx,ZFZ21757-OGSD,Restore / Seaside Light  Weight Solid - F0868,Fabric,knit,70% Cotton (Organic) 30% Polyester,VW2192; VW2214; VW2244; VW4612; VW4612L; VW4612S; VW4617,PO-00038455; PO-00038466; PO-00038544; PO-00038577; PO-00038615; PO-00039067; PO-00039452; PO-00039529; PO-00039596; PO-00039618; PO-00039664; PO-00039717; PO-00039750; PO-00039770; PO-00040005; PO-00040264; PO-00040423; PO-00040428; PO-00040496; PO-00040623; PO-00040670; PO-00040726; PO-00041004; PO-00041083; PO-00041096; PO-00041119; PO-00041125; PO-00041186; PO-00041229; PO-00042440; PO-00042442; PO-00039562; PO-00039739; PO-00039872; PO-00040698; PO-00040739; PO-00040897; PO-00041238; PO-00041294; PO-00041376; PO-00042445; PO-00042146; PO-00042136; PO-00042140; PO-00042142; PO-00042137; PO-00042562; PO-00042600,SL52625330616201TX,7/29/2026,7/29/2027,Valid,TRF6G030051,ADVANCE FACTORY LIMITED,UNIFIELD TEXTILES LIMITED,BLACK,Pass,Mapped,A - Exact Article,High,Selected by: eligible mapping; Pass/issued preferred; darkest color preferred; newest report used as later tie-breaker. Source: Article RSL Master; 2 candidate report(s).,,Pass + Report Issued; darkest applicable color; latest date as tie-breaker,Existing selected report retained; one report per Supplier + Article,Select 3 darkest colors for composite testing
UNIFIELD,UNIFIELD,UNIFIELD,Unifield-CN,SP27 INTERNATIONAL TESTING MASTER - Unifield.xlsx,ZSJ19366-OGHR,Feather Heavy Heather - F0129,Fabric,knit,100% Cotton (Organic),V1094; VW1627,PO-00030446; PO-00030449; PO-00030495; PO-00030516; PO-00030951; PO-00031051; PO-00031382; PO-00031383; PO-00031488; PO-00031670; PO-00032016; PO-00032050; PO-00032611; PO-00031985; PO-00033829; PO-00034712; PO-00035423; PO-00035766; PO-00035767; PO-00034441; PO-00036452; PO-00036470; PO-00036498; PO-00039817; PO-00040566,TX21433/2026/CI,2/25/2026,2/25/2027,Valid,TRF6B012937,ADVANCE FACTORY LIMITED,UNIFIELD TEXTILES LTD.,Buttermilk Heather,Pass,Mapped,A - Exact Article,High,Selected by: eligible mapping; Pass/issued preferred; darkest color preferred; newest report used as later tie-breaker. Source: Article RSL Master; 16 candidate report(s).,,Pass + Report Issued; darkest applicable color; latest date as tie-breaker,Existing selected report retained; one report per Supplier + Article,Select 3 darkest colors for composite testing
UNIFIELD,UNIFIELD,UNIFIELD,Unifield-CN,SP27 INTERNATIONAL TESTING MASTER - Unifield.xlsx,ZSJ19366-OGYD-ROCCO,Feather Heavy Rocco Yarn Dyed Stripe - F1051,Fabric,knit,100% Cotton (Organic),V1094; VW1613,PO-00039462; PO-00039697; PO-00039719; PO-00040053; PO-00040060; PO-00040274; PO-00040458; PO-00040595; PO-00040621; PO-00040723; PO-00040832; PO-00041042; PO-00041544; PO-00041592; PO-00041599; PO-00041622; PO-00041626; PO-00041650; PO-00042154,TX21434/2026/AC,2/25/2026,2/25/2027,Valid,TRF6B013075,ADVANCE FACTORY LIMITED,UNIFIELD TEXTILES LTD.,Buttermilk Heather,Pass,Mapped,B - Style + T2,Medium,Selected by: eligible mapping; Pass/issued preferred; darkest color preferred; newest report used as later tie-breaker. Source: Article RSL Master; 16 candidate report(s).,,Pass + Report Issued; darkest applicable color; latest date as tie-breaker,Existing selected report retained; one report per Supplier + Article,Select 3 darkest colors for composite testing
UNIFIELD,UNIFIELD,UNIFIELD,Unifield-CN,SP27 INTERNATIONAL TESTING MASTER - Unifield.xlsx,ZSJ19366-OGYD-WINDSOR,Feather Heavy Windsor Yarn Dyed Stripe - F0949,Fabric,knit,100% Cotton (Organic),VW1697,PO-00034329; PO-00034330; PO-00034331; PO-00034332; PO-00035454; PO-00035455; PO-00038528; PO-00038529; PO-00038719; PO-00038726; PO-00038747; PO-00038793; PO-00038858; PO-00039190,SL52615311182201TX,5/16/2026,5/16/2027,Valid,TRF6E006339,ADVANCE FACTORY LIMITED,UNIFIELD TEXTILES LTD.,Ink Stripe,Pass,Mapped,A - Exact Article,High,Selected by: eligible mapping; Pass/issued preferred; darkest color preferred; newest report used as later tie-breaker. Source: Article RSL Master; 1 candidate report(s).,,Pass + Report Issued; darkest applicable color; latest date as tie-breaker,Existing selected report retained; one report per Supplier + Article,Select 3 darkest colors for composite testing
UNIFIELD,UNIFIELD,UNIFIELD,Unifield-CN,SP27 INTERNATIONAL TESTING MASTER - Unifield.xlsx,ZSJ19366-OG-PFD,Feather Heavy Solid PFD - F0552,Fabric,knit,100% Cotton (Organic),V1094,PO-00030495; PO-00031382; PO-00031670; PO-00032016; PO-00032050; PO-00033829; PO-00034712; PO-00035766,TX73574/2025/AC,8/4/2025,8/4/2026,Expired,TRF5G035609,ADVANCE FACTORY LIMITED,UNIFIELD TEXTILES LIMITED,BLACK,Pass,Mapped,B - Style + T2,Medium,Selected by: eligible mapping; Pass/issued preferred; darkest color preferred; newest report used as later tie-breaker. Source: Article RSL Master; 16 candidate report(s).,,Pass + Report Issued; darkest applicable color; latest date as tie-breaker,Existing selected report retained; one report per Supplier + Article,RSL report expired
UNIFIELD,UNIFIELD,UNIFIELD,Unifield-CN,SP27 INTERNATIONAL TESTING MASTER - Unifield.xlsx,ZSJ19366-OGSD,Feather Heavy Solid - F0115,Fabric,knit,100% Cotton (Organic),V1094; V1192; VW1543; VW1613; VW1627; VW1698,PO-00033403; PO-00033618; PO-00030446; PO-00030449; PO-00030495; PO-00030516; PO-00030951; PO-00031051; PO-00031382; PO-00031383; PO-00031488; PO-00031670; PO-00032016; PO-00032050; PO-00032457; PO-00032611; PO-00032666; PO-00032705; PO-00031216; PO-00031462; PO-00031580; PO-00031840; PO-00031985; PO-00033040; PO-00033047; PO-00033051; PO-00033059; PO-00033085; PO-00033068; PO-00033080; PO-00033829; PO-00034710; PO-00034711; PO-00034712; PO-00034713; PO-00034877; PO-00035423; PO-00035766; PO-00035767; PO-00034441; PO-00034761; PO-00036529; PO-00036532; PO-00036516; PO-00036531; PO-00037142; PO-00038454; PO-00038725; PO-00038844; PO-00039031; PO-00039118; PO-00039195; PO-00039252; PO-00039255; PO-00039409; PO-00039536; PO-00039817; PO-00040021; PO-00040201; PO-00040219; PO-00040412; PO-00040566; PO-00040628; PO-00040711; PO-00040747; PO-00040750; PO-00040819; PO-00040821; PO-00040832; PO-00040854; PO-00042659; PO-00042668,TX71914/2025/UL,7/21/2025,7/21/2026,Expired,TRF5G015270,ADVANCE FACTORY LIMITED,UNIFIELD TEXTILES LTD.,BLACK,Pass,Mapped,A - Exact Article,High,Selected by: eligible mapping; Pass/issued preferred; darkest color preferred; newest report used as later tie-breaker. Source: Article RSL Master; 18 candidate report(s).,,Pass + Report Issued; darkest applicable color; latest date as tie-breaker,Existing selected report retained; one report per Supplier + Article,RSL report expired
UNITED BERRY,UNITED BERRY,UNITED BERRY,United Berry-Taiwan,SP27 INTERNATIONAL TESTING MASTER  - United Berry.xlsx,D3611- Heather,Palmas Heather - F0424,Fabric,knit,80% Polyester (Recycled) 20% Lyocell,V1118; V1275,PO-00039407; PO-00039602; PO-00039611; PO-00039926; PO-00040971; PO-00041165; PO-00041289; PO-00041780; PO-00041794; PO-00041798; PO-00041816; PO-00041948; PO-00041949; PO-00041950; PO-00042424; PO-00042455,TX72183/2026/TY,7/24/2026,7/24/2027,Valid,TRF6G029743,"UNITED BERRY INDUSTRY CO., LTD.","UNITED BERRY INDUSTRY CO., LTD.",DARK PEWTER HEATHER,Pass,Mapped,B - Style + T2,Medium,Selected by: eligible mapping; Pass/issued preferred; darkest color preferred; newest report used as later tie-breaker. Source: Article RSL Master; 4 candidate report(s).,,Pass + Report Issued; darkest applicable color; latest date as tie-breaker,Existing selected report retained; one report per Supplier + Article,Select 3 darkest colors for composite testing
UNITED BERRY,UNITED BERRY,UNITED BERRY,United Berry-Taiwan,SP27 INTERNATIONAL TESTING MASTER  - United Berry.xlsx,D3611- SOLID,Palmas Solid - F0633,Fabric,knit,80% Polyester (Recycled) 20% Lyocell,V1118; V1275,PO-00039602; PO-00039611; PO-00039811; PO-00039926; PO-00040020; PO-00040971; PO-00041165; PO-00041257; PO-00041289; PO-00041780; PO-00041794; PO-00041798; PO-00041816; PO-00042424; PO-00042455,TX72183/2026/TY,7/24/2026,7/24/2027,Valid,TRF6G029743,"UNITED BERRY INDUSTRY CO., LTD.","UNITED BERRY INDUSTRY CO., LTD.",DARK PEWTER HEATHER,Pass,Mapped,B - Style + T2,Medium,Selected by: eligible mapping; Pass/issued preferred; darkest color preferred; newest report used as later tie-breaker. Source: Article RSL Master; 4 candidate report(s).,,Pass + Report Issued; darkest applicable color; latest date as tie-breaker,Existing selected report retained; one report per Supplier + Article,Select 3 darkest colors for composite testing
UNITED BERRY,UNITED BERRY,UNITED BERRY,United Berry-TW,SP27 INTERNATIONAL TESTING MASTER  - United Berry.xlsx,S4730,Lifestyle Boxer Solid Resetting  - F1247,Fabric,knit,56% Polyester (Recycled) 37% Modal 7% Elastane,V8259; V8260,PO-00038474; PO-00038502; PO-00038590; PO-00038631; PO-00039008; PO-00040444; PO-00040590; PO-00040608; PO-00040776; PO-00040909; PO-00041925; PO-00041926; PO-00041671; PO-00041672,TX72181/2026/CI,7/27/2026,7/27/2027,Valid,TRF6G030455,"UNITED BERRY INDUSTRY CO., LTD.","UNITED BERRY INDUSTRY CO., LTD.",BLACK,Pass,Mapped,B - Style + T2,Medium,Selected by: eligible mapping; Pass/issued preferred; darkest color preferred; newest report used as later tie-breaker. Source: Article RSL Master; 1 candidate report(s).,,Pass + Report Issued; darkest applicable color; latest date as tie-breaker,Existing selected report retained; one report per Supplier + Article,Select 3 darkest colors for composite testing
UNITED BERRY,UNITED BERRY,UNITED BERRY,United Berry-TW,SP27 INTERNATIONAL TESTING MASTER  - United Berry.xlsx,UBC-0511,Lifestyle Boxer Solid - F0135,Fabric,knit,93% Modal 7% Elastane,V8099; V8102; V8157,PO-00033640; PO-00033641; PO-00033642; PO-00033643; PO-00033644; PO-00032873; PO-00032932; PO-00032943; PO-00032984; PO-00036621; PO-00036637,TX93114/2025/CI,10/1/2025,10/1/2026,Valid,TRF5I035473,"UNITED BERRY INDUSTRY CO., LTD.","UNITED BERRY INDUSTRY CO., LTD.",DARK PEWTER,Pass,Mapped,B - Style + T2,Medium,Selected by: eligible mapping; Pass/issued preferred; darkest color preferred; newest report used as later tie-breaker. Source: Article RSL Master; 1 candidate report(s).,,Pass + Report Issued; darkest applicable color; latest date as tie-breaker,Existing selected report retained; one report per Supplier + Article,Select 3 darkest colors for composite testing
VICTORIA,VICTORIA,VICTORIA,Victoria Textile-korea,SP27 INTERNATIONAL TESTING MASTER - Victoria Textile.xlsx,K-3831,Loma Pique Solid - F0929,Fabric,knit,71% Modal 24% Polyester (Recycled) 5% Elastane,V1229; V1241,PO-00038475; PO-00038525; PO-00038581; PO-00038675; PO-00038710; PO-00038722; PO-00038727; PO-00038772; PO-00038866; PO-00038875; PO-00039191; PO-00039208; PO-00039213; PO-00039246; PO-00042380,,,,Missing RSL Report,,VICTORIA,,,,No Candidate Found,,Unmapped,No exact Article reference or sufficiently strong Style + T2 match found in SGS export. No mapped RSL report; manual follow-up required.,,Pass + Report Issued; darkest applicable color; latest date as tie-breaker,Existing selected report retained; one report per Supplier + Article,Submit RSL report
YOUNG INTERNATIONAL (YIC),YOUNG INTERNATIONAL (YIC),YOUNG INTERNATIONAL (YIC),Hwear FH27 -Quote,,HW211119-0306SO,Sneaker Twill - Coastline Solid - F1065,Fabric,woven,100% Lyocell,VW5163,PO-00035095; PO-00035148; PO-00035663; PO-00037193; PO-00037203,SL42604302322801TX,4/24/2026,4/24/2027,Valid,TRF6D042218,YOUNG INTERNATIONAL (YIC),YOUNG INTERNATIONAL (YIC),BLACK,Pass,Mapped,A - Exact Article,Medium,Selected by: eligible mapping; Pass/issued preferred; darkest color preferred; newest report used as later tie-breaker. Source: Article RSL Master; 1 candidate report(s).,,Pass + Report Issued; darkest applicable color; latest date as tie-breaker,Existing selected report retained; one report per Supplier + Article,Select 3 darkest colors for composite testing
YOUNG INTERNATIONAL (YIC) ,YOUNG INTERNATIONAL (YIC) ,YOUNG INTERNATIONAL (YIC) ,"GB Textile CO., LTD-Quote",,GNE4363XLP-1,Kodiak Island Woven 2.5L Solid - F0705,Fabric,composite,50% Polyester (Recycled) 35% Polyester 15% Polyamide,V5124; VW5154,PO-00041698; PO-00041707; PO-00041712; PO-00041729; PO-00041739; PO-00041759; PO-00041776; PO-00041787; PO-00041890; PO-00041895; PO-00041900; PO-00041909; PO-00041914; PO-00041918; PO-00042199,,,,Missing RSL Report,,YOUNG INTERNATIONAL (YIC),YOUNG INTERNATIONAL (YIC),,,No Candidate Found,,Unmapped,No exact Article reference or sufficiently strong Style + T2 match found in SGS export. No mapped RSL report; manual follow-up required.,,Pass + Report Issued; darkest applicable color; latest date as tie-breaker,Existing selected report retained; one report per Supplier + Article,Submit RSL report
YOUNG INTERNATIONAL (YIC) ,YOUNG INTERNATIONAL (YIC) ,YOUNG INTERNATIONAL (YIC) ,"GB Textile CO., LTD-Quote",,GWC-K018,Ballard Resource - GB Textiles - Plaid - F0884,Fabric,knit,100% Polyester (Recycled),V5090; VW5161,PO-00034022; PO-00034151; PO-00034152; PO-00034566; PO-00034757; PO-00035403; PO-00035576; PO-00035620; PO-00042229; PO-00042291,,,,Missing RSL Report,,YOUNG INTERNATIONAL (YIC),YOUNG INTERNATIONAL (YIC),,,No Candidate Found,,Unmapped,No exact Article reference or sufficiently strong Style + T2 match found in SGS export. No mapped RSL report; manual follow-up required.,,Pass + Report Issued; darkest applicable color; latest date as tie-breaker,Existing selected report retained; one report per Supplier + Article,Submit RSL report
YOUNGONE,YOUNGONE,YOUNGONE,Youngone-designtex Vietnam,SP27 INTERNATIONAL TESTING MASTER - Youngone.xlsx,6156,Lightweight Merino Jersey Solid - F0911,Fabric,knit,53% Wool 47% Modal,V1211; V1238,PO-00036533; PO-00036536; PO-00036542; PO-00036548; PO-00036564; PO-00036587; PO-00036592; PO-00036608; PO-00039636; PO-00039873; PO-00039967; PO-00040639; PO-00040763; PO-00040785,SL02260500663101TX,5/20/2026,5/20/2027,Valid,TRF6E030019,"YOUNG ONE NAM DINH CO., LTD","YOUNG ONE NAM DINH CO., LTD",Navy,Pass,Mapped,B - Style + T2,Medium,Selected by: eligible mapping; Pass/issued preferred; darkest color preferred; newest report used as later tie-breaker. Source: Article RSL Master; 2 candidate report(s).,,Pass + Report Issued; darkest applicable color; latest date as tie-breaker,Existing selected report retained; one report per Supplier + Article,Select 3 darkest colors for composite testing
YOUNGTEX,YOUNGTEX,YOUNGTEX,Youngtex-Korea,SP27 INTERNATIONAL TESTING MASTER - Youngtex.xlsx,Bioflex lab107AW RES,Bioflex lab107AW RES Solid - F0013,Fabric,woven,84% Polyamide (Recycled) 16% Elastane,V3035; V496,PO-00031726; PO-00031753; PO-00031846; PO-00033793; PO-00033791,F690101/LF-CTSAYSA26-02610,3/3/2026,3/3/2027,Valid,TRF6B026366,YOUNG TEXTILE CO. LTD.,YOUNG TEXTILE CO. LTD.,BLACK,Pass,Mapped,B - Style + T2,Review,Selected by: eligible mapping; Pass/issued preferred; darkest color preferred; newest report used as later tie-breaker. Source: Article RSL Master; 5 candidate report(s).,,Pass + Report Issued; darkest applicable color; latest date as tie-breaker,Existing selected report retained; one report per Supplier + Article,Select 3 darkest colors for composite testing
YOUNGTEX,YOUNGTEX,YOUNGTEX,Youngtex-China,SP27 INTERNATIONAL TESTING MASTER - Youngtex.xlsx,XNE-YC23-L121W,Cinch Solid - F0023,Fabric,woven,88% Polyamide (Recycled) 12% Elastane,VW5007; VW5185,PO-00030700; PO-00030863; PO-00031160; PO-00031574; PO-00032066; PO-00032354; PO-00032440; PO-00034254; PO-00034255; PO-00034279; PO-00035713; PO-00036389; PO-00039712; PO-00040064; PO-00040764; PO-00041033; PO-00041271; PO-00039960; PO-00040153; PO-00040262; PO-00040818; PO-00041013; PO-00041203; PO-00041216; PO-00041700; PO-00041703; PO-00041721; PO-00041744; PO-00041748; PO-00041788; PO-00041805; PO-00042434; PO-00042460; PO-00042201; PO-00042636; PO-00042564; PO-00042638,F690101/LF-CTSAYSA25-20739,1/12/2026,1/12/2027,Valid,TRF5L055058,YOUNG TEXTILE CO. LTD.,YOUNG TEXTILE CO. LTD.,Black,Pass,Mapped,B - Style + T2,Review,Selected by: eligible mapping; Pass/issued preferred; darkest color preferred; newest report used as later tie-breaker. Source: Article RSL Master; 5 candidate report(s).,,Pass + Report Issued; darkest applicable color; latest date as tie-breaker,Existing selected report retained; one report per Supplier + Article,Select 3 darkest colors for composite testing
YOUNGTEX,YOUNGTEX,YOUNGTEX,Youngtex-China,SP27 INTERNATIONAL TESTING MASTER - Youngtex.xlsx,SN-RQ23-2201-268WK,Switchback Solid - F0020,Fabric,woven,60% Polyamide (Recycled) 40% Polyamide,VW2185; VW3249; VW4521; VW5157,PO-00030392; PO-00030455; PO-00030534; PO-00030651; PO-00030668; PO-00030855; PO-00030885; PO-00031169; PO-00031182; PO-00031240; PO-00031454; PO-00031564; PO-00031599; PO-00031781; PO-00031967; PO-00032012; PO-00032400; PO-00032545; PO-00032592; PO-00034812; PO-00036662; PO-00037147; PO-00037328; PO-00037400; PO-00038692; PO-00038765; PO-00038797; PO-00038985; PO-00039053; PO-00039085; PO-00039153; PO-00039175; PO-00039251; PO-00039279; PO-00042378; PO-00039553; PO-00040115; PO-00040202; PO-00040568; PO-00040709; PO-00040871; PO-00042425,F690101/LF-CTSAYSA26-01360,2/2/2026,2/2/2027,Valid,TRF6A031334,YOUNG TEXTILE CO. LTD.,YOUNG TEXTILE CO. LTD.,INK,Pass,Mapped,B - Style + T2,Review,Selected by: eligible mapping; Pass/issued preferred; darkest color preferred; newest report used as later tie-breaker. Source: Article RSL Master; 2 candidate report(s).,,Pass + Report Issued; darkest applicable color; latest date as tie-breaker,Existing selected report retained; one report per Supplier + Article,Select 3 darkest colors for composite testing
YOUNGTEX,YOUNGTEX,YOUNGTEX,Youngtex-China,SP27 INTERNATIONAL TESTING MASTER - Youngtex.xlsx,SN-YC23-L049W,Opal Solid - F0021,Fabric,woven,100% Polyamide,VW5112; VW5148,PO-00030397; PO-00030572; PO-00030849; PO-00031196; PO-00031571; PO-00032008; PO-00032336; PO-00032339; PO-00035358; PO-00035581; PO-00034572; PO-00035303; PO-00035515; PO-00042330; PO-00036757; PO-00037404; PO-00041699; PO-00041711; PO-00041720; PO-00041727; PO-00041728; PO-00041738; PO-00041741; PO-00041772; PO-00041773; PO-00041808; PO-00041810; PO-00042093; PO-00042637,F690101/LF-CTSAYSA26-01567,2/4/2026,2/4/2027,Valid,TRF6A052231,YOUNG TEXTILE CO. LTD.,YOUNG TEXTILE CO. LTD.,INK,Pass,Mapped,B - Style + T2,Review,Selected by: eligible mapping; Pass/issued preferred; darkest color preferred; newest report used as later tie-breaker. Source: Article RSL Master; 4 candidate report(s).,,Pass + Report Issued; darkest applicable color; latest date as tie-breaker,Existing selected report retained; one report per Supplier + Article,Select 3 darkest colors for composite testing
YOUNGTEX,YOUNGTEX,YOUNGTEX,Youngtex-China,SP27 INTERNATIONAL TESTING MASTER - Youngtex.xlsx,SN-YC23-L049WDP,Opal Digital Printed - F1531,Fabric,woven,100% Polyamide,VW5112; VW5160,PO-00038594; PO-00038735; PO-00038966; PO-00039142; PO-00039146; PO-00039211; PO-00039308; PO-00041699; PO-00041711; PO-00041720; PO-00041727; PO-00041728; PO-00041741; PO-00041772; PO-00041773; PO-00042089; PO-00042093; PO-00042563; PO-00042635,F690101/LF-CTSAYSA26-01567,2/4/2026,2/4/2027,Valid,TRF6A052231,YOUNG TEXTILE CO. LTD.,YOUNG TEXTILE CO. LTD.,INK,Pass,Mapped,B - Style + T2,Review,Selected by: eligible mapping; Pass/issued preferred; darkest color preferred; newest report used as later tie-breaker. Source: Article RSL Master; 3 candidate report(s).,,Pass + Report Issued; darkest applicable color; latest date as tie-breaker,Existing selected report retained; one report per Supplier + Article,Select 3 darkest colors for composite testing
YOUNGTEX,YOUNGTEX,YOUNGTEX,Youngtex-China,SP27 INTERNATIONAL TESTING MASTER - Youngtex.xlsx,SN-YC23-L049WSP,Opal Screen Printed - F0839,Fabric,woven,100% Polyamide,VW5148,PO-00034442; PO-00034443; PO-00034444; PO-00034571; PO-00035302; PO-00035514; PO-00036346,F690101/LF-CTSAYSA26-09545,6/28/2026,6/28/2027,Valid,TRF6F041658,YOUNG TEXTILE CO. LTD.,YOUNG TEXTILE CO. LTD.,FRENCH ROAST POPPY GINGHAM,Pass,Mapped,B - Style + T2,Review,Selected by: eligible mapping; Pass/issued preferred; darkest color preferred; newest report used as later tie-breaker. Source: Article RSL Master; 1 candidate report(s).,,Pass + Report Issued; darkest applicable color; latest date as tie-breaker,Existing selected report retained; one report per Supplier + Article,Select 3 darkest colors for composite testing
YOUNGTEX,YOUNGTEX,YOUNGTEX,Youngtex-Korea,SP27 INTERNATIONAL TESTING MASTER - Youngtex.xlsx,C5 ICONIC 30C,Hillside 2.0 Solid - F0018,Fabric,woven,100% Polyester (Recycled),VW5030; VW5031; VW5082,PO-00030569; PO-00030923; PO-00031188; PO-00032044; PO-00032145; PO-00033923; PO-00033924; PO-00034076; PO-00034463; PO-00034490; PO-00034735; PO-00034736; PO-00034748; PO-00034831; PO-00034963; PO-00035220; PO-00035649; PO-00036037; PO-00042222; PO-00042284; PO-00036340; PO-00036341,F690101/LF-CTSAYSA25-01735,2/12/2025,2/12/2026,Expired,TRF5B020652,YOUNG TEXTILE CO. LTD.,PT.YONGJIN,BLACK,Pass,Mapped,B - Style + T2,Review,Selected by: eligible mapping; Pass/issued preferred; darkest color preferred; newest report used as later tie-breaker. Source: Article RSL Master; 6 candidate report(s).,,Pass + Report Issued; darkest applicable color; latest date as tie-breaker,Existing selected report retained; one report per Supplier + Article,RSL report expired
YOUNGTEX,YOUNGTEX,YOUNGTEX,Youngtex,SP27 INTERNATIONAL TESTING MASTER - Youngtex.xlsx,ECONA-PS248BS,Lincoln Crinkle Woven Solid  - F0213,Fabric,woven,100% Polyamide (Recycled),V5112; VW5139,PO-00031682; PO-00032072; PO-00041886; PO-00041887; PO-00041893; PO-00041904; PO-00041916; PO-00041919; PO-00041923,,,,Missing RSL Report,,YOUNG TEXTILE CO. LTD.,YOUNG TEXTILE CO. LTD.,,,No Candidate Found,,Unmapped,No exact Article reference or sufficiently strong Style + T2 match found in SGS export. No mapped RSL report; manual follow-up required.,,Pass + Report Issued; darkest applicable color; latest date as tie-breaker,Existing selected report retained; one report per Supplier + Article,Submit RSL report
YOUNGTEX,YOUNGTEX,YOUNGTEX,Youngtex - China,SP27 INTERNATIONAL TESTING MASTER - Youngtex.xlsx,XC-034YD-1WS,Bridge Solara Stripe Resourcing - F1255,Fabric,woven,72% Polyester (Recycled) 20% Cotton 8% Elastane,V1236,PO-00041715; PO-00041726; PO-00041760; PO-00041763; PO-00041778,,,,Missing RSL Report,,YOUNG TEXTILE CO. LTD.,YOUNG TEXTILE CO. LTD.,,,No Candidate Found,,Unmapped,No exact Article reference or sufficiently strong Style + T2 match found in SGS export. No mapped RSL report; manual follow-up required.,,Pass + Report Issued; darkest applicable color; latest date as tie-breaker,Existing selected report retained; one report per Supplier + Article,Submit RSL report
YOUNGTEX,YOUNGTEX,YOUNGTEX,Youngtex - China,SP27 INTERNATIONAL TESTING MASTER - Youngtex.xlsx,XCe-XY-FHT034YD-1W,Bridge Pinstripe Yarn Dye Resourcing - F0817,Fabric,woven,72% Polyester (Recycled) 20% Cotton 8% Elastane,V1236,PO-00041715; PO-00041726; PO-00041760; PO-00041763; PO-00041778,,,,Missing RSL Report,,YOUNG TEXTILE CO. LTD.,YOUNG TEXTILE CO. LTD.,,,No Candidate Found,,Unmapped,No exact Article reference or sufficiently strong Style + T2 match found in SGS export. No mapped RSL report; manual follow-up required.,,Pass + Report Issued; darkest applicable color; latest date as tie-breaker,Existing selected report retained; one report per Supplier + Article,Submit RSL report
YRC,YRC,YRC,YRC-Quote,SP27 INTERNATIONAL TESTING MASTER  - YRC.xlsx,KTDUR2806480,Soccer Jersey Solid - F0941,Fabric,knit,100% Polyester (Recycled),VW1600; VW3317,PO-00039714; PO-00039871; PO-00040505; PO-00040585; PO-00041116; PO-00039932; PO-00040272; PO-00040916; PO-00041109; PO-00041200; PO-00042165,SL52625330580901TX,7/2/2026,7/2/2027,Valid,TRF6G045365,Y.R.C. TEXTILE COMPANY LIMITED,Y.R.C. TEXTILE COMPANY LIMITED,,Pass,Mapped,,Unmapped,No exact Article reference or sufficiently strong Style + T2 match found in SGS export. No mapped RSL report; manual follow-up required.,,Pass + Report Issued; darkest applicable color; latest date as tie-breaker,Existing selected report retained; one report per Supplier + Article,Select 3 darkest colors for composite testing
YU YUANG,YU YUANG,YU YUANG,Yu Yuang-Taiwan,SP27 INTERNATIONAL TESTING MASTER -Yu Yuang.xlsx,KJ-269B_Peach,Horizon Jacquard - F0371,Fabric,knit,75% Polyamide (Recycled) 25% Elastane,VW1624; VW4572; VW5091,PO-00034448; PO-00034603; PO-00034665; PO-00034845; PO-00035921; PO-00036087; PO-00033966; PO-00034195; PO-00034504,TX62648/2026/YA,7/1/2026,7/1/2027,Valid,TRF6F028163,"YU YUANG TEXTILE CO., LTD.","YU YUANG TEXTILE CO., LTD.",EC RU),Pass,Mapped,A - Exact Article,High,Selected by: eligible mapping; Pass/issued preferred; darkest color preferred; newest report used as later tie-breaker. Source: Article RSL Master; 1 candidate report(s).,,Pass + Report Issued; darkest applicable color; latest date as tie-breaker,Existing selected report retained; one report per Supplier + Article,Select 3 darkest colors for composite testing
YU YUANG,YU YUANG,YU YUANG,Yu Yuang-Taiwan,SP27 INTERNATIONAL TESTING MASTER -Yu Yuang.xlsx,KP-N92BCU,Ultrabrush 2.0 - Clear Lycra Solid - F0589,Fabric,knit,75% Polyester (Recycled) 25% Elastane,VW4386; VW4461; VW5179,PO-00033926; PO-00034707; PO-00035716; PO-00035110; PO-00035238; PO-00035239; PO-00035367; PO-00035592; PO-00035593; PO-00035594; PO-00036332; PO-00036391; PO-00036404; PO-00036411; PO-00036430,TX70665/2026/CI,7/16/2026,7/16/2027,Valid,TRF6F028131,"YU YUANG TEXTILE CO., LTD.","YU YUANG TEXTILE CO., LTD.",BLACK,Pass,Mapped,A - Exact Article,High,Selected by: eligible mapping; Pass/issued preferred; darkest color preferred; newest report used as later tie-breaker. Source: Article RSL Master; 5 candidate report(s).,,Pass + Report Issued; darkest applicable color; latest date as tie-breaker,Existing selected report retained; one report per Supplier + Article,Select 3 darkest colors for composite testing
YU YUANG,YU YUANG,YU YUANG,Yu Yuang-Taiwan-SP25/FA25,SP27 INTERNATIONAL TESTING MASTER -Yu Yuang.xlsx,KP0212RJA3,BlissBlend™ Solid - F0202,Fabric,knit,75% Polyamide (Recycled) 25% Elastane,VW1099; VW1354; VW1355; VW1355L; VW1484; VW1494; VW1513; VW1519; VW1560; VW1565; VW1570; VW1604; VW1614; VW1680; VW1707; VW1712; VW1717; VW3052; VW3220; VW3280; VW3287; VW3319; VW3329; VW4018; VW4018L; VW4018S; VW4301; VW4301L; VW4301S; VW4307; VW4523; VW4535; VW4562; VW4562L; VW4562S; VW4577; VW4596; VW4596L; VW4596S; VW4597; VW4597L; VW4597S; VW5076; VW5076L; VW5152; VW656; VW874,PO-00033426; PO-00033462; PO-00033463; PO-00033472; PO-00033439; PO-00033466; PO-00033467; PO-00033468; PO-00033476; PO-00033565; PO-00033572; PO-00033577; PO-00033578; PO-00033473; PO-00033474; PO-00033494; PO-00033596; PO-00033597; PO-00033598; PO-00033600; PO-00033601; PO-00033634; PO-00030523; PO-00030972; PO-00031213; PO-00031725; PO-00031832; PO-00032475; PO-00032510; PO-00032569; PO-00030434; PO-00030459; PO-00030509; PO-00030521; PO-00030524; PO-00030703; PO-00030909; PO-00030971; PO-00030983; PO-00031001; PO-00031167; PO-00031269; PO-00031373; PO-00031388; PO-00031465; PO-00031639; PO-00031712; PO-00031749; PO-00031845; PO-00031898; PO-00031954; PO-00031971; PO-00032439; PO-00032507; PO-00032519; PO-00032589; PO-00032630; PO-00032696; PO-00030390; PO-00030393; PO-00030427; PO-00030437; PO-00030469; PO-00030538; PO-00030543; PO-00030565; PO-00030567; PO-00030673; PO-00030683; PO-00030704; PO-00030752; PO-00030850; PO-00030900; PO-00031005; PO-00031038; PO-00031081; PO-00031087; PO-00031100; PO-00031157; PO-00031165; PO-00031166; PO-00031183; PO-00031194; PO-00031396; PO-00031403; PO-00031404; PO-00031428; PO-00031433; PO-00031466; PO-00031468; PO-00031507; PO-00031579; PO-00031588; PO-00031628; PO-00031646; PO-00031681; PO-00031691; PO-00031822; PO-00031829; PO-00031922; PO-00031923; PO-00031948; PO-00031951; PO-00031994; PO-00032009; PO-00032058; PO-00032073; PO-00032103; PO-00032129; PO-00032390; PO-00032396; PO-00032462; PO-00032537; PO-00032598; PO-00032633; PO-00032676; PO-00032677; PO-00032688; PO-00032691; PO-00032704; PO-00032714; PO-00030419; PO-00030429; PO-00030457; PO-00030465; PO-00030498; PO-00030503; PO-00030518; PO-00030520; PO-00030705; PO-00030707; PO-00030842; PO-00030907; PO-00030926; PO-00030944; PO-00030977; PO-00030996; PO-00031029; PO-00031052; PO-00031085; PO-00031245; PO-00031292; PO-00031325; PO-00031363; PO-00031399; PO-00031408; PO-00031432; PO-00031469; PO-00031484; PO-00031661; PO-00031702; PO-00031740; PO-00031755; PO-00031789; PO-00031796; PO-00031824; PO-00031828; PO-00031830; PO-00031848; PO-00031875; PO-00031895; PO-00031901; PO-00031995; PO-00032005; PO-00032038; PO-00032057; PO-00032065; PO-00032119; PO-00032144; PO-00032151; PO-00032161; PO-00032407; PO-00032414; PO-00032429; PO-00032526; PO-00032555; PO-00032594; PO-00032596; PO-00032604; PO-00032649; PO-00032654; PO-00033060; PO-00033241; PO-00033288; PO-00033289; PO-00033321; PO-00033324; PO-00033335; PO-00033346; PO-00033238; PO-00033242; PO-00033256; PO-00033320; PO-00033322; PO-00033323; PO-00033331; PO-00033333; PO-00033342; PO-00033344; PO-00033260; PO-00033261; PO-00033262; PO-00033285; PO-00033286; PO-00033287; PO-00033290; PO-00033336; PO-00033339; PO-00033347; PO-00033350; PO-00034019; PO-00034259; PO-00034278; PO-00034470; PO-00034555; PO-00034556; PO-00035650; PO-00035656; PO-00035657; PO-00036094; PO-00034400; PO-00034401; PO-00034588; PO-00034802; PO-00034939; PO-00035076; PO-00035081; PO-00035082; PO-00035092; PO-00035414; PO-00035723; PO-00035779; PO-00035780; PO-00036179; PO-00033821; PO-00034175; PO-00034399; PO-00034449; PO-00034629; PO-00034763; PO-00034820; PO-00034898; PO-00034948; PO-00034954; PO-00035225; PO-00035538; PO-00035670; PO-00035946; PO-00036114; PO-00033817; PO-00033820; PO-00033837; PO-00033838; PO-00033839; PO-00033848; PO-00033849; PO-00033875; PO-00033920; PO-00033927; PO-00033960; PO-00033994; PO-00033995; PO-00034021; PO-00034023; PO-00034027; PO-00034029; PO-00034048; PO-00034049; PO-00034061; PO-00034062; PO-00034190; PO-00034389; PO-00034390; PO-00034398; PO-00034488; PO-00034491; PO-00034492; PO-00034495; PO-00034574; PO-00034575; PO-00034576; PO-00034577; PO-00034585; PO-00034613; PO-00034803; PO-00034888; PO-00034889; PO-00034890; PO-00034897; PO-00035044; PO-00035045; PO-00035046; PO-00035056; PO-00035057; PO-00035058; PO-00035099; PO-00035100; PO-00035101; PO-00035224; PO-00035264; PO-00035294; PO-00035347; PO-00035349; PO-00035376; PO-00035430; PO-00035462; PO-00035463; PO-00035470; PO-00035471; PO-00035472; PO-00035665; PO-00035666; PO-00035669; PO-00035833; PO-00036018; PO-00036110; PO-00036112; PO-00036113; PO-00036145; PO-00042224; PO-00042239; PO-00042255; PO-00042282; PO-00042287; PO-00033946; PO-00033947; PO-00033948; PO-00034007; PO-00034008; PO-00034014; PO-00034097; PO-00034099; PO-00034142; PO-00034143; PO-00034155; PO-00034165; PO-00034166; PO-00034700; PO-00034701; PO-00034705; PO-00034739; PO-00034740; PO-00034745; PO-00034750; PO-00034774; PO-00034775; PO-00034779; PO-00034780; PO-00034791; PO-00034792; PO-00034793; PO-00034794; PO-00034832; PO-00034840; PO-00034910; PO-00034929; PO-00035002; PO-00035003; PO-00035005; PO-00035010; PO-00035011; PO-00035018; PO-00035019; PO-00035026; PO-00035079; PO-00035260; PO-00035333; PO-00035335; PO-00035338; PO-00035394; PO-00035397; PO-00035398; PO-00035418; PO-00035422; PO-00035436; PO-00035437; PO-00035439; PO-00035447; PO-00035448; PO-00035449; PO-00035609; PO-00035610; PO-00035615; PO-00035757; PO-00035760; PO-00035765; PO-00035808; PO-00035809; PO-00035978; PO-00035979; PO-00035988; PO-00036027; PO-00034306; PO-00034311; PO-00034319; PO-00034528; PO-00034529; PO-00034530; PO-00034543; PO-00034608; PO-00034610; PO-00034611; PO-00034652; PO-00034656; PO-00034690; PO-00034827; PO-00034829; PO-00034839; PO-00035181; PO-00035496; PO-00035499; PO-00035956; PO-00035975; PO-00035976; PO-00035983; PO-00035984; PO-00036053; PO-00042263; PO-00042333; PO-00033673; PO-00033674; PO-00033747; PO-00033758; PO-00033759; PO-00036387; PO-00036394; PO-00036395; PO-00036396; PO-00036414; PO-00036436; PO-00036450; PO-00036284; PO-00036285; PO-00036322; PO-00036323; PO-00036329; PO-00036458; PO-00036463; PO-00036478; PO-00036510; PO-00036299; PO-00036300; PO-00036690; PO-00036685; PO-00036686; PO-00036707; PO-00036830; PO-00036684; PO-00036888; PO-00036881; PO-00036673; PO-00036674; PO-00036680; PO-00036689; PO-00036694; PO-00036695; PO-00036701; PO-00036703; PO-00036704; PO-00036706; PO-00036709; PO-00036718; PO-00037200; PO-00042237; PO-00042336; PO-00036658; PO-00036665; PO-00036666; PO-00036667; PO-00036872; PO-00036882; PO-00036883; PO-00036897; PO-00037045; PO-00037056; PO-00037066; PO-00037087; PO-00037097; PO-00037146; PO-00037148; PO-00037149; PO-00037206; PO-00042264; PO-00042303; PO-00036702; PO-00036708; PO-00037199; PO-00037407; PO-00037311; PO-00037329; PO-00037377; PO-00037386; PO-00037401; PO-00037307; PO-00037367; PO-00037362; PO-00037363; PO-00037373; PO-00037447; PO-00037234; PO-00041681; PO-00041682; PO-00041683; PO-00041684; PO-00041687; PO-00041688; PO-00041689; PO-00041690; PO-00041691; PO-00042061; PO-00042520; PO-00042525; PO-00042526; PO-00042527; PO-00042528; PO-00042529; PO-00042691; PO-00038446; PO-00038491; PO-00038530; PO-00038531; PO-00038560; PO-00038564; PO-00038588; PO-00038606; PO-00038612; PO-00038617; PO-00038620; PO-00038667; PO-00038677; PO-00038683; PO-00038699; PO-00038708; PO-00038739; PO-00038750; PO-00038754; PO-00038777; PO-00038789; PO-00038804; PO-00038809; PO-00038815; PO-00038849; PO-00038852; PO-00038900; PO-00038942; PO-00038947; PO-00038986; PO-00038999; PO-00039040; PO-00039065; PO-00039082; PO-00039119; PO-00039133; PO-00039154; PO-00039227; PO-00039231; PO-00039232; PO-00039233; PO-00039250; PO-00039281; PO-00039285; PO-00039290; PO-00042360; PO-00042414; PO-00038556; PO-00038563; PO-00038613; PO-00038843; PO-00038874; PO-00038929; PO-00038950; PO-00039026; PO-00039178; PO-00039203; PO-00039206; PO-00042358; PO-00042359; PO-00042365; PO-00038573; PO-00038651; PO-00038713; PO-00038939; PO-00039006; PO-00039077; PO-00039272; PO-00042415; PO-00038489; PO-00038663; PO-00038687; PO-00038790; PO-00038902; PO-00038906; PO-00039173; PO-00039244; PO-00039322; PO-00039357; PO-00042375; PO-00042376; PO-00042377; PO-00038495; PO-00038506; PO-00038509; PO-00038511; PO-00038512; PO-00038516; PO-00038524; PO-00038540; PO-00038586; PO-00038628; PO-00038661; PO-00038707; PO-00038721; PO-00038734; PO-00038743; PO-00038746; PO-00038753; PO-00038782; PO-00038830; PO-00038876; PO-00038948; PO-00038954; PO-00038988; PO-00038994; PO-00039014; PO-00039071; PO-00039089; PO-00039103; PO-00039157; PO-00039164; PO-00039166; PO-00039167; PO-00039201; PO-00039212; PO-00039215; PO-00039219; PO-00038476; PO-00038557; PO-00038646; PO-00038755; PO-00038767; PO-00038779; PO-00038781; PO-00038896; PO-00038907; PO-00038925; PO-00038943; PO-00038974; PO-00038981; PO-00039050; PO-00039063; PO-00039080; PO-00039110; PO-00039172; PO-00039273; PO-00042384; PO-00039432; PO-00039453; PO-00039465; PO-00039470; PO-00039472; PO-00039522; PO-00039572; PO-00039625; PO-00039650; PO-00039683; PO-00039802; PO-00039850; PO-00039897; PO-00039917; PO-00039975; PO-00040047; PO-00040163; PO-00040170; PO-00040209; PO-00040253; PO-00040255; PO-00040278; PO-00040294; PO-00040306; PO-00040314; PO-00040325; PO-00040556; PO-00040679; PO-00040755; PO-00040769; PO-00040888; PO-00040892; PO-00040894; PO-00040927; PO-00041113; PO-00041120; PO-00041149; PO-00041158; PO-00041183; PO-00041233; PO-00041249; PO-00041274; PO-00041307; PO-00041321; PO-00041343; PO-00041428; PO-00041458; PO-00041519; PO-00041535; PO-00041540; PO-00041546; PO-00041558; PO-00041582; PO-00041614; PO-00041628; PO-00041645; PO-00041649; PO-00041654; PO-00042341; PO-00042416; PO-00042420; PO-00039527; PO-00039820; PO-00040019; PO-00040139; PO-00040345; PO-00040781; PO-00040873; PO-00041001; PO-00041026; PO-00041076; PO-00041303; PO-00041427; PO-00041431; PO-00041444; PO-00039441; PO-00039578; PO-00040186; PO-00040300; PO-00040346; PO-00040634; PO-00040663; PO-00041020; PO-00041280; PO-00041420; PO-00041440; PO-00041453; PO-00041627; PO-00041646; PO-00041655; PO-00041666; PO-00041668; PO-00041952; PO-00041953; PO-00039404; PO-00039430; PO-00039479; PO-00039517; PO-00039565; PO-00039569; PO-00039661; PO-00039700; PO-00039755; PO-00039798; PO-00039812; PO-00039860; PO-00039865; PO-00039868; PO-00039885; PO-00039916; PO-00039939; PO-00039987; PO-00040037; PO-00040045; PO-00040079; PO-00040094; PO-00040100; PO-00040106; PO-00040107; PO-00040110; PO-00040130; PO-00040132; PO-00040137; PO-00040187; PO-00040291; PO-00040311; PO-00040388; PO-00040481; PO-00040495; PO-00040557; PO-00040593; PO-00040598; PO-00040631; PO-00040645; PO-00040669; PO-00040707; PO-00040719; PO-00040725; PO-00040744; PO-00040754; PO-00040783; PO-00040787; PO-00040804; PO-00040815; PO-00040868; PO-00040877; PO-00040890; PO-00040896; PO-00040921; PO-00040928; PO-00040945; PO-00041093; PO-00041199; PO-00041241; PO-00041245; PO-00041305; PO-00041310; PO-00041351; PO-00041366; PO-00041385; PO-00041411; PO-00041425; PO-00041433; PO-00041547; PO-00041598; PO-00041618; PO-00041653; PO-00039499; PO-00039523; PO-00039538; PO-00039629; PO-00039665; PO-00039675; PO-00039686; PO-00039710; PO-00039805; PO-00039826; PO-00039884; PO-00039934; PO-00040054; PO-00040254; PO-00040320; PO-00040426; PO-00040527; PO-00040697; PO-00040735; PO-00040745; PO-00040814; PO-00040825; PO-00040887; PO-00040944; PO-00040975; PO-00041027; PO-00041036; PO-00041063; PO-00041064; PO-00041084; PO-00041114; PO-00041152; PO-00041170; PO-00041230; PO-00041277; PO-00041333; PO-00041399; PO-00041402; PO-00041545; PO-00042475; PO-00042170; PO-00042171; PO-00042173; PO-00042175; PO-00042178; PO-00042185; PO-00042186; PO-00042187; PO-00042188; PO-00042182; PO-00042189; PO-00042169; PO-00042172; PO-00042174; PO-00042179; PO-00042180; PO-00042181; PO-00042191; PO-00042167; PO-00042177; PO-00042183; PO-00042584; PO-00042585; PO-00042680; PO-00042587; PO-00042588; PO-00042589; PO-00042590; PO-00042591; PO-00042592; PO-00042557; PO-00042567; PO-00042568; PO-00042579; PO-00042593; PO-00042612; PO-00042614; PO-00042581; PO-00042615,TX20685/2026 /YA,2/12/2026,2/12/2027,Valid,TRF6B001680,"YU YUANG TEXTILE CO., LTD.","YU YUANG TEXTILE CO., LTD.",BLACK(FT),Pass,Mapped,A - Exact Article,High,Selected by: eligible mapping; Pass/issued preferred; darkest color preferred; newest report used as later tie-breaker. Source: Article RSL Master; 27 candidate report(s).,,Pass + Report Issued; darkest applicable color; latest date as tie-breaker,Existing selected report retained; one report per Supplier + Article,Select 3 darkest colors for composite testing
YU YUANG,YU YUANG,YU YUANG,Yu Yuang-Taiwan-SP25/FA25,SP27 INTERNATIONAL TESTING MASTER -Yu Yuang.xlsx,KP04570JA0,BlissBlend Form™ Solid - F0203,Fabric,knit,74% Polyamide 26% Elastane,V3074; V4034; VW1207; VW1231; VW1286; VW1370; VW1416; VW1507; VW1510; VW1515; VW1708; VW1710; VW3073; VW3132; VW3228; VW3229; VW3305; VW4130; VW4130L; VW4130S; VW4156; VW4156L; VW4156S; VW4383; VW4494; VW4494L; VW4494S; VW4503; VW857,PO-00033388; PO-00033442; PO-00033563; PO-00033580; PO-00033603; PO-00030480; PO-00030640; PO-00031110; PO-00031355; PO-00031556; PO-00032018; PO-00032751; PO-00030400; PO-00030505; PO-00030549; PO-00030747; PO-00030839; PO-00031002; PO-00031016; PO-00031163; PO-00031334; PO-00031536; PO-00031784; PO-00031892; PO-00031958; PO-00032109; PO-00032471; PO-00032566; PO-00032637; PO-00032648; PO-00032805; PO-00030399; PO-00030420; PO-00030423; PO-00030431; PO-00030466; PO-00030479; PO-00030547; PO-00030553; PO-00030555; PO-00030602; PO-00030615; PO-00030631; PO-00030638; PO-00030649; PO-00030666; PO-00030670; PO-00030687; PO-00030706; PO-00030755; PO-00030772; PO-00030780; PO-00030910; PO-00030913; PO-00030945; PO-00030955; PO-00030960; PO-00030994; PO-00031059; PO-00031067; PO-00031076; PO-00031095; PO-00031102; PO-00031107; PO-00031109; PO-00031121; PO-00031124; PO-00031128; PO-00031129; PO-00031141; PO-00031162; PO-00031187; PO-00031193; PO-00031205; PO-00031220; PO-00031247; PO-00031251; PO-00031267; PO-00031298; PO-00031300; PO-00031307; PO-00031341; PO-00031362; PO-00031384; PO-00031426; PO-00031427; PO-00031448; PO-00031477; PO-00031508; PO-00031562; PO-00031567; PO-00031581; PO-00031587; PO-00031616; PO-00031641; PO-00031649; PO-00031679; PO-00031751; PO-00031771; PO-00031772; PO-00031792; PO-00031798; PO-00031817; PO-00031863; PO-00031868; PO-00031883; PO-00031906; PO-00031912; PO-00031952; PO-00031956; PO-00031959; PO-00031968; PO-00032006; PO-00032023; PO-00032092; PO-00032104; PO-00032178; PO-00032193; PO-00032284; PO-00032297; PO-00032329; PO-00032353; PO-00032443; PO-00032465; PO-00032480; PO-00032506; PO-00032525; PO-00032542; PO-00032609; PO-00032628; PO-00032642; PO-00032669; PO-00032693; PO-00032718; PO-00032720; PO-00032724; PO-00032736; PO-00032745; PO-00032763; PO-00032766; PO-00032767; PO-00032793; PO-00033328; PO-00033329; PO-00033239; PO-00033270; PO-00033271; PO-00033272; PO-00033273; PO-00033318; PO-00033319; PO-00033325; PO-00034202; PO-00035185; PO-00035618; PO-00033999; PO-00034145; PO-00034164; PO-00034247; PO-00034978; PO-00034979; PO-00034986; PO-00035378; PO-00035383; PO-00035776; PO-00035782; PO-00035840; PO-00035846; PO-00035873; USV1-000039; USV1-000040; USV1-000041; USV1-000042; USV1-000043; PO-00034092; PO-00034093; PO-00035685; PO-00035686; PO-00035113; PO-00033887; PO-00033903; PO-00033904; PO-00033905; PO-00033978; PO-00033979; PO-00034046; PO-00034181; PO-00034182; PO-00034183; PO-00034599; PO-00034692; PO-00034697; PO-00034698; PO-00034699; PO-00034732; PO-00034754; PO-00034833; PO-00034834; PO-00034879; PO-00034880; PO-00035024; PO-00035032; PO-00035273; PO-00035275; PO-00035277; PO-00035336; PO-00035337; PO-00035416; PO-00035417; PO-00035420; PO-00035433; PO-00035434; PO-00035500; PO-00035502; PO-00035658; PO-00035659; PO-00035726; PO-00035754; PO-00035755; PO-00035756; PO-00035761; PO-00035762; PO-00035823; PO-00035826; PO-00035853; PO-00035854; PO-00035865; PO-00035909; PO-00035999; PO-00036034; PO-00036051; PO-00036080; PO-00036147; PO-00042223; PO-00042285; PO-00042292; PO-00042332; PO-00042491; PO-00033659; PO-00033755; PO-00033675; PO-00033717; PO-00033738; PO-00033757; PO-00033804; PO-00033805; PO-00033812; PO-00036455; PO-00036287; PO-00036293; PO-00036327; PO-00036353; PO-00036354; PO-00036400; PO-00036403; PO-00036433; PO-00036456; PO-00036471; PO-00036477; PO-00036481; PO-00036482; PO-00036506; PO-00036507; PO-00036511; PO-00036688; PO-00036651; PO-00036652; PO-00036687; PO-00036715; PO-00036873; PO-00036879; PO-00036880; PO-00036906; PO-00037196; PO-00037324; PO-00037396; PO-00037303; PO-00037319; PO-00037320; PO-00037323; PO-00037364; PO-00037385; PO-00037395; PO-00037398; PO-00037471; PO-00037226; PO-00037449; PO-00038442; PO-00038552; PO-00038766; PO-00038855; PO-00038958; PO-00039054; PO-00039090; PO-00039193; PO-00039199; PO-00039269; PO-00039274; PO-00039311; PO-00039405; PO-00039419; PO-00039438; PO-00039468; PO-00039509; PO-00039521; PO-00039526; PO-00039531; PO-00039542; PO-00039554; PO-00039574; PO-00039579; PO-00039588; PO-00039608; PO-00039672; PO-00039699; PO-00039726; PO-00039745; PO-00039758; PO-00039769; PO-00039775; PO-00039776; PO-00039795; PO-00039803; PO-00039810; PO-00039823; PO-00039874; PO-00039883; PO-00039899; PO-00039915; PO-00039928; PO-00039943; PO-00039955; PO-00039957; PO-00039964; PO-00039999; PO-00040007; PO-00040013; PO-00040050; PO-00040058; PO-00040108; PO-00040119; PO-00040135; PO-00040136; PO-00040148; PO-00040167; PO-00040174; PO-00040205; PO-00040212; PO-00040213; PO-00040248; PO-00040303; PO-00040308; PO-00040319; PO-00040332; PO-00040403; PO-00040421; PO-00040452; PO-00040471; PO-00040475; PO-00040484; PO-00040485; PO-00040498; PO-00040507; PO-00040511; PO-00040518; PO-00040541; PO-00040545; PO-00040562; PO-00040604; PO-00040624; PO-00040659; PO-00040667; PO-00040676; PO-00040689; PO-00040795; PO-00040801; PO-00040867; PO-00040963; PO-00041016; PO-00041017; PO-00041068; PO-00041088; PO-00041101; PO-00041103; PO-00041112; PO-00041137; PO-00041163; PO-00041180; PO-00041209; PO-00041212; PO-00041226; PO-00041250; PO-00041251; PO-00041263; PO-00041272; PO-00041320; PO-00041326; PO-00041451; PO-00041574; PO-00041710; PO-00042430; PO-00042431; PO-00042432; PO-00042433; PO-00042450; PO-00042476; PO-00042094; PO-00042095; PO-00042110; PO-00042129; PO-00042184; PO-00042190; PO-00042194; PO-00042195; PO-00042196; PO-00042197; PO-00042198; PO-00042577; PO-00042574; PO-00042578; PO-00042582; PO-00042610; PO-00042613; PO-00042650; PO-00042676,TX20188/2026/CI,2/10/2026,2/10/2027,Valid,TRF6A056841,"YU YUANG TEXTILE CO., LTD.","YU YUANG TEXTILE CO., LTD.",INK,Pass,Mapped,A - Exact Article,High,Selected by: eligible mapping; Pass/issued preferred; darkest color preferred; newest report used as later tie-breaker. Source: Article RSL Master; 24 candidate report(s).,,Pass + Report Issued; darkest applicable color; latest date as tie-breaker,Existing selected report retained; one report per Supplier + Article,Select 3 darkest colors for composite testing
YU YUANG,YU YUANG,YU YUANG,Yu Yuang-Yu-Yuang-Taiwan,SP27 INTERNATIONAL TESTING MASTER -Yu Yuang.xlsx,KP1214RCB0,Lightweight Blissblend Solid - F0365,Fabric,knit,81% Polyamide (Recycled) 19% Elastane,VW1610,PO-00033030; PO-00033031; PO-00033072; PO-00033084,TX62618/2026/AC,6/30/2026,6/30/2027,Valid,TRF6F028164,"YU YUANG TEXTILE CO., LTD.","YU YUANG TEXTILE CO., LTD.",BLACK,Pass,Mapped,A - Exact Article,High,Selected by: eligible mapping; Pass/issued preferred; darkest color preferred; newest report used as later tie-breaker. Source: Article RSL Master; 1 candidate report(s).,,Pass + Report Issued; darkest applicable color; latest date as tie-breaker,Existing selected report retained; one report per Supplier + Article,Select 3 darkest colors for composite testing
YU YUANG,YU YUANG,YU YUANG,Yu Yuang-China,SP27 INTERNATIONAL TESTING MASTER -Yu Yuang.xlsx,MSP0006JH-D,Lola Pre-Shrunk - F0005,Fabric,knit,73% Modal 23% Polyamide 4% Elastane,VW3306; VW4514; VW4514L; VW4514S,PO-00033921; PO-00034674; PO-00034675; PO-00034778; PO-00034815; PO-00035133; PO-00035136; PO-00035399; PO-00035695; PO-00036869; PO-00036870; PO-00036871; PO-00037129; PO-00037151; PO-00037207; PO-00039519; PO-00039814; PO-00040010; PO-00040302; PO-00040665; PO-00040674; PO-00040844; PO-00040938; PO-00041455,,,,Missing RSL Report,,"YU YUANG TEXTILE CO., LTD.","YU YUANG TEXTILE CO., LTD.",,,No Candidate Found,,Unmapped,No exact Article reference or sufficiently strong Style + T2 match found in SGS export. No mapped RSL report; manual follow-up required.,,Pass + Report Issued; darkest applicable color; latest date as tie-breaker,Existing selected report retained; one report per Supplier + Article,Submit RSL report
WU LUEN ,WU LUEN ,WU LUEN ,,FA26,DL1020,,,,100% Polyester,,,SL01260200639501TX,3/4/2026,3/4/2027,Valid,TRF6B021171,"WU LUEN KNITTING CO., LTD.","WU LUEN KNITTING CO., LTD.",DARKER BLACK,Pass,Mapped,,,,,,,
