Version ID,Primary Product ID,Primary Product ID Type,GTIN,UPC,SKU,Model Number,Serial Number,Registered Number,Alternate Identifier,Certificate Type,Product Name (Model),Trade/Brand Name,Product/Model Description,Product/Model Color,Product/Model Style,Manufacturer GLN,Manufacturer Alternate ID,Small Batch Manufacturer CPSC ID,Manufacturer Name,Manufacturer Address Line 1,Manufacturer Address Line 2,Manufacturer Apt/Suite Number,Manufacturer City,Manufacturer State/Province,Manufacturer Country,Manufacturer Zip/Postal Code,Manufacturer Phone,Manufacturer Email,Manufacture Date,Production Start Date,Production End Date,Lot Number,Lot Number Assigned By,Lab 1 Type,Lab 1 CPSC-ID,Lab 1 Alternate ID,Lab 1 GLN,Lab 1 Name,Lab 1 Address Line 1,Lab 1 Address Line 2,Lab 1 Apt/Suite Number,Lab 1 City,Lab 1 State/Province,Lab 1 Country,Lab 1 Zip/Postal Code,Lab 1 Phone,Lab 1 Email,Lab 1 Citation Codes,Lab 1 Test Report ID,Lab 1 Test URL,Lab 1 Test Report Access Key,Lab 1 Is Component?,Lab 1 Component Description,Last Test Date,Testing Exclusions,Point of Contact (POC) for Test Result Records,POC Alternate ID,POC GLN,POC Name,POC Address Line 1,POC Address Line 2,POC Apt/Suite Number,POC City,POC State/Province,POC Country,POC Zip/Postal Code,POC Phone,POC Email
F4ABADA2,V1260,Model #,,,,V1260,,,,GCC,S/L POWER MOVES TECH TANK,VUORI,,,,,ECL000,,Eclat Textile Co Ltd(Vietnam),Lot 1Road 5A Nhon Trach 2 Industrial Zone Nhon Trach District,,,Nhon Trach,Dong Nai,Viet Nam,71000,84613560751,david.hsu@eclat.com.tw,May-26,,,,,ITL,1316,,,SGS Taiwan Textile Laboratory,No 31 Wu Chyuan Rd,,,New Taipei City,,Taiwan,,,,1610,TX80828/2026/TY,www.sgs.com,,TRUE,RT2512170,8/17/2026,1610.1(d)(1),Importer,,,,,,,,,,,,
41F8794D,V1260-JD,Model #,,,,V1260-JD,,,,GCC,S/L POWER MOVES TECH TANK,VUORI,,,,,ECL000,,Eclat Textile Co Ltd(Vietnam),Lot 1Road 5A Nhon Trach 2 Industrial Zone Nhon Trach District,,,Nhon Trach,Dong Nai,Viet Nam,71000,84613560751,david.hsu@eclat.com.tw,May-26,,,,,ITL,1316,,,SGS Taiwan Textile Laboratory,No 31 Wu Chyuan Rd,,,New Taipei City,,Taiwan,,,,1610,TX80828/2026/TY,www.sgs.com,,TRUE,RT2512170,8/17/2026,1610.1(d)(1),Importer,,,,,,,,,,,,
A1A9CC61,V1262,Model #,,,,V1262,,,,GCC,S/S POWER MOVES TECH TEE,VUORI,,,,,ECL000,,Eclat Textile Co Ltd(Vietnam),Lot 1Road 5A Nhon Trach 2 Industrial Zone Nhon Trach District,,,Nhon Trach,Dong Nai,Viet Nam,71000,84613560751,david.hsu@eclat.com.tw,May-26,,,,,ITL,1316,,,SGS Taiwan Textile Laboratory,No 31 Wu Chyuan Rd,,,New Taipei City,,Taiwan,,,,1610,TX80828/2026/TY,www.sgs.com,,TRUE,RT2512170,8/17/2026,1610.1(d)(1),Importer,,,,,,,,,,,,
E79D6FFA,V1263,Model #,,,,V1263,,,,GCC,L/S POWER MOVES TECH TEE,VUORI,,,,,ECL000,,Eclat Textile Co Ltd(Vietnam),Lot 1Road 5A Nhon Trach 2 Industrial Zone Nhon Trach District,,,Nhon Trach,Dong Nai,Viet Nam,71000,84613560751,david.hsu@eclat.com.tw,May-26,,,,,ITL,1316,,,SGS Taiwan Textile Laboratory,No 31 Wu Chyuan Rd,,,New Taipei City,,Taiwan,,,,1610,TX80828/2026/TY,www.sgs.com,,TRUE,RT2512170,8/17/2026,1610.1(d)(1),Importer,,,,,,,,,,,,
88B3D5A2,VW4535,Model #,,,,VW4535,,,,GCC,VUORI ALLTHEFEELS POWER M LEGG,VUORI,,,,,ECL001-1,,E-Top,Lot Ix-1 Ix-2 Ix-3 Ix-4 My Xuan B1 Tien Hung Industrial Zone My Xuan Ward Phu My Town Ba Ria,,,Phu My,Vung Tau,Viet Nam,795650,84613560751,david.hsu@eclat.com.tw,May-26,,,,,ITL,1316,,,SGS Taiwan Textile Laboratory,No 31 Wu Chyuan Rd,,,New Taipei City,,Taiwan,,,,1610,TX20640/2026/LI,www.sgs.com,,TRUE,KP0212RJA3,2/11/2026,1610.1(d)(1),Importer,,,,,,,,,,,,
6D46789A,VW4577,Model #,,,,VW4577,,,,GCC,VUORI ALLTHEFEELS POWER M WIDE,VUORI,,,,,ECL001-1,,E-Top,Lot Ix-1 Ix-2 Ix-3 Ix-4 My Xuan B1 Tien Hung Industrial Zone My Xuan Ward Phu My Town Ba Ria,,,Phu My,Vung Tau,Viet Nam,795650,84613560751,david.hsu@eclat.com.tw,May-26,,,,,ITL,1316,,,SGS Taiwan Textile Laboratory,No 31 Wu Chyuan Rd,,,New Taipei City,,Taiwan,,,,1610,TX20640/2026/LI,www.sgs.com,,TRUE,KP0212RJA3,2/11/2026,1610.1(d)(1),Importer,,,,,,,,,,,,
C136108B,V1205,Model #,,,,V1205,,,,GCC,S/S MANHATTAN BUTTON DOWN,VUORI,,,,,ASMVN002,,Thai Ha Garment Factory,Land lot No 506 Map sheet No 3 Gia Le Industrial Park Tra Ly Ward,,,Hung Yen,Hung Yen,Viet Nam,,84869364200,jessi.bui@vn.asmaragroup.com,May-26,,,,,ITL,1023,,,SGS-CSTC Standards Technical Services (Shanghai) Co Ltd,No 889 Yishan Road xuhui district,,,Shanghai,,China,,,,1610,SL52605284141601TX,www.sgs.com,,TRUE,E237JSY,3/2/2026,1610.1(d)(1),Importer,,,,,,,,,,,,
94E285FC,V1227,Model #,,,,V1227,,,,GCC,S/S PONTO PERFORMANCE POLO 2.0,VUORI,,,,,ECL000,,Eclat Textile Co Ltd(Vietnam),Lot 1Road 5A Nhon Trach 2 Industrial Zone Nhon Trach District,,,Nhon Trach,Dong Nai,Viet Nam,71000,84613560751,david.hsu@eclat.com.tw,May-26,,,,,ITL,1316,,,SGS Taiwan Textile Laboratory,No 31 Wu Chyuan Rd,,,New Taipei City,,Taiwan,,,,1610,TX33405/2026/YW,www.sgs.com,,TRUE,RT2310126,4/7/2026,,Importer,,,,,,,,,,,,
EAF3D43B,V1229,Model #,,,,V1229,,,,GCC,L/S LOMA PIQUE POLO,VUORI,,,,,FEAV01,,Far Eastern Apparel LTD,No 46 Dai Lo Tu Do Viet Nam Singapore Industrial Park,,,Binh Hoa Ward Thuan An,Binh Duong,Vietnam,,84901553872,jeffrey.lin@feavn.com.vn,May-26,,,,,ITL,1044,,,SGS Korea Co Ltd Anyang Branch,#322 The O Valley Bldg,,,Anyang,Gyeonggi-do,South Korea,,,,1610,F690101/LF-CTSAYSA26-07148 ,www.sgs.com,,TRUE,K-3831 (F0929 LOMA PIQUE),5/21/2026,1610.1(d)(1),Importer,,,,,,,,,,,,
B82F8F6F,V1241,Model #,,,,V1241,,,,GCC,L/S LOMA PIQUE TEE,VUORI,,,,,FEAV01,,Far Eastern Apparel LTD,No 46 Dai Lo Tu Do Viet Nam Singapore Industrial Park,,,Binh Hoa Ward Thuan An,Binh Duong,Vietnam,,84901553872,jeffrey.lin@feavn.com.vn,May-26,,,,,ITL,1044,,,SGS Korea Co Ltd Anyang Branch,#322 The O Valley Bldg,,,Anyang,Gyeonggi-do,South Korea,,,,1610,F690101/LF-CTSAYSA26-07148 ,www.sgs.com,,TRUE,K-3831 (F0929 LOMA PIQUE),5/21/2026,1610.1(d)(1),Importer,,,,,,,,,,,,
493BA3CA,V2142,Model #,,,,V2142,,,,GCC,DREAMKNIT TEXTURE HOODIE,VUORI,,,,,ECL000,,Eclat Textile Co Ltd(Vietnam),Lot 1Road 5A Nhon Trach 2 Industrial Zone Nhon Trach District,,,Nhon Trach,Dong Nai,Viet Nam,71000,84613560751,david.hsu@eclat.com.tw,May-26,,,,,ITL,1316,,,SGS Taiwan Textile Laboratory,No 31 Wu Chyuan Rd,,,New Taipei City,,Taiwan,,,,1610,TX70074/2026/AC Amendment,www.sgs.com,,TRUE,RT2503260,7/20/2026,,Importer,,,,,,,,,,,,
F39FC352,V3016,Model #,,,,V3016,,,,GCC,MAVERICK VOLLEY SHORT,VUORI,,,,,FEAV01,,Far Eastern Apparel LTD,No 46 Dai Lo Tu Do Viet Nam Singapore Industrial Park,,,Binh Hoa Ward Thuan An,Binh Duong,Vietnam,,84901553872,jeffrey.lin@feavn.com.vn,May-26,,,,,ITL,1023,,,SGS-CSTC Standards Technical Services (Shanghai) Co Ltd,No 889 Yishan Road xuhui district,,,Shanghai,,China,,,,1610,SL52605283571001TX,www.sgs.com,,TRUE,DAISY-2,2/11/2026,1610.1(d)(2),Importer,,,,,,,,,,,,
7457D187,V3087,Model #,,,,V3087,,,,GCC,MAVERICK VOLLEY SHORT LINED,VUORI,,,,,FEAV01,,Far Eastern Apparel LTD,No 46 Dai Lo Tu Do Viet Nam Singapore Industrial Park,,,Binh Hoa Ward Thuan An,Binh Duong,Vietnam,,84901553872,jeffrey.lin@feavn.com.vn,May-26,,,,,ITL,1079,,,SGS Vietnam Ltd,Lot III/21 19/5A street Group IIITan Binh industrial park,,,Ho Chi Minh City,,Vietnam,,,,1610,SL01260702771901TX,www.sgs.com,,TRUE,WLW-T-01962(T5L4191)(DL1145),8/3/2026,1610.1(d)(2),Importer,,,,,,,,,,,,
86B3CE03,V3093,Model #,,,,V3093,,,,GCC,BANKS RESORT SHORT,VUORI,,,,,FEAV01,,Far Eastern Apparel LTD,No 46 Dai Lo Tu Do Viet Nam Singapore Industrial Park,,,Binh Hoa Ward Thuan An,Binh Duong,Vietnam,,84901553872,jeffrey.lin@feavn.com.vn,May-26,,,,,ITL,1079,,,SGS Vietnam Ltd,Lot III/21 19/5A street Group IIITan Binh industrial park,,,Ho Chi Minh City,,Vietnam,,,,1610,SL01250701045801TX,www.sgs.com,,TRUE,JBVF00143HB-03,8/6/2025,1610.1(d)(1),Importer,,,,,,,,,,,,
C12BB590,V3146,Model #,,,,V3146,,,,GCC,POWER MOVES SHORT UNLINED 7,VUORI,,,,,YIC002,,YIC HANAM,Chau Son Industrial park Chau Son Ward,,,Ninh Binh,Ninh Binh,Viet Nam,430000,84353793468,merchandiser07@yic.rocks,May-26,,,,,ITL,1044,,,SGS Korea Co Ltd Anyang Branch,#322 The O Valley Bldg,,,Anyang,Gyeonggi-do,South Korea,,,,1610,F690101/LF-CTSAYSA25-05954,www.sgs.com,,TRUE,BIOFLEX LAB107AWSOFT,5/16/2025,1610.1(d)(1),Importer,,,,,,,,,,,,
B36515AA,V3170,Model #,,,,V3170,,,,GCC,KORE BREATHE SHORT X6 LINED 7,VUORI,,,,,FEAV01,,Far Eastern Apparel LTD,No 46 Dai Lo Tu Do Viet Nam Singapore Industrial Park,,,Binh Hoa Ward Thuan An,Binh Duong,Vietnam,,84901553872,jeffrey.lin@feavn.com.vn,May-26,,,,,ITL,1079,,,SGS Vietnam Ltd,Lot III/21 19/5A street Group IIITan Binh industrial park,,,Ho Chi Minh City,,Vietnam,,,,1610,SL01260200566301TX,www.sgs.com,,TRUE,JBVF00138HB-07,3/12/2026,1610.1(d)(1),Importer,,,,,,,,,,,,
9E26EE99,V4136,Model #,,,,V4136,,,,GCC,POWER MOVES PANT CLASSIC 30,VUORI,,,,,YIC002,,YIC HANAM,Chau Son Industrial park Chau Son Ward,,,Ninh Binh,Ninh Binh,Viet Nam,430000,84353793468,merchandiser07@yic.rocks,May-26,,,,,ITL,1079,,,SGS Vietnam Ltd,Lot III/21 19/5A street Group IIITan Binh industrial park,,,Ho Chi Minh City,,Vietnam,,,,1610,SL01250701045801TX,www.sgs.com,,TRUE,JBVF00143HB-03,8/6/2025,1610.1(d)(1),Importer,,,,,,,,,,,,
12386A7A,V8230,Model #,,,,V8230,,,,GCC,VUORI RIB CREW SOCK,VUORI,,,,,DEL003,,Delta Galil Industries Ltd,D100 KARAYOLU UZERI TOPCULAR MAH DÜZCE CAD NO103 A Ç?L?ML?,,,Turkey,,Turkey,,9.72548E+11,Hamzi.Fatum@deltagalil.com,May-26,,,,,ITL,1082,,,SGS Turkey - Supervise Gözetme Etüd Kontrol Servisleri AS,Is Istanbul Plaza Baglar Mah Osmanpasa Cad No:95 E Girisi Günesli,,,Istanbul,Istanbul,Turkey,,,,1610,TR2811834,www.sgs.com,,FALSE,,6/12/2026,1610.1(d)(1),Importer,,,,,,,,,,,,
A4E06CDF,V8259,Model #,,,,V8259,,,,GCC,LIFESTYLE BOXER BRIEF 2.0,VUORI,,,,,MAS002,,Sleekline - MAS Active,MAS ACTIVE-Sleekline - Nittambuwa,,,Nittambuwa,Western Province,Sri Lanka,,94777004952,surangapa@masholdings.com,May-26,,,,,ITL,1316,,,SGS Taiwan Textile Laboratory,No 31 Wu Chyuan Rd,,,New Taipei City,,Taiwan,,,,1610,TX62762/2026/AC,www.sgs.com,,TRUE,S4730,7/8/2026,1610.1(d)(1),Importer,,,,,,,,,,,,
557C53AA,V8302,Model #,,,,V8302,,,,GCC,VUORI RIB HALF CREW SOCK,VUORI,,,,,DEL003,,Delta Galil Industries Ltd,D100 KARAYOLU UZERI TOPCULAR MAH DÜZCE CAD NO103 A Ç?L?ML?,,,Turkey,,Turkey,,9.72548E+11,Hamzi.Fatum@deltagalil.com,May-26,,,,,ITL,1082,,,SGS Turkey - Supervise Gözetme Etüd Kontrol Servisleri AS,Is Istanbul Plaza Baglar Mah Osmanpasa Cad No:95 E Girisi Günesli,,,Istanbul,Istanbul,Turkey,,,,1610,TR2811807,www.sgs.com,,FALSE,,6/12/2026,1610.1(d)(1),Importer,,,,,,,,,,,,
088FAA73,VW1009-L,Model #,,,,VW1009-L,,,,GCC,POSE PLYO TANK LONG,VUORI,,,,,ECL000,,Eclat Textile Co Ltd(Vietnam),Lot 1Road 5A Nhon Trach 2 Industrial Zone Nhon Trach District,,,Nhon Trach,Dong Nai,Viet Nam,71000,84613560751,david.hsu@eclat.com.tw,May-26,,,,,ITL,1316,,,SGS Taiwan Textile Laboratory,No 31 Wu Chyuan Rd,,,New Taipei City,,Taiwan,,,,1610,TX53314/2026/CI,www.sgs.com,,TRUE,RT1604268,6/3/2026,1610.1(d)(1),Importer,,,,,,,,,,,,
65E3AF15,VW1565,Model #,,,,VW1565,,,,GCC,VUORI ALLTHEFEELS POWER M BRA,VUORI,,,,,ECL000,,Eclat Textile Co Ltd(Vietnam),Lot 1Road 5A Nhon Trach 2 Industrial Zone Nhon Trach District,,,Nhon Trach,Dong Nai,Viet Nam,71000,84613560751,david.hsu@eclat.com.tw,May-26,,,,,ITL,1316,,,SGS Taiwan Textile Laboratory,No 31 Wu Chyuan Rd,,,New Taipei City,,Taiwan,,,,1610,TXB3219/2025/LI,www.sgs.com,,TRUE,B02ADPA0001,11/28/2025,1610.1(d)(1),Importer,,,,,,,,,,,,
52E12873,VW1604,Model #,,,,VW1604,,,,GCC,VUORI ALLTHEFEELS POWER M TANK,VUORI,,,,,ECL001-1,,E-Top,Lot Ix-1 Ix-2 Ix-3 Ix-4 My Xuan B1 Tien Hung Industrial Zone My Xuan Ward Phu My Town Ba Ria,,,Phu My,Vung Tau,Viet Nam,795650,84613560751,david.hsu@eclat.com.tw,May-26,,,,,ITL,1316,,,SGS Taiwan Textile Laboratory,No 31 Wu Chyuan Rd,,,New Taipei City,,Taiwan,,,,1610,TXB3219/2025/LI,www.sgs.com,,TRUE,B02ADPA0001,11/28/2025,1610.1(d)(1),Importer,,,,,,,,,,,,
57B683A7,VW1674,Model #,,,,VW1674,,,,GCC,COTTONY RIB BOYFRIEND TANK,VUORI,,,,,FEAV01,,Far Eastern Apparel LTD,No 46 Dai Lo Tu Do Viet Nam Singapore Industrial Park,,,Binh Hoa Ward Thuan An,Binh Duong,Vietnam,,84901553872,jeffrey.lin@feavn.com.vn,May-26,,,,,ITL,1023,,,SGS-CSTC Standards Technical Services (Shanghai) Co Ltd,No 889 Yishan Road xuhui district,,,Shanghai,,China,,,,1610,SL52605295095001TX,www.sgs.com,,TRUE,DTA03772S01,3/17/2026,1610.1(d)(1),Importer,,,,,,,,,,,,
D0FD2860,VW1678,Model #,,,,VW1678,,,,GCC,MIDSTRIDE SUPPORT BRA,VUORI,,,,,YOG001,,YOUNGONE NAMDINH CO LTD,Lot OPQR  N6 Road Hoa Xa Industrial Park Thanh Nam Ward,,,NINH BINH,,Viet Nam,,327598903,ngahtt@youngonevn.com,May-26,,,,,ITL,1316,,,SGS Taiwan Textile Laboratory,No 31 Wu Chyuan Rd,,,New Taipei City,,Taiwan,,,,1610,TXB3219/2025/LI,www.sgs.com,,TRUE,B02ADPA0001,11/28/2025,1610.1(d)(1),Importer,,,,,,,,,,,,
367DEEFC,VW1707,Model #,,,,VW1707,,,,GCC,VUORI ALLTHEFEELS LAYERED BRA,VUORI,,,,,ECL001-1,,E-Top,Lot Ix-1 Ix-2 Ix-3 Ix-4 My Xuan B1 Tien Hung Industrial Zone My Xuan Ward Phu My Town Ba Ria,,,Phu My,Vung Tau,Viet Nam,795650,84613560751,david.hsu@eclat.com.tw,May-26,,,,,ITL,1316,,,SGS Taiwan Textile Laboratory,No 31 Wu Chyuan Rd,,,New Taipei City,,Taiwan,,,,1610,TX20640/2026/LI,www.sgs.com,,TRUE,KP0212RJA3,2/11/2026,1610.1(d)(1),Importer,,,,,,,,,,,,
392B2888,VW1710,Model #,,,,VW1710,,,,GCC,VUORI ALLTHEFORM HIGH NECK,VUORI,,,,,YOG001,,YOUNGONE NAMDINH CO LTD,Lot OPQR  N6 Road Hoa Xa Industrial Park Thanh Nam Ward,,,NINH BINH,,Viet Nam,,327598903,ngahtt@youngonevn.com,May-26,,,,,ITL,1316,,,SGS Taiwan Textile Laboratory,No 31 Wu Chyuan Rd,,,New Taipei City,,Taiwan,,,,1610,TX71746/2025/AC,www.sgs.com,,TRUE,KP04570JA0,7/23/2025,1610.1(d)(1),Importer,,,,,,,,,,,,
FAD35567,VW2240,Model #,,,,VW2240,,,,GCC,HALO RELAXED POLO,VUORI,,,,,ECL000,,Eclat Textile Co Ltd(Vietnam),Lot 1Road 5A Nhon Trach 2 Industrial Zone Nhon Trach District,,,Nhon Trach,Dong Nai,Viet Nam,71000,84613560751,david.hsu@eclat.com.tw,May-26,,,,,ITL,1316,,,SGS Taiwan Textile Laboratory,No 31 Wu Chyuan Rd,,,New Taipei City,,Taiwan,,,,1610,TX33405/2026/YW,www.sgs.com,,TRUE,RT2310126,4/7/2026,,Importer,,,,,,,,,,,,
1D15DBA5,VW3305,Model #,,,,VW3305,,,,GCC,VUORI ALLTHEFORM PIPED SKIRT,VUORI,,,,,YOG001,,YOUNGONE NAMDINH CO LTD,Lot OPQR  N6 Road Hoa Xa Industrial Park Thanh Nam Ward,,,NINH BINH,,Viet Nam,,327598903,ngahtt@youngonevn.com,May-26,,,,,ITL,1316,,,SGS Taiwan Textile Laboratory,No 31 Wu Chyuan Rd,,,New Taipei City,,Taiwan,,,,1610,TX71746/2025/AC,www.sgs.com,,TRUE,KP04570JA0,7/23/2025,1610.1(d)(1),Importer,,,,,,,,,,,,
7D67DC9B,VW3329,Model #,,,,VW3329,,,,GCC,VUORI ALLTHEFEELS LAYER SHORT,VUORI,,,,,ECL001-1,,E-Top,Lot Ix-1 Ix-2 Ix-3 Ix-4 My Xuan B1 Tien Hung Industrial Zone My Xuan Ward Phu My Town Ba Ria,,,Phu My,Vung Tau,Viet Nam,795650,84613560751,david.hsu@eclat.com.tw,May-26,,,,,ITL,1316,,,SGS Taiwan Textile Laboratory,No 31 Wu Chyuan Rd,,,New Taipei City,,Taiwan,,,,1610,TX20640/2026/LI,www.sgs.com,,TRUE,KP0212RJA3,2/11/2026,1610.1(d)(1),Importer,,,,,,,,,,,,
8B1C7B60,VW4557,Model #,,,,VW4557,,,,GCC,HALO EVERYDAY WIDELEG PANT,VUORI,,,,,ECL003,,PT Eclat Textile International,Jalan Saptarengga No11 Wonorejo Kec Kaliwungu Kab Kendal Jawa Tengah,,,Kendal,Jawa Tengah,Indonesia,51372,84613560751,david.hsu@eclat.com.tw,May-26,,,,,ITL,1316,,,SGS Taiwan Textile Laboratory,No 31 Wu Chyuan Rd,,,New Taipei City,,Taiwan,,,,1610,TX33405/2026/YW,www.sgs.com,,TRUE,RT2310126,4/7/2026,,Importer,,,,,,,,,,,,
A7C9CA06,VW4557-L,Model #,,,,VW4557-L,,,,GCC,HALO EVERYDAY WIDELEG PANT - L,VUORI,,,,,ECL003,,PT Eclat Textile International,Jalan Saptarengga No11 Wonorejo Kec Kaliwungu Kab Kendal Jawa Tengah,,,Kendal,Jawa Tengah,Indonesia,51372,84613560751,david.hsu@eclat.com.tw,May-26,,,,,ITL,1316,,,SGS Taiwan Textile Laboratory,No 31 Wu Chyuan Rd,,,New Taipei City,,Taiwan,,,,1610,TX33405/2026/YW,www.sgs.com,,TRUE,RT2310126,4/7/2026,,Importer,,,,,,,,,,,,
E39A259D,VW4557-S,Model #,,,,VW4557-S,,,,GCC,HALO EVERYDAY WIDELEG PANT - S,VUORI,,,,,ECL003,,PT Eclat Textile International,Jalan Saptarengga No11 Wonorejo Kec Kaliwungu Kab Kendal Jawa Tengah,,,Kendal,Jawa Tengah,Indonesia,51372,84613560751,david.hsu@eclat.com.tw,May-26,,,,,ITL,1316,,,SGS Taiwan Textile Laboratory,No 31 Wu Chyuan Rd,,,New Taipei City,,Taiwan,,,,1610,TX33405/2026/YW,www.sgs.com,,TRUE,RT2310126,4/7/2026,,Importer,,,,,,,,,,,,
1221B4F3,VW4562,Model #,,,,VW4562,,,,GCC,VUORI ALLTHEFEELS WIDELEG,VUORI,,,,,SAB003-1,,AROMA SUCCESS GARMENT CO LTD,Tang Snao village Tumpoar Meas commune Samraong Tong district,,,Samraong Tong,Kampong Speu,Cambodia,,85598535466,fionsun@sabrina.com.tw,May-26,,,,,ITL,1316,,,SGS Taiwan Textile Laboratory,No 31 Wu Chyuan Rd,,,New Taipei City,,Taiwan,,,,1610,TX20640/2026/LI,www.sgs.com,,TRUE,KP0212RJA3,2/11/2026,1610.1(d)(1),Importer,,,,,,,,,,,,
405735FB,VW4562-L,Model #,,,,VW4562-L,,,,GCC,VUORI ALLTHEFEELS WIDELEG - L,VUORI,,,,,SAB003-1,,AROMA SUCCESS GARMENT CO LTD,Tang Snao village Tumpoar Meas commune Samraong Tong district,,,Samraong Tong,Kampong Speu,Cambodia,,85598535466,fionsun@sabrina.com.tw,May-26,,,,,ITL,1316,,,SGS Taiwan Textile Laboratory,No 31 Wu Chyuan Rd,,,New Taipei City,,Taiwan,,,,1610,TX20640/2026/LI,www.sgs.com,,TRUE,KP0212RJA3,2/11/2026,1610.1(d)(1),Importer,,,,,,,,,,,,
915A1D09,VW4562-S,Model #,,,,VW4562-S,,,,GCC,VUORI ALLTHEFEELS WIDELEG - S,VUORI,,,,,SAB003-1,,AROMA SUCCESS GARMENT CO LTD,Tang Snao village Tumpoar Meas commune Samraong Tong district,,,Samraong Tong,Kampong Speu,Cambodia,,85598535466,fionsun@sabrina.com.tw,May-26,,,,,ITL,1316,,,SGS Taiwan Textile Laboratory,No 31 Wu Chyuan Rd,,,New Taipei City,,Taiwan,,,,1610,TX20640/2026/LI,www.sgs.com,,TRUE,KP0212RJA3,2/11/2026,1610.1(d)(1),Importer,,,,,,,,,,,,
E316FE9B,VW5076-L,Model #,,,,VW5076-L,,,,GCC,VUORI ALLTHEFEELS FULL ZIP - L,VUORI,,,,,SABC01,,Sabrina (Cambodia) Garment Manufacturing Corp,National Road No 4 Trapaing Reussey Village Sambo Commune Samrong Torng District,,,Samraong Tong,Kampong Speu,Cambodia,,85515753886,sophegui_kh@sabrina.com.tw,May-26,,,,,ITL,1316,,,SGS Taiwan Textile Laboratory,No 31 Wu Chyuan Rd,,,New Taipei City,,Taiwan,,,,1610,TX20640/2026/LI,www.sgs.com,,TRUE,KP0212RJA3,2/11/2026,1610.1(d)(1),Importer,,,,,,,,,,,,
2.73E+08,VW656,Model #,,,,VW656,,,,GCC,VUORI ALLTHEFEELS POWERM DRESS,VUORI,,,,,ECL001-1,,E-Top,Lot Ix-1 Ix-2 Ix-3 Ix-4 My Xuan B1 Tien Hung Industrial Zone My Xuan Ward Phu My Town Ba Ria,,,Phu My,Vung Tau,Viet Nam,795650,84613560751,david.hsu@eclat.com.tw,May-26,,,,,ITL,1316,,,SGS Taiwan Textile Laboratory,No 31 Wu Chyuan Rd,,,New Taipei City,,Taiwan,,,,1610,TX20640/2026/LI,www.sgs.com,,TRUE,KP0212RJA3,2/11/2026,1610.1(d)(1),Importer,,,,,,,,,,,,
7BE0B10D,V237,Model #,,,,V237,,,,GCC,ASPEN SHIRT JACKET,VUORI,,,,,YIC002,,YIC HANAM,Chau Son Industrial park Chau Son Ward,,,Ninh Binh,Ninh Binh,Viet Nam,430000,84353793468,merchandiser07@yic.rocks,May-26,,,,,ITL,1023,,,SGS-CSTC Standards Technical Services (Shanghai) Co Ltd,No 889 Yishan Road xuhui district,,,Shanghai,,China,,,,1610,SL52615338848401TX,www.sgs.com,,TRUE,6511RC,7/27/2026,1610.1(d)(2),Importer,,,,,,,,,,,,
DE73A141,V5053,Model #,,,,V5053,,,,GCC,GLACIER FLIGHT JACKET,VUORI,,,,,YIC002,,YIC HANAM,Chau Son Industrial park Chau Son Ward,,,Ninh Binh,Ninh Binh,Viet Nam,430000,84353793468,merchandiser07@yic.rocks,May-26,,,,,ITL,1682,,,SGS-CSTC Standards Technical Services Co Ltd Nanjing Branch,1-2/F Building 2 No9 Yongfeng Road Qinhuai District,,,Nanjing,Jiangsu,China,,,,1610,SL32603322514701TX ,www.sgs.com,,TRUE,JBCP00686HS-01,7/1/2026,,Importer,,,,,,,,,,,,
2ACDC048,V5058,Model #,,,,V5058,,,,GCC,TIOGA FLEECE JACKET,VUORI,,,,,YIC002,,YIC HANAM,Chau Son Industrial park Chau Son Ward,,,Ninh Binh,Ninh Binh,Viet Nam,430000,84353793468,merchandiser07@yic.rocks,May-26,,,,,ITL,1023,,,SGS-CSTC Standards Technical Services (Shanghai) Co Ltd,No 889 Yishan Road xuhui district,,,Shanghai,,China,,,,1610,SL52605309611201TX,www.sgs.com,,TRUE,NGYR946(F0431),5/6/2026,1610.1(d)(2),Importer,,,,,,,,,,,,
1D0D4DC0,V5083,Model #,,,,V5083,,,,GCC,VUORI META HARRINGTON JACKET,VUORI,,,,,YIC002,,YIC HANAM,Chau Son Industrial park Chau Son Ward,,,Ninh Binh,Ninh Binh,Viet Nam,430000,84353793468,merchandiser07@yic.rocks,May-26,,,,,ITL,1024,,,SGS-CSTC Standards Technical Services Co Ltd Guangzhou Branch,No198 Kezhu Road Science City Economic & Technological Development Area,,,Guangzhou,Guangdong,China,,,,1610,SL92519325792901TX ,www.sgs.com,,TRUE,TNB888648MFC3X2-D1,7/30/2025,1610.1(d)(2),Importer,,,,,,,,,,,,
2F9FF719,V5090,Model #,,,,V5090,,,,GCC,BALLARD JACKET,VUORI,,,,,YIC002,,YIC HANAM,Chau Son Industrial park Chau Son Ward,,,Ninh Binh,Ninh Binh,Viet Nam,430000,84353793468,merchandiser07@yic.rocks,May-26,,,,,ITL,1023,,,SGS-CSTC Standards Technical Services (Shanghai) Co Ltd,No 889 Yishan Road xuhui district,,,Shanghai,,China,,,,1610,SL52605309886801TX,www.sgs.com,,TRUE,NS36842GX,5/11/2026,1610.1(d)(1),Importer,,,,,,,,,,,,
2A87884B,V5092,Model #,,,,V5092,,,,GCC,GLACIER SHIRT JACKET,VUORI,,,,,YIC002,,YIC HANAM,Chau Son Industrial park Chau Son Ward,,,Ninh Binh,Ninh Binh,Viet Nam,430000,84353793468,merchandiser07@yic.rocks,May-26,,,,,ITL,1682,,,SGS-CSTC Standards Technical Services Co Ltd Nanjing Branch,1-2/F Building 2 No9 Yongfeng Road Qinhuai District,,,Nanjing,Jiangsu,China,,,,1610,SL32603322514701TX ,www.sgs.com,,TRUE,JBCP00686HS-01,7/1/2026,,Importer,,,,,,,,,,,,
DC71B88E,V5131,Model #,,,,V5131,,,,GCC,ALPINE FLEECE SHIRT JACKET,VUORI,,,,,YIC002,,YIC HANAM,Chau Son Industrial park Chau Son Ward,,,Ninh Binh,Ninh Binh,Viet Nam,430000,84353793468,merchandiser07@yic.rocks,May-26,,,,,ITL,1016,,,SGS Hong Kong Limited,1/F On Wui Centre 25 Lok Yip Road Fanling NT,,,Hong Kong,,Hong Kong,,,,1610,SL12600291441201TX-1,www.sgs.com,,TRUE,GHB B186 C0 GGT,4/2/2026,1610.1(d)(1),Importer,,,,,,,,,,,,
DA1E1901,V8219,Model #,,,,V8219,,,,GCC,HALF CREW RUFFLE SOCK,VUORI,,,,,DEL003,,Delta Galil Industries Ltd,D100 KARAYOLU UZERI TOPCULAR MAH DÜZCE CAD NO103 A Ç?L?ML?,,,Turkey,,Turkey,,9.72548E+11,Hamzi.Fatum@deltagalil.com,May-26,,,,,ITL,1082,,,SGS Turkey - Supervise Gözetme Etüd Kontrol Servisleri AS,Is Istanbul Plaza Baglar Mah Osmanpasa Cad No:95 E Girisi Günesli,,,Istanbul,Istanbul,Turkey,,,,1610,TR2725472 ,www.sgs.com,,FALSE,,11/12/2025,1610.1(d)(1),Importer,,,,,,,,,,,,
A8211E03,VW2184,Model #,,,,VW2184,,,,GCC,HALO MINI FZ HOODIE,VUORI,,,,,ECL001-1,,E-Top,Lot Ix-1 Ix-2 Ix-3 Ix-4 My Xuan B1 Tien Hung Industrial Zone My Xuan Ward Phu My Town Ba Ria,,,Phu My,Vung Tau,Viet Nam,795650,84613560751,david.hsu@eclat.com.tw,May-26,,,,,ITL,1316,,,SGS Taiwan Textile Laboratory,No 31 Wu Chyuan Rd,,,New Taipei City,,Taiwan,,,,1610,TX30152/2026/YA Amendment,www.sgs.com,,TRUE,RT2409187,3/10/2026,,Importer,,,,,,,,,,,,
A4E6CCB0,VW2185,Model #,,,,VW2185,,,,GCC,RETROGRADE WOVEN CREWNECK,VUORI,,,,,YIC002,,YIC HANAM,Chau Son Industrial park Chau Son Ward,,,Ninh Binh,Ninh Binh,Viet Nam,430000,84353793468,merchandiser07@yic.rocks,May-26,,,,,ITL,1316,,,SGS Taiwan Textile Laboratory,No 31 Wu Chyuan Rd,,,New Taipei City,,Taiwan,,,,1610,TX63114/2026/AC,www.sgs.com,,TRUE,RT1710163,7/6/2026,1610.1(d)(1),Importer,,,,,,,,,,,,
B38B9069,VW2223,Model #,,,,VW2223,,,,GCC,CHUNKY KNIT DUSTER,VUORI,,,,,STI002,,CHUN XUE (KHM) CASHMERE TEXTILE COLTD,National Road No 21 PrekBek Village Koh Thom “B” Commune,,,Koh Thom,Kandal,Cambodia,,8.62152E+11,shujuanliu@shangtexdec.com,May-26,,,,,ITL,1023,,,SGS-CSTC Standards Technical Services (Shanghai) Co Ltd,No 889 Yishan Road xuhui district,,,Shanghai,,China,,,,1610,SL52615325460101TX,www.sgs.com,,TRUE,Y0267-ZJ31YCSB535,7/10/2026,1610.1(d)(2),Importer,,,,,,,,,,,,
0A9D46E8,VW3283,Model #,,,,VW3283,,,,GCC,CLEMENTINE RETRO SHORT 2.5,VUORI,,,,,YIC002,,YIC HANAM,Chau Son Industrial park Chau Son Ward,,,Ninh Binh,Ninh Binh,Viet Nam,430000,84353793468,merchandiser07@yic.rocks,May-26,,,,,ITL,1079,,,SGS Vietnam Ltd,Lot III/21 19/5A street Group IIITan Binh industrial park,,,Ho Chi Minh City,,Vietnam,,,,1610,SL01260401240201TX,www.sgs.com,,TRUE,JBVF00144HB-03,5/9/2026,1610.1(d)(1),Importer,,,,,,,,,,,,
C83D2983,VW4381-S,Model #,,,,VW4381-S,,,,GCC,W'S VUORI VINTAGE WIDELEG 30,VUORI,,,,,PPJ001,,PPJ-WISER COMPANY LIMITED,48 Tang Nhon Phu Street Tang Nhon Phu Ward,,,Ho Chi Minh,Ho Chi Minh,Vietnam,,84827889120,nkhong@ppj-international.com,May-26,,,,,ITL,1079,,,SGS Vietnam Ltd,Lot III/21 19/5A street Group IIITan Binh industrial park,,,Ho Chi Minh City,,Vietnam,,,,1610,SL01260401228401TX,www.sgs.com,,TRUE,AMX-52639-C-NF,4/15/2026,1610.1(d)(1),Importer,,,,,,,,,,,,
2659BE19,VW4403-L,Model #,,,,VW4403-L,,,,GCC,VILLA WIDELEG TROUSER - LONG,VUORI,,,,,YIC002,,YIC HANAM,Chau Son Industrial park Chau Son Ward,,,Ninh Binh,Ninh Binh,Viet Nam,430000,84353793468,merchandiser07@yic.rocks,May-26,,,,,ITL,1316,,,SGS Taiwan Textile Laboratory,No 31 Wu Chyuan Rd,,,New Taipei City,,Taiwan,,,,1610,TX40597/2026/YA,www.sgs.com,,TRUE,FVF06314QD,4/15/2026,1610.1(d)(1),Importer,,,,,,,,,,,,
3C369D66,VW4521,Model #,,,,VW4521,,,,GCC,RETROGRADE TRACK PANT,VUORI,,,,,YIC002,,YIC HANAM,Chau Son Industrial park Chau Son Ward,,,Ninh Binh,Ninh Binh,Viet Nam,430000,84353793468,merchandiser07@yic.rocks,May-26,,,,,ITL,1044,,,SGS Korea Co Ltd Anyang Branch,#322 The O Valley Bldg,,,Anyang,Gyeonggi-do,South Korea,,,,1610,F690101/LF-CTSAYSA25-19849,www.sgs.com,,TRUE,SN-RQ23-2201-268WK,12/24/2025,1610.1(d)(1),Importer,,,,,,,,,,,,
9C210BA6,VW5007,Model #,,,,VW5007,,,,GCC,WOMEN'S RENEW TRAINER SHELL,VUORI,,,,,YIC002,,YIC HANAM,Chau Son Industrial park Chau Son Ward,,,Ninh Binh,Ninh Binh,Viet Nam,430000,84353793468,merchandiser07@yic.rocks,May-26,,,,,ITL,1044,,,SGS Korea Co Ltd Anyang Branch,#322 The O Valley Bldg,,,Anyang,Gyeonggi-do,South Korea,,,,1610,F690101/LF-CTSAYSA25-15905,www.sgs.com,,TRUE,XNE-YC23-L121W,10/31/2025,1610.1(d)(1),Importer,,,,,,,,,,,,
E3D04FEF,VW5112,Model #,,,,VW5112,,,,GCC,COURT FULL ZIP,VUORI,,,,,YIC002,,YIC HANAM,Chau Son Industrial park Chau Son Ward,,,Ninh Binh,Ninh Binh,Viet Nam,430000,84353793468,merchandiser07@yic.rocks,May-26,,,,,ITL,1044,,,SGS Korea Co Ltd Anyang Branch,#322 The O Valley Bldg,,,Anyang,Gyeonggi-do,South Korea,,,,1610,F690101/LF-CTSAYSA26-10772,www.sgs.com,,TRUE,SN-YC23-L049W,7/24/2026,1610.1(d)(2),Importer,,,,,,,,,,,,
B9E4F815,VW5150,Model #,,,,VW5150,,,,GCC,ALPINE PRINTED JACKET,VUORI,,,,,YIC002,,YIC HANAM,Chau Son Industrial park Chau Son Ward,,,Ninh Binh,Ninh Binh,Viet Nam,430000,84353793468,merchandiser07@yic.rocks,May-26,,,,,ITL,1316,,,SGS Taiwan Textile Laboratory,No 31 Wu Chyuan Rd,,,New Taipei City,,Taiwan,,,,1610,TX52223/2026/CI,www.sgs.com,,TRUE,KW-3709A,5/27/2026,1610.1(d)(1),Importer,,,,,,,,,,,,
4E7A6044,VW5151,Model #,,,,VW5151,,,,GCC,LOU REVERSIBLE JACKET,VUORI,,,,,YIC002,,YIC HANAM,Chau Son Industrial park Chau Son Ward,,,Ninh Binh,Ninh Binh,Viet Nam,430000,84353793468,merchandiser07@yic.rocks,May-26,,,,,ITL,1316,,,SGS Taiwan Textile Laboratory,No 31 Wu Chyuan Rd,,,New Taipei City,,Taiwan,,,,1610,TX41466/2026/CI,www.sgs.com,,TRUE,SP2126-R,5/4/2026,1610.1(d)(2),Importer,,,,,,,,,,,,
BF260295,VW5161,Model #,,,,VW5161,,,,GCC,WOMEN'S BALLARD LONG JACKET,VUORI,,,,,YIC002,,YIC HANAM,Chau Son Industrial park Chau Son Ward,,,Ninh Binh,Ninh Binh,Viet Nam,430000,84353793468,merchandiser07@yic.rocks,May-26,,,,,ITL,1044,,,SGS Korea Co Ltd Anyang Branch,#322 The O Valley Bldg,,,Anyang,Gyeonggi-do,South Korea,,,,1610,F690101/LF-CTSAYSA26-05241,www.sgs.com,,TRUE,GWC-K018,4/17/2026,1610.1(d)(1),Importer,,,,,,,,,,,,
21B25176,VW5163,Model #,,,,VW5163,,,,GCC,ICON TWILL JACKET,VUORI,,,,,YIC002,,YIC HANAM,Chau Son Industrial park Chau Son Ward,,,Ninh Binh,Ninh Binh,Viet Nam,430000,84353793468,merchandiser07@yic.rocks,May-26,,,,,ITL,1388,,,SGS-CSTC Standards Technical Services (Changzhou) Co Ltd, Building 30 and Building 18 Heimudan Science Park Tianning District Changzhou Jiangsu China,,,Changzhou,Jiangsu,China,,,,1610,SL42604302102001TX ,www.sgs.com,,TRUE,HW211119-0306SO,4/21/2026,1610.1(d)(1),Importer,,,,,,,,,,,,
74F6E7E0,VW5177,Model #,,,,VW5177,,,,GCC,MEADOW CINCHED JACKET,VUORI,,,,,YIC002,,YIC HANAM,Chau Son Industrial park Chau Son Ward,,,Ninh Binh,Ninh Binh,Viet Nam,430000,84353793468,merchandiser07@yic.rocks,May-26,,,,,ITL,1023,,,SGS-CSTC Standards Technical Services (Shanghai) Co Ltd,No 889 Yishan Road xuhui district,,,Shanghai,,China,,,,1610,SL52605309284701TX,www.sgs.com,,TRUE,N76849SGWP,5/11/2026,1610.1(d)(1),Importer,,,,,,,,,,,,
BE709581,VW5178,Model #,,,,VW5178,,,,GCC,LOU SHIRT JACKET,VUORI,,,,,YIC002,,YIC HANAM,Chau Son Industrial park Chau Son Ward,,,Ninh Binh,Ninh Binh,Viet Nam,430000,84353793468,merchandiser07@yic.rocks,May-26,,,,,ITL,1044,,,SGS Korea Co Ltd Anyang Branch,#322 The O Valley Bldg,,,Anyang,Gyeonggi-do,South Korea,,,,1610,F690101/LF-CTSAYSA25-19849,www.sgs.com,,TRUE,SN-RQ23-2201-268WK,12/24/2025,1610.1(d)(1),Importer,,,,,,,,,,,,
8EA66BE1,VW5179,Model #,,,,VW5179,,,,GCC,CHILLED OUT FITNESS JACKET,VUORI,,,,,YIC002,,YIC HANAM,Chau Son Industrial park Chau Son Ward,,,Ninh Binh,Ninh Binh,Viet Nam,430000,84353793468,merchandiser07@yic.rocks,May-26,,,,,ITL,1079,,,SGS Vietnam Ltd,Lot III/21 19/5A street Group IIITan Binh industrial park,,,Ho Chi Minh City,,Vietnam,,,,1610,SL01260200639901TX,www.sgs.com,,TRUE,DL1020,3/17/2026,1610.1(d)(2),Importer,,,,,,,,,,,,
ED912884,VW1577,Model #,,,,VW1577,,,,GCC,SKYLINE BRA,VUORI,,,,,ECL001-1,,E-Top,Lot Ix-1 Ix-2 Ix-3 Ix-4 My Xuan B1 Tien Hung Industrial Zone My Xuan Ward Phu My Town Ba Ria,,,Phu My,Vung Tau,Viet Nam,795650,84613560751,david.hsu@eclat.com.tw,May-26,,,,,ITL,1316,,,SGS Taiwan Textile Laboratory,No 31 Wu Chyuan Rd,,,New Taipei City,,Taiwan,,,,1610,TX72687/2026/YA,www.sgs.com,,TRUE,RT2212178,7/30/2026,1610.1(d)(1),Importer,,,,,,,,,,,,
0FA36AD0,V3087,Model #,,,,V3087,,,,GCC,MAVERICK VOLLEY SHORT LINED,VUORI,,,,,FEAV01,,Far Eastern Apparel LTD,No 46 Dai Lo Tu Do Viet Nam Singapore Industrial Park,,,Binh Hoa Ward Thuan An,Binh Duong,Vietnam,,84901553872,jeffrey.lin@feavn.com.vn,May-26,,,,,ITL,1079,,,SGS Vietnam Ltd,Lot III/21 19/5A street Group IIITan Binh industrial park,,,Ho Chi Minh City,,Vietnam,,,,1610,SL01260702771901TX,www.sgs.com,,TRUE,WLW-T-01962(T5L4191)(DL1145),8/3/2026,1610.1(d)(2),Importer,,,,,,,,,,,,
8E2DA4DC,V3093,Model #,,,,V3093,,,,GCC,BANKS RESORT SHORT,VUORI,,,,,FEAV01,,Far Eastern Apparel LTD,No 46 Dai Lo Tu Do Viet Nam Singapore Industrial Park,,,Binh Hoa Ward Thuan An,Binh Duong,Vietnam,,84901553872,jeffrey.lin@feavn.com.vn,May-26,,,,,ITL,1079,,,SGS Vietnam Ltd,Lot III/21 19/5A street Group IIITan Binh industrial park,,,Ho Chi Minh City,,Vietnam,,,,1610,SL01260702771901TX,www.sgs.com,,TRUE,WLW-T-01962(T5L4191)(DL1145),8/3/2026,1610.1(d)(2),Importer,,,,,,,,,,,,
01B2E715,VW2221,Model #,,,,VW2221,,,,GCC,DOUBLE ZIP RIB SWEATER,VUORI,,,,,STI002,,CHUN XUE (KHM) CASHMERE TEXTILE COLTD,National Road No 21 PrekBek Village Koh Thom “B” Commune,,,Koh Thom,Kandal,Cambodia,,8.62152E+11,shujuanliu@shangtexdec.com,May-26,,,,,ITL,1023,,,SGS-CSTC Standards Technical Services (Shanghai) Co Ltd,No 889 Yishan Road xuhui district,,,Shanghai,,China,,,,1610,SL52615325460601TX,www.sgs.com,,TRUE,Y0194,7/10/2026,1610.1(d)(1),Importer,,,,,,,,,,,,
F0AC7EE5,V1107,Model #,,,,V1107,,,,GCC,S/S KNIT OXFORD BUTTON DOWN,VUORI,,,,,FEAV01,,Far Eastern Apparel LTD,No 46 Dai Lo Tu Do Viet Nam Singapore Industrial Park,,,Binh Hoa Ward Thuan An,Binh Duong,Vietnam,,84901553872,jeffrey.lin@feavn.com.vn,May-26,,,,,ITL,1341,,,PT SGS Indonesia,The Garden Centre 1st & 2nd Floor - Cilandak Commercial Estate,,,Jakarta Selatan,,Indonesia,,,,1610,JAKCP250006210,www.sgs.com,,TRUE,SPQ-24039,4/11/2025,1610.1(d)(1),Importer,,,,,,,,,,,,
9397765A,V2074,Model #,,,,V2074,,,,GCC,BERIK CASHMERE 1/4 ZIP,VUORI,,,,,STI002,,CHUN XUE (KHM) CASHMERE TEXTILE COLTD,National Road No 21 PrekBek Village Koh Thom “B” Commune,,,Koh Thom,Kandal,Cambodia,,8.62152E+11,shujuanliu@shangtexdec.com,May-26,,,,,ITL,1023,,,SGS-CSTC Standards Technical Services (Shanghai) Co Ltd,No 889 Yishan Road xuhui district,,,Shanghai,,China,,,,1610,SL52615312101101TX,www.sgs.com,,TRUE,ZJ31YCSB231,6/18/2026,1610.1(d)(2),Importer,,,,,,,,,,,,
C4C6ADC5,VW2117,Model #,,,,VW2117,,,,GCC,CASHMERE CABLE KNIT SWEATER,VUORI,,,,,STI002,,CHUN XUE (KHM) CASHMERE TEXTILE COLTD,National Road No 21 PrekBek Village Koh Thom “B” Commune,,,Koh Thom,Kandal,Cambodia,,8.62152E+11,shujuanliu@shangtexdec.com,May-26,,,,,ITL,1023,,,SGS-CSTC Standards Technical Services (Shanghai) Co Ltd,No 889 Yishan Road xuhui district,,,Shanghai,,China,,,,1610,SL52615313791401TX,www.sgs.com,,TRUE,Y0273-AMBER,7/9/2026,1610.1(d)(2),Importer,,,,,,,,,,,,
BD55EEEF,VW2220,Model #,,,,VW2220,,,,GCC,VUORI GALAXY FUNNEL NECK FZ,VUORI,,,,,FEAV01,,Far Eastern Apparel LTD,No 46 Dai Lo Tu Do Viet Nam Singapore Industrial Park,,,Binh Hoa Ward Thuan An,Binh Duong,Vietnam,,84901553872,jeffrey.lin@feavn.com.vn,May-26,,,,,ITL,1341,,,PT SGS Indonesia,The Garden Centre 1st & 2nd Floor - Cilandak Commercial Estate,,,Jakarta Selatan,,Indonesia,,,,1610,JAKCP260006895 R-1,www.sgs.com,,TRUE,DKI-24057,4/22/2026,1610.1(d)(1),Importer,,,,,,,,,,,,
8B6B1411,VW2222,Model #,,,,VW2222,,,,GCC,WOMEN'S VUORI GALAXY CREW,VUORI,,,,,FEAV01,,Far Eastern Apparel LTD,No 46 Dai Lo Tu Do Viet Nam Singapore Industrial Park,,,Binh Hoa Ward Thuan An,Binh Duong,Vietnam,,84901553872,jeffrey.lin@feavn.com.vn,May-26,,,,,ITL,1341,,,PT SGS Indonesia,The Garden Centre 1st & 2nd Floor - Cilandak Commercial Estate,,,Jakarta Selatan,,Indonesia,,,,1610,JAKCP260006895 R-1,www.sgs.com,,TRUE,DKI-24057,4/22/2026,1610.1(d)(1),Importer,,,,,,,,,,,,
DEC2A205,VW4517,Model #,,,,VW4517,,,,GCC,CASHMERE CABLE KNIT PANT,VUORI,,,,,STI002,,CHUN XUE (KHM) CASHMERE TEXTILE COLTD,National Road No 21 PrekBek Village Koh Thom “B” Commune,,,Koh Thom,Kandal,Cambodia,,8.62152E+11,shujuanliu@shangtexdec.com,May-26,,,,,ITL,1023,,,SGS-CSTC Standards Technical Services (Shanghai) Co Ltd,No 889 Yishan Road xuhui district,,,Shanghai,,China,,,,1610,SL52515327244701TX,www.sgs.com,,TRUE,INTEGRO,8/19/2025,1610.1(d)(2),Importer,,,,,,,,,,,,
2CE97C94,VW643,Model #,,,,VW643,,,,GCC,SOLSTICE DRESS,VUORI,,,,,SABC01,,Sabrina (Cambodia) Garment Manufacturing Corp,National Road No 4 Trapaing Reussey Village Sambo Commune Samrong Torng District,,,Samraong Tong,Kampong Speu,Cambodia,,85515753886,sophegui_kh@sabrina.com.tw,May-26,,,,,ITL,1316,,,SGS Taiwan Textile Laboratory,No 31 Wu Chyuan Rd,,,New Taipei City,,Taiwan,,,,1610,TX74357/2025/AC,www.sgs.com,,TRUE,A10AAPE0010,8/6/2025,1610.1(d)(1),Importer,,,,,,,,,,,,
AABBE968,V8216,Model #,,,,V8216,,,,GCC,HALF CREW SOCK 3 PACK,VUORI,,,,,DEL003,,Delta Galil Industries Ltd,D100 KARAYOLU UZERI TOPCULAR MAH DÜZCE CAD NO103 A Ç?L?ML?,,,Turkey,,Turkey,,9.72548E+11,Hamzi.Fatum@deltagalil.com,May-26,,,,,ITL,1082,,,SGS Turkey - Supervise Gözetme Etüd Kontrol Servisleri AS,Is Istanbul Plaza Baglar Mah Osmanpasa Cad No:95 E Girisi Günesli,,,Istanbul,Istanbul,Turkey,,,,1610,TR2709853,www.sgs.com,,FALSE,,10/7/2025,1610.1(d)(1),Importer,,,,,,,,,,,,
3BF72AE5,V8217,Model #,,,,V8217,,,,GCC,V1 CREW SOCK GIFT 3 PACK 2.0,VUORI,,,,,DEL003,,Delta Galil Industries Ltd,D100 KARAYOLU UZERI TOPCULAR MAH DÜZCE CAD NO103 A Ç?L?ML?,,,Turkey,,Turkey,,9.72548E+11,Hamzi.Fatum@deltagalil.com,May-26,,,,,ITL,1082,,,SGS Turkey - Supervise Gözetme Etüd Kontrol Servisleri AS,Is Istanbul Plaza Baglar Mah Osmanpasa Cad No:95 E Girisi Günesli,,,Istanbul,Istanbul,Turkey,,,,1610,TR2721612,www.sgs.com,,FALSE,,11/4/2025,1610.1(d)(1),Importer,,,,,,,,,,,,
F6FB92B7,V8099,Model #,,,,V8099,,,,GCC,LIFESTYLE BOXER BRIEF 3 PACK,VUORI,,,,,MAS002,,Sleekline - MAS Active,MAS ACTIVE-Sleekline - Nittambuwa,,,Nittambuwa,Western Province,Sri Lanka,,94777004952,surangapa@masholdings.com,May-26,,,,,ITL,1316,,,SGS Taiwan Textile Laboratory,No 31 Wu Chyuan Rd,,,New Taipei City,,Taiwan,,,,1610,TX71972/2025/UL,www.sgs.com,,TRUE,UBC-0511,7/22/2025,1610.1(d)(1),Importer,,,,,,,,,,,,
260604BA,VW2239,Model #,,,,VW2239,,,,GCC,WOMEN'S BEACH FLEECE FULL ZIP,VUORI,,,,,FEAV01,,Far Eastern Apparel LTD,No 46 Dai Lo Tu Do Viet Nam Singapore Industrial Park,,,Binh Hoa Ward Thuan An,Binh Duong,Vietnam,,84901553872,jeffrey.lin@feavn.com.vn,May-26,,,,,ITL,1316,,,SGS Taiwan Textile Laboratory,No 31 Wu Chyuan Rd,,,New Taipei City,,Taiwan,,,,1610,TX40932/2026/YA,www.sgs.com,,TRUE,KW-3820D,4/28/2026,,Importer,,,,,,,,,,,,
571B718C,V2163,Model #,,,,V2163,,,,GCC,ADVENTURE SWEATER FZ HOODIE,VUORI,,,,,STI002,,CHUN XUE (KHM) CASHMERE TEXTILE COLTD,National Road No 21 PrekBek Village Koh Thom “B” Commune,,,Koh Thom,Kandal,Cambodia,,8.62152E+11,shujuanliu@shangtexdec.com,May-26,,,,,ITL,1316,,,SGS Taiwan Textile Laboratory,No 31 Wu Chyuan Rd,,,New Taipei City,,Taiwan,,,,1610,TX40932/2026/YA,www.sgs.com,,TRUE,KW-3820D,4/28/2026,,Importer,,,,,,,,,,,,
197A3656,VW5082,Model #,,,,VW5082,,,,GCC,ALTA LONG DOWN JACKET,VUORI,,,,,HOJ001,,PT Yongjin Javasuka Garment,JLRaya Siliwangi KM35 Desa Benda Kec Cicurug-KabSukabumi 43359,,,Sukabumi,West Java,Indonesia,,6.22669E+11,charles@yongjin.co.id,May-26,,,,,ITL,1023,,,SGS-CSTC Standards Technical Services (Shanghai) Co Ltd,No 889 Yishan Road xuhui district,,,Shanghai,,China,,,,1610,SL52615312930001TX,www.sgs.com,,TRUE,Y0185,6/5/2026,1610.1(d)(2),Importer,,,,,,,,,,,,
3B4F6400,V4103-32,Model #,,,,V4103-32,,,,GCC,CORONADO PANT CLASSIC FIT 32,VUORI,,,,,ECL000,,Eclat Textile Co Ltd(Vietnam),Lot 1Road 5A Nhon Trach 2 Industrial Zone Nhon Trach District,,,Nhon Trach,Dong Nai,Viet Nam,71000,84613560751,david.hsu@eclat.com.tw,May-26,,,,,ITL,1316,,,SGS Taiwan Textile Laboratory,No 31 Wu Chyuan Rd,,,New Taipei City,,Taiwan,,,,1610,TX63120/2026/JU Amendment,www.sgs.com,,TRUE,RT1906120-HR,7/9/2026,,Importer,,,,,,,,,,,,
A586A942,VW1680,Model #,,,,VW1680,,,,GCC,VUORI ALLTHEFEELS LAYERED TANK,VUORI,,,,,ECL001-1,,E-Top,Lot Ix-1 Ix-2 Ix-3 Ix-4 My Xuan B1 Tien Hung Industrial Zone My Xuan Ward Phu My Town Ba Ria,,,Phu My,Vung Tau,Viet Nam,795650,84613560751,david.hsu@eclat.com.tw,May-26,,,,,ITL,1316,,,SGS Taiwan Textile Laboratory,No 31 Wu Chyuan Rd,,,New Taipei City,,Taiwan,,,,1610,TX74357/2025/AC,www.sgs.com,,TRUE,A10AAPE0010,8/6/2025,1610.1(d)(1),Importer,,,,,,,,,,,,
57FD968F,VW4596-L,Model #,,,,VW4596-L,,,,GCC,VUORI ALLTHEFEELS LAYER SLIM-L,VUORI,,,,,ECL004,,Colltex Garment MFY CoLtd,Lot 28 Road 7 Trang Bang Industrial Zone An Tinh Ward,,,Trang Bang,Tay Ninh,Viet Nam,,84613560751,david.hsu@eclat.com.tw,May-26,,,,,ITL,1316,,,SGS Taiwan Textile Laboratory,No 31 Wu Chyuan Rd,,,New Taipei City,,Taiwan,,,,1610,TX74357/2025/AC,www.sgs.com,,TRUE,A10AAPE0010,8/6/2025,1610.1(d)(1),Importer,,,,,,,,,,,,
5F0D30E3,VW4596-S,Model #,,,,VW4596-S,,,,GCC,VUORI ALLTHEFEELS LAYER SLIM-S,VUORI,,,,,ECL004,,Colltex Garment MFY CoLtd,Lot 28 Road 7 Trang Bang Industrial Zone An Tinh Ward,,,Trang Bang,Tay Ninh,Viet Nam,,84613560751,david.hsu@eclat.com.tw,May-26,,,,,ITL,1316,,,SGS Taiwan Textile Laboratory,No 31 Wu Chyuan Rd,,,New Taipei City,,Taiwan,,,,1610,TX74357/2025/AC,www.sgs.com,,TRUE,A10AAPE0010,8/6/2025,1610.1(d)(1),Importer,,,,,,,,,,,,
F6DE77E6,VW4597-L,Model #,,,,VW4597-L,,,,GCC,VUORI ALLTHEFEELS LAYER LEG-L,VUORI,,,,,ECL004,,Colltex Garment MFY CoLtd,Lot 28 Road 7 Trang Bang Industrial Zone An Tinh Ward,,,Trang Bang,Tay Ninh,Viet Nam,,84613560751,david.hsu@eclat.com.tw,May-26,,,,,ITL,1316,,,SGS Taiwan Textile Laboratory,No 31 Wu Chyuan Rd,,,New Taipei City,,Taiwan,,,,1610,TX74357/2025/AC,www.sgs.com,,TRUE,A10AAPE0010,8/6/2025,1610.1(d)(1),Importer,,,,,,,,,,,,
64ECCCDC,VW4597-S,Model #,,,,VW4597-S,,,,GCC,VUORI ALLTHEFEELS LAYER LEG-S,VUORI,,,,,ECL004,,Colltex Garment MFY CoLtd,Lot 28 Road 7 Trang Bang Industrial Zone An Tinh Ward,,,Trang Bang,Tay Ninh,Viet Nam,,84613560751,david.hsu@eclat.com.tw,May-26,,,,,ITL,1316,,,SGS Taiwan Textile Laboratory,No 31 Wu Chyuan Rd,,,New Taipei City,,Taiwan,,,,1610,TX74357/2025/AC,www.sgs.com,,TRUE,A10AAPE0010,8/6/2025,1610.1(d)(1),Importer,,,,,,,,,,,,
1231D5C5,VW5148,Model #,,,,VW5148,,,,GCC,EMBER DOWN JACKET,VUORI,,,,,HOJ001,,PT Yongjin Javasuka Garment,JLRaya Siliwangi KM35 Desa Benda Kec Cicurug-KabSukabumi 43359,,,Sukabumi,West Java,Indonesia,,6.22669E+11,charles@yongjin.co.id,May-26,,,,,ITL,1044,,,SGS Korea Co Ltd Anyang Branch,#322 The O Valley Bldg,,,Anyang,Gyeonggi-do,South Korea,,,,1610,F690101/LF-CTSAYSA26-10772,www.sgs.com,,TRUE,SN-YC23-L049W,7/24/2026,1610.1(d)(2),Importer,,,,,,,,,,,,
BABAC78D,V2096,Model #,,,,V2096,,,,GCC,ASPEN 1/2 ZIP,VUORI,,,,,YIC002,,YIC HANAM,Chau Son Industrial park Chau Son Ward,,,Ninh Binh,Ninh Binh,Viet Nam,430000,84353793468,merchandiser07@yic.rocks,May-26,,,,,ITL,1023,,,SGS-CSTC Standards Technical Services (Shanghai) Co Ltd,No 889 Yishan Road xuhui district,,,Shanghai,,China,,,,1610,SL52615338848401TX,www.sgs.com,,TRUE,6511RC,7/27/2026,1610.1(d)(2),Importer,,,,,,,,,,,,
8E59D022,V1206,Model #,,,,V1206,,,,GCC,L/S MANHATTAN BUTTON DOWN,VUORI,,,,,ASMVN002,,Thai Ha Garment Factory,Land lot No 506 Map sheet No 3 Gia Le Industrial Park Tra Ly Ward,,,Hung Yen,Hung Yen,Viet Nam,,84869364200,jessi.bui@vn.asmaragroup.com,May-26,,,,,ITL,1023,,,SGS-CSTC Standards Technical Services (Shanghai) Co Ltd,No 889 Yishan Road xuhui district,,,Shanghai,,China,,,,1610,SL52605284141601TX,www.sgs.com,,TRUE,E237JSY,3/2/2026,1610.1(d)(1),Importer,,,,,,,,,,,,
F3756734,V1238,Model #,,,,V1238,,,,GCC,L/S MERINO WOOL TEE,VUORI,,,,,YOG001,,YOUNGONE NAMDINH CO LTD,Lot OPQR  N6 Road Hoa Xa Industrial Park Thanh Nam Ward,,,NINH BINH,,Viet Nam,,327598903,ngahtt@youngonevn.com,May-26,,,,,ITL,1619,,,SGS Vietnam Ltd - Hai Phong Laboratory,Lot CN 82 Nam Cau Kien Industrial Park Thien Huong Ward,,,Thien Huong Ward,Hai Phong,Vietnam,,,,1610,SL02260500607701TX,www.sgs.com,,TRUE,6156,5/18/2026,,Importer,,,,,,,,,,,,
F59E91F9,V3074,Model #,,,,V3074,,,,GCC,PR PERFORMANCE HALF TIGHT,VUORI,,,,,MAS002,,Sleekline - MAS Active,MAS ACTIVE-Sleekline - Nittambuwa,,,Nittambuwa,Western Province,Sri Lanka,,94777004952,surangapa@masholdings.com,May-26,,,,,ITL,1316,,,SGS Taiwan Textile Laboratory,No 31 Wu Chyuan Rd,,,New Taipei City,,Taiwan,,,,1610,TX71746/2025/AC,www.sgs.com,,TRUE,KP04570JA0,7/23/2025,1610.1(d)(1),Importer,,,,,,,,,,,,
4B862EDE,V4034,Model #,,,,V4034,,,,GCC,PR PERFORMANCE TIGHT,VUORI,,,,,MAS002,,Sleekline - MAS Active,MAS ACTIVE-Sleekline - Nittambuwa,,,Nittambuwa,Western Province,Sri Lanka,,94777004952,surangapa@masholdings.com,May-26,,,,,ITL,1316,,,SGS Taiwan Textile Laboratory,No 31 Wu Chyuan Rd,,,New Taipei City,,Taiwan,,,,1610,TX71746/2025/AC,www.sgs.com,,TRUE,KP04570JA0,7/23/2025,1610.1(d)(1),Importer,,,,,,,,,,,,
893E5125,VW1212-L,Model #,,,,VW1212-L,,,,GCC,HALO ESSENTIAL SCOOP TANK-LONG,VUORI,,,,,ECL003,,PT Eclat Textile International,Jalan Saptarengga No11 Wonorejo Kec Kaliwungu Kab Kendal Jawa Tengah,,,Kendal,Jawa Tengah,Indonesia,51372,84613560751,david.hsu@eclat.com.tw,May-26,,,,,ITL,1316,,,SGS Taiwan Textile Laboratory,No 31 Wu Chyuan Rd,,,New Taipei City,,Taiwan,,,,1610,TX33405/2026/YW,www.sgs.com,,TRUE,RT2310126,4/7/2026,,Importer,,,,,,,,,,,,
F35F29F0,VW3220,Model #,,,,VW3220,,,,GCC,VUORI ALLTHEFEELS LR SHORT 2.5,VUORI,,,,,SAB003-1,,AROMA SUCCESS GARMENT CO LTD,Tang Snao village Tumpoar Meas commune Samraong Tong district,,,Samraong Tong,Kampong Speu,Cambodia,,85598535466,fionsun@sabrina.com.tw,May-26,,,,,ITL,1316,,,SGS Taiwan Textile Laboratory,No 31 Wu Chyuan Rd,,,New Taipei City,,Taiwan,,,,1610,TX71107/2026/TY,www.sgs.com,,TRUE,KP-N92BCU,7/16/2026,1610.1(d)(1),Importer,,,,,,,,,,,,
F1E259D1,VW323-L,Model #,,,,VW323-L,,,,GCC,DAILY LEGGING - LONG,VUORI,,,,,SAB003-1,,AROMA SUCCESS GARMENT CO LTD,Tang Snao village Tumpoar Meas commune Samraong Tong district,,,Samraong Tong,Kampong Speu,Cambodia,,85598535466,fionsun@sabrina.com.tw,May-26,,,,,ITL,1316,,,SGS Taiwan Textile Laboratory,No 31 Wu Chyuan Rd,,,New Taipei City,,Taiwan,,,,1610,SL52605270578001TX,www.sgs.com,,TRUE,TT179-005S/F0007,1/16/2026,,Importer,,,,,,,,,,,,
A74B809D,VW323-S,Model #,,,,VW323-S,,,,GCC,DAILY LEGGING - SHORT,VUORI,,,,,SAB003-1,,AROMA SUCCESS GARMENT CO LTD,Tang Snao village Tumpoar Meas commune Samraong Tong district,,,Samraong Tong,Kampong Speu,Cambodia,,85598535466,fionsun@sabrina.com.tw,May-26,,,,,ITL,1316,,,SGS Taiwan Textile Laboratory,No 31 Wu Chyuan Rd,,,New Taipei City,,Taiwan,,,,1610,SL52605270578001TX,www.sgs.com,,TRUE,TT179-005S/F0007,1/16/2026,,Importer,,,,,,,,,,,,
DC4B79A5,VW4130-S,Model #,,,,VW4130-S,,,,GCC,VUORI ALLTHEFORM LEGGING-SHORT,VUORI,,,,,YOG001,,YOUNGONE NAMDINH CO LTD,Lot OPQR  N6 Road Hoa Xa Industrial Park Thanh Nam Ward,,,NINH BINH,,Viet Nam,,327598903,ngahtt@youngonevn.com,May-26,,,,,ITL,1316,,,SGS Taiwan Textile Laboratory,No 31 Wu Chyuan Rd,,,New Taipei City,,Taiwan,,,,1610,TX71746/2025/AC,www.sgs.com,,TRUE,KP04570JA0,7/23/2025,1610.1(d)(1),Importer,,,,,,,,,,,,
6C753BFF,VW4156-L,Model #,,,,VW4156-L,,,,GCC,VUORI ALLTHEFORM PKT LEGGING-L,VUORI,,,,,MAS001,,Contourline - MAS Active,BOI Industrial Park Pallekele Kandy LKA,,,Kandy,Central Province,Sri Lanka,,94777951143,chathuragu@masholdings.com,May-26,,,,,ITL,1316,,,SGS Taiwan Textile Laboratory,No 31 Wu Chyuan Rd,,,New Taipei City,,Taiwan,,,,1610,TX71746/2025/AC,www.sgs.com,,TRUE,KP04570JA0,7/23/2025,1610.1(d)(1),Importer,,,,,,,,,,,,
1CFB3203,VW4156-S,Model #,,,,VW4156-S,,,,GCC,VUORI ALLTHEFORM PKT LEGGING-S,VUORI,,,,,MAS001,,Contourline - MAS Active,BOI Industrial Park Pallekele Kandy LKA,,,Kandy,Central Province,Sri Lanka,,94777951143,chathuragu@masholdings.com,May-26,,,,,ITL,1316,,,SGS Taiwan Textile Laboratory,No 31 Wu Chyuan Rd,,,New Taipei City,,Taiwan,,,,1610,TX71746/2025/AC,www.sgs.com,,TRUE,KP04570JA0,7/23/2025,1610.1(d)(1),Importer,,,,,,,,,,,,
2BE903AE,VW4368-S,Model #,,,,VW4368-S,,,,GCC,SANDER E-WAIST TROUSER - SHORT,VUORI,,,,,ASMVN003,,Hung Ha Garment Factory,240 Long Hung Street Hung Ha Commune,,,Thai Binh,Thai Binh,Viet Nam,,84827889120,nkhong@ppj-international.com,May-26,,,,,ITL,1016,,,SGS Hong Kong Limited,1/F On Wui Centre 25 Lok Yip Road Fanling NT,,,Hong Kong,,Hong Kong,,,,1610,SL12600281096501TX,www.sgs.com,,TRUE,AS-2407-024,3/5/2026,1610.1(d)(1),Importer,,,,,,,,,,,,
D2ACA052,VW4432,Model #,,,,VW4432,,,,GCC,NOVA SATIN WIDELEG PANT,VUORI,,,,,ASMVN003,,Hung Ha Garment Factory,240 Long Hung Street Hung Ha Commune,,,Thai Binh,Thai Binh,Viet Nam,,84827889120,nkhong@ppj-international.com,May-26,,,,,ITL,1023,,,SGS-CSTC Standards Technical Services (Shanghai) Co Ltd,No 889 Yishan Road xuhui district,,,Shanghai,,China,,,,1610,SL52515300219001TX,www.sgs.com,,TRUE,RR6406,5/27/2025,1610.1(d)(1),Importer,,,,,,,,,,,,
2B23ED26,VW4432-S,Model #,,,,VW4432-S,,,,GCC,NOVA SATIN WIDELEG PANT- SHORT,VUORI,,,,,ASMVN003,,Hung Ha Garment Factory,240 Long Hung Street Hung Ha Commune,,,Thai Binh,Thai Binh,Viet Nam,,84827889120,nkhong@ppj-international.com,May-26,,,,,ITL,1023,,,SGS-CSTC Standards Technical Services (Shanghai) Co Ltd,No 889 Yishan Road xuhui district,,,Shanghai,,China,,,,1610,SL52515300219001TX,www.sgs.com,,TRUE,RR6406,5/27/2025,1610.1(d)(1),Importer,,,,,,,,,,,,
EF2934E1,VW444-S,Model #,,,,VW444-S,,,,GCC,CLEAN ELEVATION LEGGING - S,VUORI,,,,,ECL003,,PT Eclat Textile International,Jalan Saptarengga No11 Wonorejo Kec Kaliwungu Kab Kendal Jawa Tengah,,,Kendal,Jawa Tengah,Indonesia,51372,84613560751,david.hsu@eclat.com.tw,May-26,,,,,ITL,1316,,,SGS Taiwan Textile Laboratory,No 31 Wu Chyuan Rd,,,New Taipei City,,Taiwan,,,,1610,TX33405/2026/YW,www.sgs.com,,TRUE,RT2310126,4/7/2026,,Importer,,,,,,,,,,,,
C9FA5D72,VW4454-L,Model #,,,,VW4454-L,,,,GCC,VILLA EVERYDAY WIDELEG - LONG,VUORI,,,,,ASMVN003,,Hung Ha Garment Factory,240 Long Hung Street Hung Ha Commune,,,Thai Binh,Thai Binh,Viet Nam,,84827889120,nkhong@ppj-international.com,May-26,,,,,ITL,1316,,,SGS Taiwan Textile Laboratory,No 31 Wu Chyuan Rd,,,New Taipei City,,Taiwan,,,,1610,TX40597/2026/YA,www.sgs.com,,TRUE,FVF06314QD,4/15/2026,1610.1(d)(1),Importer,,,,,,,,,,,,
7F9B7FA9,VW4454-S,Model #,,,,VW4454-S,,,,GCC,VILLA EVERYDAY WIDELEG - SHORT,VUORI,,,,,ASMVN003,,Hung Ha Garment Factory,240 Long Hung Street Hung Ha Commune,,,Thai Binh,Thai Binh,Viet Nam,,84827889120,nkhong@ppj-international.com,May-26,,,,,ITL,1316,,,SGS Taiwan Textile Laboratory,No 31 Wu Chyuan Rd,,,New Taipei City,,Taiwan,,,,1610,TX40597/2026/YA,www.sgs.com,,TRUE,FVF06314QD,4/15/2026,1610.1(d)(1),Importer,,,,,,,,,,,,
C803CB5F,VW4461,Model #,,,,VW4461,,,,GCC,CHILLED OUT LEGGING,VUORI,,,,,SAB003-1,,AROMA SUCCESS GARMENT CO LTD,Tang Snao village Tumpoar Meas commune Samraong Tong district,,,Samraong Tong,Kampong Speu,Cambodia,,85598535466,fionsun@sabrina.com.tw,May-26,,,,,ITL,1316,,,SGS Taiwan Textile Laboratory,No 31 Wu Chyuan Rd,,,New Taipei City,,Taiwan,,,,1610,TX71107/2026/TY,www.sgs.com,,TRUE,KP-N92BCU,7/16/2026,1610.1(d)(1),Importer,,,,,,,,,,,,
33C39C8C,VW4463-L,Model #,,,,VW4463-L,,,,GCC,HALO EASY WIDELEG PANT - LONG,VUORI,,,,,ECL003,,PT Eclat Textile International,Jalan Saptarengga No11 Wonorejo Kec Kaliwungu Kab Kendal Jawa Tengah,,,Kendal,Jawa Tengah,Indonesia,51372,84613560751,david.hsu@eclat.com.tw,May-26,,,,,ITL,1316,,,SGS Taiwan Textile Laboratory,No 31 Wu Chyuan Rd,,,New Taipei City,,Taiwan,,,,1610,TX33405/2026/YW,www.sgs.com,,TRUE,RT2310126,4/7/2026,,Importer,,,,,,,,,,,,
6D907A07,VW4463-S,Model #,,,,VW4463-S,,,,GCC,HALO EASY WIDELEG PANT - SHORT,VUORI,,,,,ECL003,,PT Eclat Textile International,Jalan Saptarengga No11 Wonorejo Kec Kaliwungu Kab Kendal Jawa Tengah,,,Kendal,Jawa Tengah,Indonesia,51372,84613560751,david.hsu@eclat.com.tw,May-26,,,,,ITL,1316,,,SGS Taiwan Textile Laboratory,No 31 Wu Chyuan Rd,,,New Taipei City,,Taiwan,,,,1610,TX33405/2026/YW,www.sgs.com,,TRUE,RT2310126,4/7/2026,,Importer,,,,,,,,,,,,
60A2C39D,VW4494-L,Model #,,,,VW4494-L,,,,GCC,FORMREFINED LEGGING- LONG,VUORI,,,,,YOG001,,YOUNGONE NAMDINH CO LTD,Lot OPQR  N6 Road Hoa Xa Industrial Park Thanh Nam Ward,,,NINH BINH,,Viet Nam,,327598903,ngahtt@youngonevn.com,May-26,,,,,ITL,1316,,,SGS Taiwan Textile Laboratory,No 31 Wu Chyuan Rd,,,New Taipei City,,Taiwan,,,,1610,TX71746/2025/AC,www.sgs.com,,TRUE,KP04570JA0,7/23/2025,1610.1(d)(1),Importer,,,,,,,,,,,,
AE6B9FE9,VW4529-L,Model #,,,,VW4529-L,,,,GCC,VUORI GALAXY HIGH RISE WIDE-L,VUORI,,,,,FEAV01,,Far Eastern Apparel LTD,No 46 Dai Lo Tu Do Viet Nam Singapore Industrial Park,,,Binh Hoa Ward Thuan An,Binh Duong,Vietnam,,84901553872,jeffrey.lin@feavn.com.vn,May-26,,,,,ITL,1341,,,PT SGS Indonesia,The Garden Centre 1st & 2nd Floor - Cilandak Commercial Estate,,,Jakarta Selatan,,Indonesia,,,,1610,JAKCP260006895 R-1,www.sgs.com,,TRUE,DKI-24057,4/22/2026,1610.1(d)(1),Importer,,,,,,,,,,,,
389134A0,VW4540-S,Model #,,,,VW4540-S,,,,GCC,HALO BALLOON PANT- SHORT,VUORI,,,,,ECL003,,PT Eclat Textile International,Jalan Saptarengga No11 Wonorejo Kec Kaliwungu Kab Kendal Jawa Tengah,,,Kendal,Jawa Tengah,Indonesia,51372,84613560751,david.hsu@eclat.com.tw,May-26,,,,,ITL,1316,,,SGS Taiwan Textile Laboratory,No 31 Wu Chyuan Rd,,,New Taipei City,,Taiwan,,,,1610,TX33405/2026/YW,www.sgs.com,,TRUE,RT2310126,4/7/2026,,Importer,,,,,,,,,,,,
F06BF16C,VW4573-L,Model #,,,,VW4573-L,,,,GCC,HALO LOW RISE STRAIGHT LEG - L,VUORI,,,,,ECL003,,PT Eclat Textile International,Jalan Saptarengga No11 Wonorejo Kec Kaliwungu Kab Kendal Jawa Tengah,,,Kendal,Jawa Tengah,Indonesia,51372,84613560751,david.hsu@eclat.com.tw,May-26,,,,,ITL,1316,,,SGS Taiwan Textile Laboratory,No 31 Wu Chyuan Rd,,,New Taipei City,,Taiwan,,,,1610,TX33405/2026/YW,www.sgs.com,,TRUE,RT2310126,4/7/2026,,Importer,,,,,,,,,,,,
8D4B683E,VW4573-S,Model #,,,,VW4573-S,,,,GCC,HALO LOW RISE STRAIGHT LEG - S,VUORI,,,,,ECL003,,PT Eclat Textile International,Jalan Saptarengga No11 Wonorejo Kec Kaliwungu Kab Kendal Jawa Tengah,,,Kendal,Jawa Tengah,Indonesia,51372,84613560751,david.hsu@eclat.com.tw,May-26,,,,,ITL,1316,,,SGS Taiwan Textile Laboratory,No 31 Wu Chyuan Rd,,,New Taipei City,,Taiwan,,,,1610,TX33405/2026/YW,www.sgs.com,,TRUE,RT2310126,4/7/2026,,Importer,,,,,,,,,,,,
37FAF38D,V2071,Model #,,,,V2071,,,,GCC,CORONADO FZ HOODIE 2.0,VUORI,,,,,ECL000,,Eclat Textile Co Ltd(Vietnam),Lot 1Road 5A Nhon Trach 2 Industrial Zone Nhon Trach District,,,Nhon Trach,Dong Nai,Viet Nam,71000,84613560751,david.hsu@eclat.com.tw,Jul-26,,,,,ITL,1316,,,SGS Taiwan Textile Laboratory,No 31 Wu Chyuan Rd,,,New Taipei City,,Taiwan,,,,1610,TX63120/2026/JU Amendment,www.sgs.com,,TRUE,RT1906120-HR,7/9/2026,,Importer,,,,,,,,,,,,
A9DE7691,V1214,Model #,,,,V1214,,,,GCC,DREAMKNIT TEXTURE CREW,VUORI,,,,,ECL000,,Eclat Textile Co Ltd(Vietnam),Lot 1Road 5A Nhon Trach 2 Industrial Zone Nhon Trach District,,,Nhon Trach,Dong Nai,Viet Nam,71000,84613560751,david.hsu@eclat.com.tw,Jul-26,,,,,ITL,1316,,,SGS Taiwan Textile Laboratory,No 31 Wu Chyuan Rd,,,New Taipei City,,Taiwan,,,,1610,TX70074/2026/AC Amendment,www.sgs.com,,TRUE,RT2503260,7/20/2026,,Importer,,,,,,,,,,,,
34F5C874,V2026,Model #,,,,V2026,,,,GCC,BERIK CASHMERE HOODIE,VUORI,,,,,STI002,,CHUN XUE (KHM) CASHMERE TEXTILE COLTD,National Road No 21 PrekBek Village Koh Thom “B” Commune,,,Koh Thom,Kandal,Cambodia,,8.62152E+11,shujuanliu@shangtexdec.com,Jul-26,,,,,ITL,1023,,,SGS-CSTC Standards Technical Services (Shanghai) Co Ltd,No 889 Yishan Road xuhui district,,,Shanghai,,China,,,,1610,SL52615312101101TX,www.sgs.com,,TRUE,ZJ31YCSB231,6/18/2026,1610.1(d)(2),Importer,,,,,,,,,,,,
58B938B6,V2072,Model #,,,,V2072,,,,GCC,CORONADO V-NECK,VUORI,,,,,ECL000,,Eclat Textile Co Ltd(Vietnam),Lot 1Road 5A Nhon Trach 2 Industrial Zone Nhon Trach District,,,Nhon Trach,Dong Nai,Viet Nam,71000,84613560751,david.hsu@eclat.com.tw,Jul-26,,,,,ITL,1316,,,SGS Taiwan Textile Laboratory,No 31 Wu Chyuan Rd,,,New Taipei City,,Taiwan,,,,1610,TX63120/2026/JU Amendment,www.sgs.com,,TRUE,RT1906120-HR,7/9/2026,,Importer,,,,,,,,,,,,
B8B90408,V3143,Model #,,,,V3143,,,,GCC,DREAMKNIT TEXTURE SHORT 7,VUORI,,,,,ECL000,,Eclat Textile Co Ltd(Vietnam),Lot 1Road 5A Nhon Trach 2 Industrial Zone Nhon Trach District,,,Nhon Trach,Dong Nai,Viet Nam,71000,84613560751,david.hsu@eclat.com.tw,Jul-26,,,,,ITL,1316,,,SGS Taiwan Textile Laboratory,No 31 Wu Chyuan Rd,,,New Taipei City,,Taiwan,,,,1610,TX70074/2026/AC Amendment,www.sgs.com,,TRUE,RT2503260,7/20/2026,,Importer,,,,,,,,,,,,
81A134A0,V4128,Model #,,,,V4128,,,,GCC,DREAMKNIT TEXTURE PANT CLSC 30,VUORI,,,,,ECL000,,Eclat Textile Co Ltd(Vietnam),Lot 1Road 5A Nhon Trach 2 Industrial Zone Nhon Trach District,,,Nhon Trach,Dong Nai,Viet Nam,71000,84613560751,david.hsu@eclat.com.tw,Jul-26,,,,,ITL,1316,,,SGS Taiwan Textile Laboratory,No 31 Wu Chyuan Rd,,,New Taipei City,,Taiwan,,,,1610,TX70074/2026/AC Amendment,www.sgs.com,,TRUE,RT2503260,7/20/2026,,Importer,,,,,,,,,,,,
0DD0898F,V5102,Model #,,,,V5102,,,,GCC,TORO DOWN JACKET,VUORI,,,,,YOG001,,YOUNGONE NAMDINH CO LTD,Lot OPQR  N6 Road Hoa Xa Industrial Park Thanh Nam Ward,,,NINH BINH,,Viet Nam,,327598903,ngahtt@youngonevn.com,May-26,,,,,ITL,1023,,,SGS-CSTC Standards Technical Services (Shanghai) Co Ltd,No 889 Yishan Road xuhui district,,,Shanghai,,China,,,,1610,SL52515337871501TX,www.sgs.com,,TRUE,NSAB54GVX,8/25/2025,1610.1(d)(1),Importer,,,,,,,,,,,,
93F7DE0B,VW1624,Model #,,,,VW1624,,,,GCC,HORIZON JACQUARD CAMI BRA,VUORI,,,,,SAB001,,Sabrina (Cambodia) Garment Manufacturing Corp,National Road No 4 Trapaing Reussey Village Sambo Commune Samrong Torng District,,,Samraong Tong,Kampong Speu,Cambodia,,85515753886,sophegui_kh@sabrina.com.tw,Jul-26,,,,,ITL,1316,,,SGS Taiwan Textile Laboratory,No 31 Wu Chyuan Rd,,,New Taipei City,,Taiwan,,,,1610,TX71107/2026/TY,www.sgs.com,,TRUE,KP-N92BCU,7/16/2026,1610.1(d)(1),Importer,,,,,,,,,,,,
B451A98D,VW2202,Model #,,,,VW2202,,,,GCC,ÉMILIE CASHMERE RIB TURTLENECK,VUORI,,,,,STI002,,CHUN XUE (KHM) CASHMERE TEXTILE COLTD,National Road No 21 PrekBek Village Koh Thom “B” Commune,,,Koh Thom,Kandal,Cambodia,,8.62152E+11,shujuanliu@shangtexdec.com,Jul-26,,,,,ITL,1023,,,SGS-CSTC Standards Technical Services (Shanghai) Co Ltd,No 889 Yishan Road xuhui district,,,Shanghai,,China,,,,1610,SL52615311666201TX,www.sgs.com,,TRUE,Y0260-CHILL,5/28/2026,1610.1(d)(1),Importer,,,,,,,,,,,,
6EF1E0A1,VW2219,Model #,,,,VW2219,,,,GCC,HALO RELAXED HALF ZIP,VUORI,,,,,ECL001-1,,E-Top,Lot Ix-1 Ix-2 Ix-3 Ix-4 My Xuan B1 Tien Hung Industrial Zone My Xuan Ward Phu My Town Ba Ria,,,Phu My,Vung Tau,Viet Nam,795650,84613560751,david.hsu@eclat.com.tw,May-26,,,,,ITL,1316,,,SGS Taiwan Textile Laboratory,No 31 Wu Chyuan Rd,,,New Taipei City,,Taiwan,,,,1610,TX33405/2026/YW,www.sgs.com,,TRUE,RT2310126,4/7/2026,,Importer,,,,,,,,,,,,
4501EF12,VW3318,Model #,,,,VW3318,,,,GCC,MODAL SLEEP SET,VUORI,,,,,FEAV01,,Far Eastern Apparel LTD,No 46 Dai Lo Tu Do Viet Nam Singapore Industrial Park,,,Binh Hoa Ward Thuan An,Binh Duong,Vietnam,,84901553872,jeffrey.lin@feavn.com.vn,May-26,,,,,ITL,1016,,,SGS Hong Kong Limited,1/F On Wui Centre 25 Lok Yip Road Fanling NT,,,Hong Kong,,Hong Kong,,,,1610,SL12600312836801TX,www.sgs.com,,TRUE,AFP03839,5/23/2026,1610.1(d)(1),Importer,,,,,,,,,,,,
344D4D6F,VW4130-L,Model #,,,,VW4130-L,,,,GCC,VUORI ALLTHEFORM LEGGING-LONG,VUORI,,,,,YOG001,,YOUNGONE NAMDINH CO LTD,Lot OPQR  N6 Road Hoa Xa Industrial Park Thanh Nam Ward,,,NINH BINH,,Viet Nam,,327598903,ngahtt@youngonevn.com,May-26,,,,,ITL,1316,,,SGS Taiwan Textile Laboratory,No 31 Wu Chyuan Rd,,,New Taipei City,,Taiwan,,,,1610,TX71746/2025/AC,www.sgs.com,,TRUE,KP04570JA0,7/23/2025,1610.1(d)(1),Importer,,,,,,,,,,,,
111DB82D,VW4386,Model #,,,,VW4386,,,,GCC,CHILLED OUT STREAMLINED JUMP,VUORI,,,,,SAB001,,Sabrina (Cambodia) Garment Manufacturing Corp,National Road No 4 Trapaing Reussey Village Sambo Commune Samrong Torng District,,,Samraong Tong,Kampong Speu,Cambodia,,85515753886,sophegui_kh@sabrina.com.tw,Jul-26,,,,,ITL,1316,,,SGS Taiwan Textile Laboratory,No 31 Wu Chyuan Rd,,,New Taipei City,,Taiwan,,,,1610,TX71107/2026/TY,www.sgs.com,,TRUE,KP-N92BCU,7/16/2026,1610.1(d)(1),Importer,,,,,,,,,,,,
DC2E8E19,VW4572,Model #,,,,VW4572,,,,GCC,HORIZON JACQUARD SLIM FLARE,VUORI,,,,,SAB003-1,,AROMA SUCCESS GARMENT CO LTD,Tang Snao village Tumpoar Meas commune Samraong Tong district,,,Samraong Tong,Kampong Speu,Cambodia,,85598535466,fionsun@sabrina.com.tw,May-26,,,,,ITL,1316,,,SGS Taiwan Textile Laboratory,No 31 Wu Chyuan Rd,,,New Taipei City,,Taiwan,,,,1610,TX71107/2026/TY,www.sgs.com,,TRUE,KP-N92BCU,7/16/2026,1610.1(d)(1),Importer,,,,,,,,,,,,
576FB147,VW4596,Model #,,,,VW4596,,,,GCC,VUORI ALLTHEFEELS LAYERED SLIM,VUORI,,,,,ECL004,,Colltex Garment MFY CoLtd,Lot 28 Road 7 Trang Bang Industrial Zone An Tinh Ward,,,Trang Bang,Tay Ninh,Viet Nam,,84613560751,david.hsu@eclat.com.tw,May-26,,,,,ITL,1316,,,SGS Taiwan Textile Laboratory,No 31 Wu Chyuan Rd,,,New Taipei City,,Taiwan,,,,1610,TX74357/2025/AC,www.sgs.com,,TRUE,A10AAPE0010,8/6/2025,1610.1(d)(1),Importer,,,,,,,,,,,,
E2108509,VW4597,Model #,,,,VW4597,,,,GCC,VUORI ALLTHEFEELS LAYERED LEG,VUORI,,,,,ECL004,,Colltex Garment MFY CoLtd,Lot 28 Road 7 Trang Bang Industrial Zone An Tinh Ward,,,Trang Bang,Tay Ninh,Viet Nam,,84613560751,david.hsu@eclat.com.tw,May-26,,,,,ITL,1316,,,SGS Taiwan Textile Laboratory,No 31 Wu Chyuan Rd,,,New Taipei City,,Taiwan,,,,1610,TX74357/2025/AC,www.sgs.com,,TRUE,A10AAPE0010,8/6/2025,1610.1(d)(1),Importer,,,,,,,,,,,,
141B102C,VW4606,Model #,,,,VW4606,,,,GCC,W'S BEACH FLEECE RELAXED SWEAT,VUORI,,,,,FEAV01,,Far Eastern Apparel LTD,No 46 Dai Lo Tu Do Viet Nam Singapore Industrial Park,,,Binh Hoa Ward Thuan An,Binh Duong,Vietnam,,84901553872,jeffrey.lin@feavn.com.vn,May-26,,,,,ITL,1316,,,SGS Taiwan Textile Laboratory,No 31 Wu Chyuan Rd,,,New Taipei City,,Taiwan,,,,1610,TX40932/2026/YA,www.sgs.com,,TRUE,KW-3820D,4/28/2026,,Importer,,,,,,,,,,,,
D211CFA3,VW5091,Model #,,,,VW5091,,,,GCC,HORIZON JACQUARD FZ JACKET,VUORI,,,,,SAB001,,Sabrina (Cambodia) Garment Manufacturing Corp,National Road No 4 Trapaing Reussey Village Sambo Commune Samrong Torng District,,,Samraong Tong,Kampong Speu,Cambodia,,85515753886,sophegui_kh@sabrina.com.tw,Jul-26,,,,,ITL,1316,,,SGS Taiwan Textile Laboratory,No 31 Wu Chyuan Rd,,,New Taipei City,,Taiwan,,,,1610,TX71107/2026/TY,www.sgs.com,,TRUE,KP-N92BCU,7/16/2026,1610.1(d)(1),Importer,,,,,,,,,,,,
4E3CB1E0,VW597,Model #,,,,VW597,,,,GCC,ICELANDIC ANORAK,VUORI,,,,,HOJ001,,PT Yongjin Javasuka Garment,JLRaya Siliwangi KM35 Desa Benda Kec Cicurug-KabSukabumi 43359,,,Sukabumi,West Java,Indonesia,,6.22669E+11,charles@yongjin.co.id,May-26,,,,,ITL,1357,,,SGS-CSTC Standards Technical Services Co Ltd Hangzhou Branch Testing Center,3-6/F Building 4 Huaye Hi-Tech Industrial Park No1180 Binan Road Binjiang District,,,Hangzhou,Zhejiang,China,,,,1610,SL62606304719301TX,www.sgs.com,,TRUE,575FWR2L,5/12/2026,,Importer,,,,,,,,,,,,
BC8A1E3F,V5106,Model #,,,,V5106,,,,GCC,VUORI CORD JACKET 2.0,VUORI,,,,,ASMVN003,,Hung Ha Garment Factory,240 Long Hung Street Hung Ha Commune,,,Thai Binh,Thai Binh,Viet Nam,,84827889120,nkhong@ppj-international.com,May-26,,,,,ITL,1016,,,SGS Hong Kong Limited,1/F On Wui Centre 25 Lok Yip Road Fanling NT,,,Hong Kong,,Hong Kong,,,,1610,SL12600302098101TX,www.sgs.com,,TRUE,RP2201-003,4/27/2026,,Importer,,,,,,,,,,,,
9CB4A891,VW1507,Model #,,,,VW1507,,,,GCC,VUORI ALLTHEFORM WRAP TOP,VUORI,,,,,MAS004,,Linea Intimo - MAS Active,MAS Active (Pvt) Ltd – Linea Intimo Lot 89A EPZ Biyagama,,,Malwana,Western Province,Sri Lanka,,94777004952,surangapa@masholdings.com,May-26,,,,,ITL,1316,,,SGS Taiwan Textile Laboratory,No 31 Wu Chyuan Rd,,,New Taipei City,,Taiwan,,,,1610,TX71746/2025/AC,www.sgs.com,,TRUE,KP04570JA0,7/23/2025,1610.1(d)(1),Importer,,,,,,,,,,,,
3FB9C6D4,VW1557,Model #,,,,VW1557,,,,GCC,L/S KENSINGTON CLS BUTTON DOWN,VUORI,,,,,ASMVN002,,Thai Ha Garment Factory,Land lot No 506 Map sheet No 3 Gia Le Industrial Park Tra Ly Ward,,,Hung Yen,Hung Yen,Viet Nam,,84869364200,jessi.bui@vn.asmaragroup.com,May-26,,,,,ITL,1023,,,SGS-CSTC Standards Technical Services (Shanghai) Co Ltd,No 889 Yishan Road xuhui district,,,Shanghai,,China,,,,1610,SL52615312405001TX,www.sgs.com,,TRUE,JBVI00258SA-02,5/28/2026,1610.1(d)(1),Importer,,,,,,,,,,,,
BA7DCAF8,VW4047-L,Model #,,,,VW4047-L,,,,GCC,VILLA WIDELEG - LONG,VUORI,,,,,ASMVN003,,Hung Ha Garment Factory,240 Long Hung Street Hung Ha Commune,,,Thai Binh,Thai Binh,Viet Nam,,84827889120,nkhong@ppj-international.com,May-26,,,,,ITL,1316,,,SGS Taiwan Textile Laboratory,No 31 Wu Chyuan Rd,,,New Taipei City,,Taiwan,,,,1610,TX40597/2026/YA,www.sgs.com,,TRUE,FVF06314QD,4/15/2026,1610.1(d)(1),Importer,,,,,,,,,,,,
D778858E,VW4540,Model #,,,,VW4540,,,,GCC,HALO BALLOON PANT,VUORI,,,,,ECL003,,PT Eclat Textile International,Jalan Saptarengga No11 Wonorejo Kec Kaliwungu Kab Kendal Jawa Tengah,,,Kendal,Jawa Tengah,Indonesia,51372,84613560751,david.hsu@eclat.com.tw,May-26,,,,,ITL,1316,,,SGS Taiwan Textile Laboratory,No 31 Wu Chyuan Rd,,,New Taipei City,,Taiwan,,,,1610,TX33405/2026/YW,www.sgs.com,,TRUE,RT2310126,4/7/2026,,Importer,,,,,,,,,,,,
46BFE980,VW5033,Model #,,,,VW5033,,,,GCC,W COORDINATE PACKABLE DOWN JKT,VUORI,,,,,HOJ001,,PT Yongjin Javasuka Garment,JLRaya Siliwangi KM35 Desa Benda Kec Cicurug-KabSukabumi 43359,,,Sukabumi,West Java,Indonesia,,6.22669E+11,charles@yongjin.co.id,May-26,,,,,ITL,1023,,,SGS-CSTC Standards Technical Services (Shanghai) Co Ltd,No 889 Yishan Road xuhui district,,,Shanghai,,China,,,,1610,SL52605308768201TX,www.sgs.com,,TRUE,PN7792GK2,5/8/2026,1610.1(d)(2),Importer,,,,,,,,,,,,
25EE28A7,VW1516,Model #,,,,VW1516,,,,GCC,ELEVATION SQUARE NECK BRA,VUORI,,,,,ECL001-1,,E-Top,Lot Ix-1 Ix-2 Ix-3 Ix-4 My Xuan B1 Tien Hung Industrial Zone My Xuan Ward Phu My Town Ba Ria,,,Phu My,Vung Tau,Viet Nam,795650,84613560751,david.hsu@eclat.com.tw,May-26,,,,,ITL,1316,,,SGS Taiwan Textile Laboratory,No 31 Wu Chyuan Rd,,,New Taipei City,,Taiwan,,,,1610,TX70400/2026/TY,www.sgs.com,,TRUE,REV0527,7/15/2026,,Importer,,,,,,,,,,,,
5DA50774,VW4514-L,Model #,,,,VW4514-L,,,,GCC,MAVEN PULL-ON WIDELEG-LONG,VUORI,,,,,FEAV01,,Far Eastern Apparel LTD,No 46 Dai Lo Tu Do Viet Nam Singapore Industrial Park,,,Binh Hoa Ward Thuan An,Binh Duong,Vietnam,,84901553872,jeffrey.lin@feavn.com.vn,May-26,,,,,ITL,1388,,,SGS-CSTC Standards Technical Services (Changzhou) Co Ltd, Building 30 and Building 18 Heimudan Science Park Tianning District Changzhou Jiangsu China,,,Changzhou,Jiangsu,China,,,,1610,SL42604302381301TX,www.sgs.com,,TRUE,MSP0006JH-D,5/7/2026,1610.1(d)(1),Importer,,,,,,,,,,,,
CCD027C9,VW4514-S,Model #,,,,VW4514-S,,,,GCC,MAVEN PULL-ON WIDELEG-SHORT,VUORI,,,,,FEAV01,,Far Eastern Apparel LTD,No 46 Dai Lo Tu Do Viet Nam Singapore Industrial Park,,,Binh Hoa Ward Thuan An,Binh Duong,Vietnam,,84901553872,jeffrey.lin@feavn.com.vn,May-26,,,,,ITL,1388,,,SGS-CSTC Standards Technical Services (Changzhou) Co Ltd, Building 30 and Building 18 Heimudan Science Park Tianning District Changzhou Jiangsu China,,,Changzhou,Jiangsu,China,,,,1610,SL42604302381301TX,www.sgs.com,,TRUE,MSP0006JH-D,5/7/2026,1610.1(d)(1),Importer,,,,,,,,,,,,
91A162FF,VW1423,Model #,,,,VW1423,,,,GCC,HALO CROSS BACK TANK,VUORI,,,,,ECL004,,Colltex Garment MFY CoLtd,Lot 28 Road 7 Trang Bang Industrial Zone An Tinh Ward,,,Trang Bang,Tay Ninh,Viet Nam,,84613560751,david.hsu@eclat.com.tw,May-26,,,,,ITL,1316,,,SGS Taiwan Textile Laboratory,No 31 Wu Chyuan Rd,,,New Taipei City,,Taiwan,,,,1610,TX33708/2026/YW-Amendment,www.sgs.com,,TRUE,RT1209045,4/10/2026,1610.1(d)(1),Importer,,,,,,,,,,,,
204BDB88,V1116,Model #,,,,V1116,,,,GCC,VIEWPOINT MUSCLE TANK 2.0,VUORI,,,,,ECL000,,Eclat Textile Co Ltd(Vietnam),Lot 1Road 5A Nhon Trach 2 Industrial Zone Nhon Trach District,,,Nhon Trach,Dong Nai,Viet Nam,71000,84613560751,david.hsu@eclat.com.tw,May-26,,,,,ITL,1316,,,SGS Taiwan Textile Laboratory,No 31 Wu Chyuan Rd,,,New Taipei City,,Taiwan,,,,1610,TX21933/2026/YA,www.sgs.com,,TRUE,RT2204035,3/11/2026,1610.1(d)(1),Importer,,,,,,,,,,,,
53F1002E,VW1484,Model #,,,,VW1484,,,,GCC,VUORIALLTHEFEELS ESSNTL S/S,VUORI,,,,,SAB001,,Sabrina (Cambodia) Garment Manufacturing Corp,National Road No 4 Trapaing Reussey Village Sambo Commune Samrong Torng District,,,Samraong Tong,Kampong Speu,Cambodia,,85515753886,sophegui_kh@sabrina.com.tw,May-26,,,,,ITL,1316,,,SGS Taiwan Textile Laboratory,No 31 Wu Chyuan Rd,,,New Taipei City,,Taiwan,,,,1610,TX20640/2026/LI,www.sgs.com,,TRUE,KP0212RJA3,2/11/2026,1610.1(d)(1),Importer,,,,,,,,,,,,
493A355F,VW1612,Model #,,,,VW1612,,,,GCC,POSE HALTER,VUORI,,,,,ECL001-1,,E-Top,Lot Ix-1 Ix-2 Ix-3 Ix-4 My Xuan B1 Tien Hung Industrial Zone My Xuan Ward Phu My Town Ba Ria,,,Phu My,Vung Tau,Viet Nam,795650,84613560751,david.hsu@eclat.com.tw,May-26,,,,,ITL,1316,,,SGS Taiwan Textile Laboratory,No 31 Wu Chyuan Rd,,,New Taipei City,,Taiwan,,,,1610,TX53314/2026/CI,www.sgs.com,,TRUE,RT1604268,6/3/2026,1610.1(d)(1),Importer,,,,,,,,,,,,
900CF39E,V5004,Model #,,,,V5004,,,,GCC,BERING DOWN PARKA,VUORI,,,,,HOJ001,,PT Yongjin Javasuka Garment,JLRaya Siliwangi KM35 Desa Benda Kec Cicurug-KabSukabumi 43359,,,Sukabumi,West Java,Indonesia,,6.22669E+11,charles@yongjin.co.id,May-26,,,,,ITL,1357,,,SGS-CSTC Standards Technical Services Co Ltd Hangzhou Branch Testing Center,3-6/F Building 4 Huaye Hi-Tech Industrial Park No1180 Binan Road Binjiang District,,,Hangzhou,Zhejiang,China,,,,1610,SL62606304719301TX,www.sgs.com,,TRUE,575FWR2L,5/12/2026,,Importer,,,,,,,,,,,,
5973DF1B,VW4574,Model #,,,,VW4574,,,,GCC,DAILY TRACK LEGGING,VUORI,,,,,SAB003-1,,AROMA SUCCESS GARMENT CO LTD,Tang Snao village Tumpoar Meas commune Samraong Tong district,,,Samraong Tong,Kampong Speu,Cambodia,,85598535466,fionsun@sabrina.com.tw,May-26,,,,,ITL,1023,,,SGS-CSTC Standards Technical Services (Shanghai) Co Ltd,No 889 Yishan Road xuhui district,,,Shanghai,,China,,,,1610,SL52605270578001TX,www.sgs.com,,TRUE,TT179-005S/F0007,1/16/2026,,Importer,,,,,,,,,,,,
74F34726,VW3295,Model #,,,,VW3295,,,,GCC,DAILY TRACK SHORT 5,VUORI,,,,,SABC01,,Sabrina (Cambodia) Garment Manufacturing Corp,National Road No 4 Trapaing Reussey Village Sambo Commune Samrong Torng District,,,Samraong Tong,Kampong Speu,Cambodia,,85515753886,sophegui_kh@sabrina.com.tw,May-26,,,,,ITL,1023,,,SGS-CSTC Standards Technical Services (Shanghai) Co Ltd,No 889 Yishan Road xuhui district,,,Shanghai,,China,,,,1610,SL52605270578001TX,www.sgs.com,,TRUE,TT179-005S/F0007,1/16/2026,,Importer,,,,,,,,,,,,
568D608B,V1211,Model #,,,,V1211,,,,GCC,S/S MERINO WOOL TEE 2.0,VUORI,,,,,YOG001,,YOUNGONE NAMDINH CO LTD,Lot OPQR  N6 Road Hoa Xa Industrial Park Thanh Nam Ward,,,NINH BINH,,Viet Nam,,327598903,ngahtt@youngonevn.com,May-26,,,,,ITL,1619,,,SGS Vietnam Ltd - Hai Phong Laboratory,Lot CN 82 Nam Cau Kien Industrial Park Thien Huong Ward,,,Thien Huong Ward,Hai Phong,Vietnam,,,,1610,SL02260500607701TX,www.sgs.com,,TRUE,6156,5/18/2026,,Importer,,,,,,,,,,,,
29F686B1,V2164,Model #,,,,V2164,,,,GCC,VUORI LOGO CREW,VUORI,,,,,ASMVN005,,Nha Trang Knitted Garment Export Factory,Km 1447 1A National Highway Bac Nha Trang Ward,,,Khanh Hoa,Khanh Hoa,Viet Nam,,84869364200,jessi.bui@vn.asmaragroup.com,May-26,,,,,ITL,1079,,,SGS Vietnam Ltd,Lot III/21 19/5A street Group IIITan Binh industrial park,,,Ho Chi Minh City,,Vietnam,,,,1610,SL01260401384601TX,www.sgs.com,,TRUE,TF075.01,5/16/2026,,Importer,,,,,,,,,,,,
E56B3FB5,VW1355-L,Model #,,,,VW1355-L,,,,GCC,VUORI ALLTHEFEELS CAMI LONG,VUORI,,,,,SABC01,,Sabrina (Cambodia) Garment Manufacturing Corp,National Road No 4 Trapaing Reussey Village Sambo Commune Samrong Torng District,,,Samraong Tong,Kampong Speu,Cambodia,,85515753886,sophegui_kh@sabrina.com.tw,May-26,,,,,ITL,1316,,,SGS Taiwan Textile Laboratory,No 31 Wu Chyuan Rd,,,New Taipei City,,Taiwan,,,,1610,TX71107/2026/TY,www.sgs.com,,TRUE,KP-N92BCU,7/16/2026,1610.1(d)(1),Importer,,,,,,,,,,,,
DF9A7319,VW1558,Model #,,,,VW1558,,,,GCC,EVERYDAY COTTON WRAP TANK,VUORI,,,,,FEAV01,,Far Eastern Apparel LTD,No 46 Dai Lo Tu Do Viet Nam Singapore Industrial Park,,,Binh Hoa Ward Thuan An,Binh Duong,Vietnam,,84901553872,jeffrey.lin@feavn.com.vn,May-26,,,,,ITL,1023,,,SGS-CSTC Standards Technical Services (Shanghai) Co Ltd,No 889 Yishan Road xuhui district,,,Shanghai,,China,,,,1610,SL52605272282101TX,www.sgs.com,,TRUE,DTR03773S02,2/3/2026,1610.1(d)(1),Importer,,,,,,,,,,,,
5B478431,VW3102-L,Model #,,,,VW3102-L,,,,GCC,DAILY SKIRT 16.5,VUORI,,,,,SAB003-1,,AROMA SUCCESS GARMENT CO LTD,Tang Snao village Tumpoar Meas commune Samraong Tong district,,,Samraong Tong,Kampong Speu,Cambodia,,85598535466,fionsun@sabrina.com.tw,May-26,,,,,ITL,1619,,,SGS Vietnam Ltd - Hai Phong Laboratory,Lot CN 82 Nam Cau Kien Industrial Park Thien Huong Ward,,,Thien Huong Ward,Hai Phong,Vietnam,,,,1610,SL02260400488601TX,www.sgs.com,,TRUE,N815,5/14/2026,1610.1(d)(1),Importer,,,,,,,,,,,,
B7240DBB,VW4047-S,Model #,,,,VW4047-S,,,,GCC,VILLA WIDELEG - SHORT,VUORI,,,,,ASMVN003,,Hung Ha Garment Factory,240 Long Hung Street Hung Ha Commune,,,Thai Binh,Thai Binh,Viet Nam,,84827889120,nkhong@ppj-international.com,May-26,,,,,ITL,1316,,,SGS Taiwan Textile Laboratory,No 31 Wu Chyuan Rd,,,New Taipei City,,Taiwan,,,,1610,TX40597/2026/YA,www.sgs.com,,TRUE,FVF06314QD,4/15/2026,1610.1(d)(1),Importer,,,,,,,,,,,,
EA8FCAC7,VW5030,Model #,,,,VW5030,,,,GCC,ALTA DOWN JACKET,VUORI,,,,,HOJ001,,PT Yongjin Javasuka Garment,JLRaya Siliwangi KM35 Desa Benda Kec Cicurug-KabSukabumi 43359,,,Sukabumi,West Java,Indonesia,,6.22669E+11,charles@yongjin.co.id,May-26,,,,,ITL,1079,,,SGS Vietnam Ltd,Lot III/21 19/5A street Group IIITan Binh industrial park,,,Ho Chi Minh City,,Vietnam,,,,1610,SL01260200639901TX,www.sgs.com,,TRUE,DL1020,3/17/2026,1610.1(d)(2),Importer,,,,,,,,,,,,
287C860A,VW5087,Model #,,,,VW5087,,,,GCC,W'S VUORI VINTAGE OS DENIM JKT,VUORI,,,,,PPJ001,,PPJ-WISER COMPANY LIMITED,48 Tang Nhon Phu Street Tang Nhon Phu Ward,,,Ho Chi Minh,Ho Chi Minh,Vietnam,,84827889120,nkhong@ppj-international.com,May-26,,,,,ITL,1079,,,SGS Vietnam Ltd,Lot III/21 19/5A street Group IIITan Binh industrial park,,,Ho Chi Minh City,,Vietnam,,,,1610,SL01260602024201TX,www.sgs.com,,TRUE,ART-600885-B PFGD,6/11/2026,1610.1(d)(1),Importer,,,,,,,,,,,,
D9F6A806,V1044,Model #,,,,V1044,,,,GCC,L/S CLEARVIEW SEAMLESS TEE,VUORI,,,,,MAS004,,Linea Intimo - MAS Active,MAS Active (Pvt) Ltd – Linea Intimo Lot 89A EPZ Biyagama,,,Malwana,Western Province,Sri Lanka,,94777004952,surangapa@masholdings.com,May-26,,,,,ITL,1310,,,SGS Lanka (Pvt) Ltd,141/6,,,Colombo 02,Western,Sri Lanka,,,,1610,SL:TX:2670000400,www.sgs.com,,TRUE,PNS00538A,1/19/2026,1610.1(d)(1),Importer,,,,,,,,,,,,
D0457D5B,V2022,Model #,,,,V2022,,,,GCC,L/S CORONADO HENLEY - RELAXED,VUORI,,,,,ECL000,,Eclat Textile Co Ltd(Vietnam),Lot 1Road 5A Nhon Trach 2 Industrial Zone Nhon Trach District,,,Nhon Trach,Dong Nai,Viet Nam,71000,84613560751,david.hsu@eclat.com.tw,May-26,,,,,ITL,1316,,,SGS Taiwan Textile Laboratory,No 31 Wu Chyuan Rd,,,New Taipei City,,Taiwan,,,,1610,TX63120/2026/JU Amendment,www.sgs.com,,TRUE,RT1906120-HR,7/9/2026,,Importer,,,,,,,,,,,,
08AEBAFC,V2034,Model #,,,,V2034,,,,GCC,DENVER WAFFLE CREW SWEATER,VUORI,,,,,STI002,,CHUN XUE (KHM) CASHMERE TEXTILE COLTD,National Road No 21 PrekBek Village Koh Thom “B” Commune,,,Koh Thom,Kandal,Cambodia,,8.62152E+11,shujuanliu@shangtexdec.com,May-26,,,,,ITL,1023,,,SGS-CSTC Standards Technical Services (Shanghai) Co Ltd,No 889 Yishan Road xuhui district,,,Shanghai,,China,,,,1610,SL52515313570001TX,www.sgs.com,,TRUE,ZJ31YCSB167,7/1/2025,1610.1(d)(1),Importer,,,,,,,,,,,,
0FF2F391,V2095,Model #,,,,V2095,,,,GCC,L/S CORONADO RUGBY,VUORI,,,,,ECL000,,Eclat Textile Co Ltd(Vietnam),Lot 1Road 5A Nhon Trach 2 Industrial Zone Nhon Trach District,,,Nhon Trach,Dong Nai,Viet Nam,71000,84613560751,david.hsu@eclat.com.tw,May-26,,,,,ITL,1316,,,SGS Taiwan Textile Laboratory,No 31 Wu Chyuan Rd,,,New Taipei City,,Taiwan,,,,1610,TX63120/2026/JU Amendment,www.sgs.com,,TRUE,RT1906120-HR,7/9/2026,,Importer,,,,,,,,,,,,
855D11D7,V2165,Model #,,,,V2165,,,,GCC,VUORI LOGO HOODIE,VUORI,,,,,ASMVN005,,Nha Trang Knitted Garment Export Factory,Km 1447 1A National Highway Bac Nha Trang Ward,,,Khanh Hoa,Khanh Hoa,Viet Nam,,84869364200,jessi.bui@vn.asmaragroup.com,May-26,,,,,ITL,1079,,,SGS Vietnam Ltd,Lot III/21 19/5A street Group IIITan Binh industrial park,,,Ho Chi Minh City,,Vietnam,,,,1610,SL01260401384601TX,www.sgs.com,,TRUE,TF075.01,5/16/2026,,Importer,,,,,,,,,,,,
AD1F9E31,V294,Model #,,,,V294,,,,GCC,BERIK CASHMERE SWEATER,VUORI,,,,,STI002,,CHUN XUE (KHM) CASHMERE TEXTILE COLTD,National Road No 21 PrekBek Village Koh Thom “B” Commune,,,Koh Thom,Kandal,Cambodia,,8.62152E+11,shujuanliu@shangtexdec.com,May-26,,,,,ITL,1023,,,SGS-CSTC Standards Technical Services (Shanghai) Co Ltd,No 889 Yishan Road xuhui district,,,Shanghai,,China,,,,1610,SL52615312101101TX,www.sgs.com,,TRUE,ZJ31YCSB231,6/18/2026,1610.1(d)(2),Importer,,,,,,,,,,,,
1BE586C0,V3075,Model #,,,,V3075,,,,GCC,HARDKORE SHORT LINED 5,VUORI,,,,,FEAV01,,Far Eastern Apparel LTD,No 46 Dai Lo Tu Do Viet Nam Singapore Industrial Park,,,Binh Hoa Ward Thuan An,Binh Duong,Vietnam,,84901553872,jeffrey.lin@feavn.com.vn,May-26,,,,,ITL,1316,,,SGS Taiwan Textile Laboratory,No 31 Wu Chyuan Rd,,,New Taipei City,,Taiwan,,,,1610,TX81005/2025/UL,www.sgs.com,,TRUE,C3D90009-DQ,8/18/2025,1610.1(d)(1),Importer,,,,,,,,,,,,
4FC846DF,V3112-5,Model #,,,,V3112-5,,,,GCC,KORE BREATHE SHORT LINED 5,VUORI,,,,,FEAV01,,Far Eastern Apparel LTD,No 46 Dai Lo Tu Do Viet Nam Singapore Industrial Park,,,Binh Hoa Ward Thuan An,Binh Duong,Vietnam,,84901553872,jeffrey.lin@feavn.com.vn,May-26,,,,,ITL,1079,,,SGS Vietnam Ltd,Lot III/21 19/5A street Group IIITan Binh industrial park,,,Ho Chi Minh City,,Vietnam,,,,1610,SL01260200566301TX,www.sgs.com,,TRUE,JBVF00138HB-07,3/12/2026,1610.1(d)(1),Importer,,,,,,,,,,,,
519A19D9,V4095,Model #,,,,V4095,,,,GCC,VUORI VINTAGE JEAN RELAXED 32,VUORI,,,,,PPJ001,,PPJ-WISER COMPANY LIMITED,48 Tang Nhon Phu Street Tang Nhon Phu Ward,,,Ho Chi Minh,Ho Chi Minh,Vietnam,,84827889120,nkhong@ppj-international.com,May-26,,,,,ITL,1079,,,SGS Vietnam Ltd,Lot III/21 19/5A street Group IIITan Binh industrial park,,,Ho Chi Minh City,,Vietnam,,,,1610,SL01260602024201TX,www.sgs.com,,TRUE,ART-600885-B PFGD,6/11/2026,1610.1(d)(1),Importer,,,,,,,,,,,,
715C38E4,V4095-30,Model #,,,,V4095-30,,,,GCC,VUORI VINTAGE JEAN RELAXED 30,VUORI,,,,,PPJ001,,PPJ-WISER COMPANY LIMITED,48 Tang Nhon Phu Street Tang Nhon Phu Ward,,,Ho Chi Minh,Ho Chi Minh,Vietnam,,84827889120,nkhong@ppj-international.com,May-26,,,,,ITL,1079,,,SGS Vietnam Ltd,Lot III/21 19/5A street Group IIITan Binh industrial park,,,Ho Chi Minh City,,Vietnam,,,,1610,SL01260602024201TX,www.sgs.com,,TRUE,ART-600885-B PFGD,6/11/2026,1610.1(d)(1),Importer,,,,,,,,,,,,
F9CC905D,V4192-28,Model #,,,,V4192-28,,,,GCC,VUORI GALAXY SWEATPANT CLSC 28,VUORI,,,,,FEAV01,,Far Eastern Apparel LTD,No 46 Dai Lo Tu Do Viet Nam Singapore Industrial Park,,,Binh Hoa Ward Thuan An,Binh Duong,Vietnam,,84901553872,jeffrey.lin@feavn.com.vn,May-26,,,,,ITL,1341,,,PT SGS Indonesia,The Garden Centre 1st & 2nd Floor - Cilandak Commercial Estate,,,Jakarta Selatan,,Indonesia,,,,1610,JAKCP260006895 R-1,www.sgs.com,,TRUE,DKI-24057,4/22/2026,1610.1(d)(1),Importer,,,,,,,,,,,,
A6C760CD,V5093,Model #,,,,V5093,,,,GCC,VUORI GALAXY BOMBER JACKET,VUORI,,,,,FEAV01,,Far Eastern Apparel LTD,No 46 Dai Lo Tu Do Viet Nam Singapore Industrial Park,,,Binh Hoa Ward Thuan An,Binh Duong,Vietnam,,84901553872,jeffrey.lin@feavn.com.vn,May-26,,,,,ITL,1341,,,PT SGS Indonesia,The Garden Centre 1st & 2nd Floor - Cilandak Commercial Estate,,,Jakarta Selatan,,Indonesia,,,,1610,JAKCP260006895 R-1,www.sgs.com,,TRUE,DKI-24057,4/22/2026,1610.1(d)(1),Importer,,,,,,,,,,,,
0F9848EC,V8149,Model #,,,,V8149,,,,GCC,CASHMERE CREW SOCK,VUORI,,,,,STI001,,Shanghai Dongji Textile Co Ltd,Building 2 No 900 Chengzhong Road Fengcheng Town,,,Shanghai,Fengxian,China,201411,8.62152E+11,shujuanliu@shangtexdec.com,May-26,,,,,ITL,1023,,,SGS-CSTC Standards Technical Services (Shanghai) Co Ltd,No 889 Yishan Road xuhui district,,,Shanghai,,China,,,,1610,SL52605309991001TX,www.sgs.com,,FALSE,,5/26/2026,1610.1(d)(1),Importer,,,,,,,,,,,,
5AC35D8B,V8178,Model #,,,,V8178,,,,GCC,WOOL CREW SOCK,VUORI,,,,,DEL003,,Delta Galil Industries Ltd,D100 KARAYOLU UZERI TOPCULAR MAH DÜZCE CAD NO103 A Ç?L?ML?,,,Turkey,,Turkey,,9.72548E+11,Hamzi.Fatum@deltagalil.com,May-26,,,,,ITL,1082,,,SGS Turkey - Supervise Gözetme Etüd Kontrol Servisleri AS,Is Istanbul Plaza Baglar Mah Osmanpasa Cad No:95 E Girisi Günesli,,,Istanbul,Istanbul,Turkey,,,,1610,TR2746717,www.sgs.com,,FALSE,,1/9/2026,1610.1(d)(1),Importer,,,,,,,,,,,,
16EA359D,VW1197,Model #,,,,VW1197,,,,GCC,S/S SURGE SEAMLESS TEE,VUORI,,,,,MAS004,,Linea Intimo - MAS Active,MAS Active (Pvt) Ltd – Linea Intimo Lot 89A EPZ Biyagama,,,Malwana,Western Province,Sri Lanka,,94777004952,surangapa@masholdings.com,May-26,,,,,ITL,1310,,,SGS Lanka (Pvt) Ltd,141/6,,,Colombo 02,Western,Sri Lanka,,,,1610,SL:TX:2570016766,www.sgs.com,,TRUE,NSL00015A,12/5/2025,1610.1(d)(1),Importer,,,,,,,,,,,,
9D7C56E7,VW1469,Model #,,,,VW1469,,,,GCC,L/S HALO ESSENTIAL CREW TEE,VUORI,,,,,ECL000,,Eclat Textile Co Ltd(Vietnam),Lot 1Road 5A Nhon Trach 2 Industrial Zone Nhon Trach District,,,Nhon Trach,Dong Nai,Viet Nam,71000,84613560751,david.hsu@eclat.com.tw,May-26,,,,,ITL,1316,,,SGS Taiwan Textile Laboratory,No 31 Wu Chyuan Rd,,,New Taipei City,,Taiwan,,,,1610,TX40785/2026/JU,www.sgs.com,,TRUE,RT1902084,4/16/2026,,Importer,,,,,,,,,,,,
C38A7732,VW1519,Model #,,,,VW1519,,,,GCC,VUORI ALLTHEFEELS TWIST BRA,VUORI,,,,,YOG001,,YOUNGONE NAMDINH CO LTD,Lot OPQR  N6 Road Hoa Xa Industrial Park Thanh Nam Ward,,,NINH BINH,,Viet Nam,,327598903,ngahtt@youngonevn.com,May-26,,,,,ITL,1316,,,SGS Taiwan Textile Laboratory,No 31 Wu Chyuan Rd,,,New Taipei City,,Taiwan,,,,1610,TX33496/2026/YW Amendment,www.sgs.com,,TRUE,KS0927-21,4/10/2026,1610.1(d)(1),Importer,,,,,,,,,,,,
4346952C,VW1651,Model #,,,,VW1651,,,,GCC,EVERYDAY COTTON RELAXED TEE,VUORI,,,,,FEAV01,,Far Eastern Apparel LTD,No 46 Dai Lo Tu Do Viet Nam Singapore Industrial Park,,,Binh Hoa Ward Thuan An,Binh Duong,Vietnam,,84901553872,jeffrey.lin@feavn.com.vn,May-26,,,,,ITL,1023,,,SGS-CSTC Standards Technical Services (Shanghai) Co Ltd,No 889 Yishan Road xuhui district,,,Shanghai,,China,,,,1610,SL52605272282101TX,www.sgs.com,,TRUE,DTR03773S02,2/3/2026,1610.1(d)(1),Importer,,,,,,,,,,,,
42F2B2C1,VW2130,Model #,,,,VW2130,,,,GCC,CHUNKY KNIT CREW,VUORI,,,,,STI002,,CHUN XUE (KHM) CASHMERE TEXTILE COLTD,National Road No 21 PrekBek Village Koh Thom “B” Commune,,,Koh Thom,Kandal,Cambodia,,8.62152E+11,shujuanliu@shangtexdec.com,May-26,,,,,ITL,1023,,,SGS-CSTC Standards Technical Services (Shanghai) Co Ltd,No 889 Yishan Road xuhui district,,,Shanghai,,China,,,,1610,SL52615325460101TX,www.sgs.com,,TRUE,Y0267-ZJ31YCSB535,7/10/2026,1610.1(d)(2),Importer,,,,,,,,,,,,
94991CA5,VW323,Model #,,,,VW323,,,,GCC,DAILY LEGGING,VUORI,,,,,SAB003-1,,AROMA SUCCESS GARMENT CO LTD,Tang Snao village Tumpoar Meas commune Samraong Tong district,,,Samraong Tong,Kampong Speu,Cambodia,,85598535466,fionsun@sabrina.com.tw,May-26,,,,,ITL,1316,,,SGS Taiwan Textile Laboratory,No 31 Wu Chyuan Rd,,,New Taipei City,,Taiwan,,,,1610,SL52605270578001TX,www.sgs.com,,TRUE,TT179-005S/F0007,1/16/2026,,Importer,,,,,,,,,,,,
4D183BB5,VW3306,Model #,,,,VW3306,,,,GCC,MAVEN MIDI SKIRT,VUORI,,,,,FEAV01,,Far Eastern Apparel LTD,No 46 Dai Lo Tu Do Viet Nam Singapore Industrial Park,,,Binh Hoa Ward Thuan An,Binh Duong,Vietnam,,84901553872,jeffrey.lin@feavn.com.vn,May-26,,,,,ITL,1388,,,SGS-CSTC Standards Technical Services (Changzhou) Co Ltd, Building 30 and Building 18 Heimudan Science Park Tianning District Changzhou Jiangsu China,,,Changzhou,Jiangsu,China,,,,1610,SL42604302381301TX,www.sgs.com,,TRUE,MSP0006JH-D,5/7/2026,1610.1(d)(1),Importer,,,,,,,,,,,,
C0C6B205,VW4454,Model #,,,,VW4454,,,,GCC,VILLA EVERYDAY WIDELEG,VUORI,,,,,ASMVN003,,Hung Ha Garment Factory,240 Long Hung Street Hung Ha Commune,,,Thai Binh,Thai Binh,Viet Nam,,84827889120,nkhong@ppj-international.com,May-26,,,,,ITL,1316,,,SGS Taiwan Textile Laboratory,No 31 Wu Chyuan Rd,,,New Taipei City,,Taiwan,,,,1610,TX40597/2026/YA,www.sgs.com,,TRUE,FVF06314QD,4/15/2026,1610.1(d)(1),Importer,,,,,,,,,,,,
07DCD82F,VW4514,Model #,,,,VW4514,,,,GCC,MAVEN PULL-ON WIDELEG,VUORI,,,,,FEAV01,,Far Eastern Apparel LTD,No 46 Dai Lo Tu Do Viet Nam Singapore Industrial Park,,,Binh Hoa Ward Thuan An,Binh Duong,Vietnam,,84901553872,jeffrey.lin@feavn.com.vn,May-26,,,,,ITL,1388,,,SGS-CSTC Standards Technical Services (Changzhou) Co Ltd, Building 30 and Building 18 Heimudan Science Park Tianning District Changzhou Jiangsu China,,,Changzhou,Jiangsu,China,,,,1610,SL42604302381301TX,www.sgs.com,,TRUE,MSP0006JH-D,5/7/2026,1610.1(d)(1),Importer,,,,,,,,,,,,
A148652B,VW5031,Model #,,,,VW5031,,,,GCC,ALTA DOWN VEST,VUORI,,,,,HOJ001,,PT Yongjin Javasuka Garment,JLRaya Siliwangi KM35 Desa Benda Kec Cicurug-KabSukabumi 43359,,,Sukabumi,West Java,Indonesia,,6.22669E+11,charles@yongjin.co.id,May-26,,,,,ITL,1079,,,SGS Vietnam Ltd,Lot III/21 19/5A street Group IIITan Binh industrial park,,,Ho Chi Minh City,,Vietnam,,,,1610,SL01260200639901TX,www.sgs.com,,TRUE,DL1020,3/17/2026,1610.1(d)(2),Importer,,,,,,,,,,,,
D84BF79E,V5002,Model #,,,,V5002,,,,GCC,TAIKA SNOW SHELL,VUORI,,,,,HOJ001,,PT Yongjin Javasuka Garment,JLRaya Siliwangi KM35 Desa Benda Kec Cicurug-KabSukabumi 43359,,,Sukabumi,West Java,Indonesia,,6.22669E+11,charles@yongjin.co.id,May-26,,,,,ITL,1016,,,SGS Hong Kong Limited,1/F On Wui Centre 25 Lok Yip Road Fanling NT,,,Hong Kong,,Hong Kong,,,,1610,SL12500345806501TX,www.sgs.com,,TRUE,IGMP B107 C0 B20T,9/15/2025,,Importer,,,,,,,,,,,,
532CF4CD,V4017,Model #,,,,V4017,,,,GCC,TAIKA SNOW PANT,VUORI,,,,,HOJ001,,PT Yongjin Javasuka Garment,JLRaya Siliwangi KM35 Desa Benda Kec Cicurug-KabSukabumi 43359,,,Sukabumi,West Java,Indonesia,,6.22669E+11,charles@yongjin.co.id,May-26,,,,,ITL,1016,,,SGS Hong Kong Limited,1/F On Wui Centre 25 Lok Yip Road Fanling NT,,,Hong Kong,,Hong Kong,,,,1610,SL12500345806501TX,www.sgs.com,,TRUE,IGMP B107 C0 B20T,9/15/2025,,Importer,,,,,,,,,,,,
629FC607,V253,Model #,,,,V253,,,,GCC,CORONADO 1/2 ZIP,VUORI,,,,,ECL003,,PT Eclat Textile International,Jalan Saptarengga No11 Wonorejo Kec Kaliwungu Kab Kendal Jawa Tengah,,,Kendal,Jawa Tengah,Indonesia,51372,84613560751,david.hsu@eclat.com.tw,May-26,,,,,ITL,1316,,,SGS Taiwan Textile Laboratory,No 31 Wu Chyuan Rd,,,New Taipei City,,Taiwan,,,,1610,TX63120/2026/JU Amendment,www.sgs.com,,TRUE,RT1906120-HR,7/9/2026,,Importer,,,,,,,,,,,,
C0B86C81,V4030,Model #,,,,V4030,,,,GCC,SUVI SNOW BIB,VUORI,,,,,HOJ001,,PT Yongjin Javasuka Garment,JLRaya Siliwangi KM35 Desa Benda Kec Cicurug-KabSukabumi 43359,,,Sukabumi,West Java,Indonesia,,6.22669E+11,charles@yongjin.co.id,May-26,,,,,ITL,1023,,,SGS-CSTC Standards Technical Services (Shanghai) Co Ltd,No 889 Yishan Road xuhui district,,,Shanghai,,China,,,,1610,SL52605307246701TX,www.sgs.com,,TRUE,JP2007026B,4/3/2026,1610.1(d)(1),Importer,,,,,,,,,,,,
94D02141,V5031,Model #,,,,V5031,,,,GCC,SUVI SNOW SHELL,VUORI,,,,,HOJ001,,PT Yongjin Javasuka Garment,JLRaya Siliwangi KM35 Desa Benda Kec Cicurug-KabSukabumi 43359,,,Sukabumi,West Java,Indonesia,,6.22669E+11,charles@yongjin.co.id,May-26,,,,,ITL,1023,,,SGS-CSTC Standards Technical Services (Shanghai) Co Ltd,No 889 Yishan Road xuhui district,,,Shanghai,,China,,,,1610,SL52605307246701TX,www.sgs.com,,TRUE,JP2007026B,4/3/2026,1610.1(d)(2),Importer,,,,,,,,,,,,
E673537E,VW2050,Model #,,,,VW2050,,,,GCC,ÉMILIE CASHMERE CREW,VUORI,,,,,STI002,,CHUN XUE (KHM) CASHMERE TEXTILE COLTD,National Road No 21 PrekBek Village Koh Thom “B” Commune,,,Koh Thom,Kandal,Cambodia,,8.62152E+11,shujuanliu@shangtexdec.com,May-26,,,,,ITL,1023,,,SGS-CSTC Standards Technical Services (Shanghai) Co Ltd,No 889 Yishan Road xuhui district,,,Shanghai,,China,,,,1610,SL52615311666201TX,www.sgs.com,,TRUE,Y0260-CHILL,5/28/2026,1610.1(d)(1),Importer,,,,,,,,,,,,
4B9F6B3D,VW4201,Model #,,,,VW4201,,,,GCC,WOMEN'S TAIKA SNOW BIB,VUORI,,,,,HOJ001,,PT Yongjin Javasuka Garment,JLRaya Siliwangi KM35 Desa Benda Kec Cicurug-KabSukabumi 43359,,,Sukabumi,West Java,Indonesia,,6.22669E+11,charles@yongjin.co.id,May-26,,,,,ITL,1023,,,SGS-CSTC Standards Technical Services (Shanghai) Co Ltd,No 889 Yishan Road xuhui district,,,Shanghai,,China,,,,1610,SL52605307246701TX,www.sgs.com,,TRUE,JP2007026B,4/3/2026,1610.1(d)(1),Importer,,,,,,,,,,,,
CD72C18E,VW5022,Model #,,,,VW5022,,,,GCC,WOMEN'S TAIKA SNOW SHELL,VUORI,,,,,HOJ001,,PT Yongjin Javasuka Garment,JLRaya Siliwangi KM35 Desa Benda Kec Cicurug-KabSukabumi 43359,,,Sukabumi,West Java,Indonesia,,6.22669E+11,charles@yongjin.co.id,May-26,,,,,ITL,1023,,,SGS-CSTC Standards Technical Services (Shanghai) Co Ltd,No 889 Yishan Road xuhui district,,,Shanghai,,China,,,,1610,SL52605307246701TX,www.sgs.com,,TRUE,JP2007026B,4/3/2026,1610.1(d)(1),Importer,,,,,,,,,,,,
F0E6D96D,V8157,Model #,,,,V8157,,,,GCC,LIFESTYLE BOXER BRIEF 7,VUORI,,,,,MAS002,,Sleekline - MAS Active,MAS ACTIVE-Sleekline - Nittambuwa,,,Nittambuwa,Western Province,Sri Lanka,,94777004952,surangapa@masholdings.com,May-26,,,,,ITL,1316,,,SGS Taiwan Textile Laboratory,No 31 Wu Chyuan Rd,,,New Taipei City,,Taiwan,,,,1610,TX71972/2025/UL,www.sgs.com,,TRUE,UBC-0511,7/22/2025,1610.1(d)(1),Importer,,,,,,,,,,,,
742F55AA,VW3319,Model #,,,,VW3319,,,,GCC,VUORI ALLTHEFEELS SHORT 2.5,VUORI,,,,,SAB003-1,,AROMA SUCCESS GARMENT CO LTD,Tang Snao village Tumpoar Meas commune Samraong Tong district,,,Samraong Tong,Kampong Speu,Cambodia,,85598535466,fionsun@sabrina.com.tw,May-26,,,,,ITL,1316,,,SGS Taiwan Textile Laboratory,No 31 Wu Chyuan Rd,,,New Taipei City,,Taiwan,,,,1610,TX71107/2026/TY,www.sgs.com,,TRUE,KP-N92BCU,7/16/2026,1610.1(d)(1),Importer,,,,,,,,,,,,
C847332E,VW1649,Model #,,,,VW1649,,,,GCC,COTTONY RIB TURTLENECK,VUORI,,,,,FEAV01,,Far Eastern Apparel LTD,No 46 Dai Lo Tu Do Viet Nam Singapore Industrial Park,,,Binh Hoa Ward Thuan An,Binh Duong,Vietnam,,84901553872,jeffrey.lin@feavn.com.vn,May-26,,,,,ITL,1023,,,SGS-CSTC Standards Technical Services (Shanghai) Co Ltd,No 889 Yishan Road xuhui district,,,Shanghai,,China,,,,1610,SL52605295095001TX,www.sgs.com,,TRUE,DTA03772S01,3/17/2026,1610.1(d)(1),Importer,,,,,,,,,,,,
1F36ECEC,VW2136,Model #,,,,VW2136,,,,GCC,REVERSE FLEECE CREW,VUORI,,,,,FEAV01,,Far Eastern Apparel LTD,No 46 Dai Lo Tu Do Viet Nam Singapore Industrial Park,,,Binh Hoa Ward Thuan An,Binh Duong,Vietnam,,84901553872,jeffrey.lin@feavn.com.vn,May-26,,,,,ITL,1016,,,SGS Hong Kong Limited,1/F On Wui Centre 25 Lok Yip Road Fanling NT,,,Hong Kong,,Hong Kong,,,,1610,SL12600302165701TX,www.sgs.com,,TRUE,PBP13898,4/28/2026,1610.1(d)(1),Importer,,,,,,,,,,,,
26FDCFBA,VW5085,Model #,,,,VW5085,,,,GCC,CITY RAIN TRENCH,VUORI,,,,,HOJ001,,PT Yongjin Javasuka Garment,JLRaya Siliwangi KM35 Desa Benda Kec Cicurug-KabSukabumi 43359,,,Sukabumi,West Java,Indonesia,,6.22669E+11,charles@yongjin.co.id,May-26,,,,,ITL,1023,,,SGS-CSTC Standards Technical Services (Shanghai) Co Ltd,No 889 Yishan Road xuhui district,,,Shanghai,,China,,,,1610,SL52605283963701TX,www.sgs.com,,TRUE,3558FWR2.5L-G-2,2/11/2026,,Importer,,,,,,,,,,,,
38E270C9,V2109,Model #,,,,V2109,,,,GCC,VUORI ALLTHEFORM TANK,VUORI,,,,,MAS001,,Contourline - MAS Active,BOI Industrial Park Pallekele Kandy LKA,,,Kandy,Central Province,Sri Lanka,,94777951143,chathuragu@masholdings.com,May-26,,,,,ITL,1023,,,SGS-CSTC Standards Technical Services (Shanghai) Co Ltd,No 889 Yishan Road xuhui district,,,Shanghai,,China,,,,1610,SL52535371930101TX,www.sgs.com,,TRUE,ZJ31YCSB482,1/16/2026,1610.1(d)(2),Importer,,,,,,,,,,,,
B7D82660,VW5037,Model #,,,,VW5037,,,,GCC,RHODES TRENCH COAT,VUORI,,,,,HOJ001,,PT Yongjin Javasuka Garment,JLRaya Siliwangi KM35 Desa Benda Kec Cicurug-KabSukabumi 43359,,,Sukabumi,West Java,Indonesia,,6.22669E+11,charles@yongjin.co.id,May-26,,,,,ITL,1682,,,SGS-CSTC Standards Technical Services Co Ltd Nanjing Branch,1-2/F Building 2 No9 Yongfeng Road Qinhuai District,,,Nanjing,Jiangsu,China,,,,1610,SL32603332597401TX,www.sgs.com,,TRUE,JBCB00954FO-01,7/7/2026,1610.1(d)(1),Importer,,,,,,,,,,,,
EF4BEA89,VW4573,Model #,,,,VW4573,,,,GCC,HALO LOW RISE STRAIGHT LEG,VUORI,,,,,ECL003,,PT Eclat Textile International,Jalan Saptarengga No11 Wonorejo Kec Kaliwungu Kab Kendal Jawa Tengah,,,Kendal,Jawa Tengah,Indonesia,51372,84613560751,david.hsu@eclat.com.tw,May-26,,,,,ITL,1316,,,SGS Taiwan Textile Laboratory,No 31 Wu Chyuan Rd,,,New Taipei City,,Taiwan,,,,1610,TX33405/2026/YW,www.sgs.com,,TRUE,RT2310126,4/7/2026,,Importer,,,,,,,,,,,,
AC18BA6F,VW2237,Model #,,,,VW2237,,,,GCC,ÉMILIE CASHMERE RIB DOUBLE ZIP,VUORI,,,,,STI002,,CHUN XUE (KHM) CASHMERE TEXTILE COLTD,National Road No 21 PrekBek Village Koh Thom “B” Commune,,,Koh Thom,Kandal,Cambodia,,8.62152E+11,shujuanliu@shangtexdec.com,May-26,,,,,ITL,1023,,,SGS-CSTC Standards Technical Services (Shanghai) Co Ltd,No 889 Yishan Road xuhui district,,,Shanghai,,China,,,,1610,SL52515327244701TX,www.sgs.com,,TRUE,INTEGRO,8/19/2025,1610.1(d)(2),Importer,,,,,,,,,,,,
1CB59558,V8240,Model #,,,,V8240,,,,GCC,VUORI RETRO HALF CREW SOCK,VUORI,,,,,DEL003,,Delta Galil Industries Ltd,D100 KARAYOLU UZERI TOPCULAR MAH DÜZCE CAD NO103 A Ç?L?ML?,,,Turkey,,Turkey,,9.72548E+11,Hamzi.Fatum@deltagalil.com,May-26,,,,,ITL,1082,,,SGS Turkey - Supervise Gözetme Etüd Kontrol Servisleri AS,Is Istanbul Plaza Baglar Mah Osmanpasa Cad No:95 E Girisi Günesli,,,Istanbul,Istanbul,Turkey,,,,1610,TR2770069,www.sgs.com,,FALSE,,3/6/2026,1610.1(d)(1),Importer,,,,,,,,,,,,
AB904862,V2086,Model #,,,,V2086,,,,GCC,VUORI GALAXY FZ,VUORI,,,,,FEAV02,,Far Eastern Apparel LTD - VSIP2 Branch,No 46 Tu Do Boulevard VSIP Industrial Park Binh Hoa Ward,,,Ho Chi Minh,Ho Chi Minh,Vietnam,,84901553872,jeffrey.lin@feavn.com.vn,May-26,,,,,ITL,1341,,,PT SGS Indonesia,The Garden Centre 1st & 2nd Floor - Cilandak Commercial Estate,,,Jakarta Selatan,,Indonesia,,,,1610,JAKCP260006895 R-1,www.sgs.com,,TRUE,DKI-24057,4/22/2026,1610.1(d)(1),Importer,,,,,,,,,,,,
3F652587,V2087,Model #,,,,V2087,,,,GCC,VUORI GALAXY CREW,VUORI,,,,,FEAV02,,Far Eastern Apparel LTD - VSIP2 Branch,No 46 Tu Do Boulevard VSIP Industrial Park Binh Hoa Ward,,,Ho Chi Minh,Ho Chi Minh,Vietnam,,84901553872,jeffrey.lin@feavn.com.vn,May-26,,,,,ITL,1341,,,PT SGS Indonesia,The Garden Centre 1st & 2nd Floor - Cilandak Commercial Estate,,,Jakarta Selatan,,Indonesia,,,,1610,JAKCP260006895 R-1,www.sgs.com,,TRUE,DKI-24057,4/22/2026,1610.1(d)(1),Importer,,,,,,,,,,,,
0C59AEE2,V4103,Model #,,,,V4103,,,,GCC,CORONADO PANT CLASSIC FIT 30,VUORI,,,,,ECL000,,Eclat Textile Co Ltd(Vietnam),Lot 1Road 5A Nhon Trach 2 Industrial Zone Nhon Trach District,,,Nhon Trach,Dong Nai,Viet Nam,71000,84613560751,david.hsu@eclat.com.tw,May-26,,,,,ITL,1316,,,SGS Taiwan Textile Laboratory,No 31 Wu Chyuan Rd,,,New Taipei City,,Taiwan,,,,1610,TX63120/2026/JU Amendment,www.sgs.com,,TRUE,RT1906120-HR,7/9/2026,,Importer,,,,,,,,,,,,
9A778DFA,VW1515,Model #,,,,VW1515,,,,GCC,FORMEVERYDAY BRA,VUORI,,,,,ECL000,,Eclat Textile Co Ltd(Vietnam),Lot 1Road 5A Nhon Trach 2 Industrial Zone Nhon Trach District,,,Nhon Trach,Dong Nai,Viet Nam,71000,84613560751,david.hsu@eclat.com.tw,May-26,,,,,ITL,1316,,,SGS Taiwan Textile Laboratory,No 31 Wu Chyuan Rd,,,New Taipei City,,Taiwan,,,,1610,TX33496/2026/YW Amendment,www.sgs.com,,TRUE,KS0927-21,4/10/2026,1610.1(d)(1),Importer,,,,,,,,,,,,
7AAE5475,VW1570,Model #,,,,VW1570,,,,GCC,VUORI ALLTHEFEELS LINEWORK BRA,VUORI,,,,,ECL000,,Eclat Textile Co Ltd(Vietnam),Lot 1Road 5A Nhon Trach 2 Industrial Zone Nhon Trach District,,,Nhon Trach,Dong Nai,Viet Nam,71000,84613560751,david.hsu@eclat.com.tw,May-26,,,,,ITL,1316,,,SGS Taiwan Textile Laboratory,No 31 Wu Chyuan Rd,,,New Taipei City,,Taiwan,,,,1610,TX33496/2026/YW Amendment,www.sgs.com,,TRUE,KS0927-21,4/10/2026,1610.1(d)(1),Importer,,,,,,,,,,,,
1E86D324,VW1614,Model #,,,,VW1614,,,,GCC,VUORI ALLTHEFEELS LINEWORK TNK,VUORI,,,,,ECL000,,Eclat Textile Co Ltd(Vietnam),Lot 1Road 5A Nhon Trach 2 Industrial Zone Nhon Trach District,,,Nhon Trach,Dong Nai,Viet Nam,71000,84613560751,david.hsu@eclat.com.tw,May-26,,,,,ITL,1316,,,SGS Taiwan Textile Laboratory,No 31 Wu Chyuan Rd,,,New Taipei City,,Taiwan,,,,1610,TX33496/2026/YW Amendment,www.sgs.com,,TRUE,KS0927-21,4/10/2026,1610.1(d)(1),Importer,,,,,,,,,,,,
D335218E,VW1643,Model #,,,,VW1643,,,,GCC,DAILY LAYERED BRA,VUORI,,,,,SAB001,,Sabrina (Cambodia) Garment Manufacturing Corp,National Road No 4 Trapaing Reussey Village Sambo Commune Samrong Torng District,,,Samraong Tong,Kampong Speu,Cambodia,,85515753886,sophegui_kh@sabrina.com.tw,May-26,,,,,ITL,1316,,,SGS Taiwan Textile Laboratory,No 31 Wu Chyuan Rd,,,New Taipei City,,Taiwan,,,,1610,SL52605270578001TX,www.sgs.com,,TRUE,TT179-005S/F0007,1/16/2026,,Importer,,,,,,,,,,,,
4878EE9A,V2028,Model #,,,,V2028,,,,GCC,JEFFREYS CREW 2.0,VUORI,,,,,FEAV01,,Far Eastern Apparel LTD,No 46 Dai Lo Tu Do Viet Nam Singapore Industrial Park,,,Binh Hoa Ward Thuan An,Binh Duong,Vietnam,,84901553872,jeffrey.lin@feavn.com.vn,May-26,,,,,ITL,1044,,,SGS Korea Co Ltd Anyang Branch,#322 The O Valley Bldg,,,Anyang,Gyeonggi-do,South Korea,,,,1610,F690101/LF-CTSAYSA26-02189,www.sgs.com,,TRUE,SW-D-AD002 ,3/3/2026,1610.1(d)(1),Importer,,,,,,,,,,,,
AE35E141,V250,Model #,,,,V250,,,,GCC,FLUENT SWEATER,VUORI,,,,,STI002,,CHUN XUE (KHM) CASHMERE TEXTILE COLTD,National Road No 21 PrekBek Village Koh Thom “B” Commune,,,Koh Thom,Kandal,Cambodia,,8.62152E+11,shujuanliu@shangtexdec.com,May-26,,,,,ITL,1023,,,SGS-CSTC Standards Technical Services (Shanghai) Co Ltd,No 889 Yishan Road xuhui district,,,Shanghai,,China,,,,1610,SL52605271730501TX,www.sgs.com,,TRUE,ZJ31YCSB150,2/5/2026,1610.1(d)(1),Importer,,,,,,,,,,,,
357CE2C8,V2123,Model #,,,,V2123,,,,GCC,MIDWEIGHT RIB SWEATER HOODIE,VUORI,,,,,STI002,,CHUN XUE (KHM) CASHMERE TEXTILE COLTD,National Road No 21 PrekBek Village Koh Thom “B” Commune,,,Koh Thom,Kandal,Cambodia,,8.62152E+11,shujuanliu@shangtexdec.com,May-26,,,,,ITL,1023,,,SGS-CSTC Standards Technical Services (Shanghai) Co Ltd,No 889 Yishan Road xuhui district,,,Shanghai,,China,,,,1610,SL52535371930101TX,www.sgs.com,,TRUE,ZJ31YCSB482,1/16/2026,1610.1(d)(2),Importer,,,,,,,,,,,,
298BA1F7,V4092,Model #,,,,V4092,,,,GCC,VUORI GALAXY PANT CLASSIC 30,VUORI,,,,,FEAV01,,Far Eastern Apparel LTD,No 46 Dai Lo Tu Do Viet Nam Singapore Industrial Park,,,Binh Hoa Ward Thuan An,Binh Duong,Vietnam,,84901553872,jeffrey.lin@feavn.com.vn,May-26,,,,,ITL,1341,,,PT SGS Indonesia,The Garden Centre 1st & 2nd Floor - Cilandak Commercial Estate,,,Jakarta Selatan,,Indonesia,,,,1610,JAKCP260006895 R-1,www.sgs.com,,TRUE,DKI-24057,4/22/2026,1610.1(d)(1),Importer,,,,,,,,,,,,
FA908BA6,V4092-28,Model #,,,,V4092-28,,,,GCC,VUORI GALAXY SWEATPANT CLSC 28,VUORI,,,,,FEAV01,,Far Eastern Apparel LTD,No 46 Dai Lo Tu Do Viet Nam Singapore Industrial Park,,,Binh Hoa Ward Thuan An,Binh Duong,Vietnam,,84901553872,jeffrey.lin@feavn.com.vn,May-26,,,,,ITL,1341,,,PT SGS Indonesia,The Garden Centre 1st & 2nd Floor - Cilandak Commercial Estate,,,Jakarta Selatan,,Indonesia,,,,1610,JAKCP260006895 R-1,www.sgs.com,,TRUE,DKI-24057,4/22/2026,1610.1(d)(1),Importer,,,,,,,,,,,,
6D012D7B,V8088,Model #,,,,V8088,,,,GCC,SLOUCHY CREW SOCK,VUORI,,,,,DEL004,,ZHUJI HENGTAI KNITTING AND TEXTILE,No 10 Tianyuan West Road Datang Street,,,Zhuji,Zhejiang,China,,9.72508E+11,Inna.Reznik@deltagalil.com,May-26,,,,,ITL,1023,,,SGS-CSTC Standards Technical Services (Shanghai) Co Ltd,No 889 Yishan Road xuhui district,,,Shanghai,,China,,,,1610,SL52615325119901TX,www.sgs.com,,FALSE,,6/23/2026,1610.1(d)(1),Importer,,,,,,,,,,,,
F479E6FD,V8210,Model #,,,,V8210,,,,GCC,VUORI CREW SOCK 2.0,VUORI,,,,,DEL002,,Delta Galil Vietnam Co Ltd,PHU KIM VILLAGE CAT TRINH COMMUNE PHU CAT DISTRICT,,,BINH DINH,,Viet Nam,55000,9.72548E+11,Hamzi.Fatum@deltagalil.com,May-26,,,,,ITL,1079,,,SGS Vietnam Ltd,Lot III/21 19/5A street Group IIITan Binh industrial park,,,Ho Chi Minh City,,Vietnam,,,,1610,SL01260401168601TX,www.sgs.com,,FALSE,,4/10/2026,1610.1(d)(1),Importer,,,,,,,,,,,,
39419658,VW1231,Model #,,,,VW1231,,,,GCC,VUORI ALLTHEFORM BRA,VUORI,,,,,YOG001,,YOUNGONE NAMDINH CO LTD,Lot OPQR  N6 Road Hoa Xa Industrial Park Thanh Nam Ward,,,NINH BINH,,Viet Nam,,327598903,ngahtt@youngonevn.com,May-26,,,,,ITL,1316,,,SGS Taiwan Textile Laboratory,No 31 Wu Chyuan Rd,,,New Taipei City,,Taiwan,,,,1610,TXB3219/2025/LI,www.sgs.com,,TRUE,B02ADPA0001,11/28/2025,1610.1(d)(1),Importer,,,,,,,,,,,,
3ABFBCF3,VW1451,Model #,,,,VW1451,,,,GCC,L/S MODAL TOP,VUORI,,,,,FEAV01,,Far Eastern Apparel LTD,No 46 Dai Lo Tu Do Viet Nam Singapore Industrial Park,,,Binh Hoa Ward Thuan An,Binh Duong,Vietnam,,84901553872,jeffrey.lin@feavn.com.vn,May-26,,,,,ITL,1016,,,SGS Hong Kong Limited,1/F On Wui Centre 25 Lok Yip Road Fanling NT,,,Hong Kong,,Hong Kong,,,,1610,SL12600312836801TX,www.sgs.com,,TRUE,AFP03839,5/23/2026,1610.1(d)(1),Importer,,,,,,,,,,,,
F6FB63CA,VW1560,Model #,,,,VW1560,,,,GCC,VUORI ALLTHEFEELS RACERBACK,VUORI,,,,,YOG001,,YOUNGONE NAMDINH CO LTD,Lot OPQR  N6 Road Hoa Xa Industrial Park Thanh Nam Ward,,,NINH BINH,,Viet Nam,,327598903,ngahtt@youngonevn.com,May-26,,,,,ITL,1316,,,SGS Taiwan Textile Laboratory,No 31 Wu Chyuan Rd,,,New Taipei City,,Taiwan,,,,1610,TX33496/2026/YW Amendment,www.sgs.com,,TRUE,KS0927-21,4/10/2026,1610.1(d)(1),Importer,,,,,,,,,,,,
1A9A70E5,VW4494-S,Model #,,,,VW4494-S,,,,GCC,FORMREFINED LEGGING-SHORT,VUORI,,,,,YOG001,,YOUNGONE NAMDINH CO LTD,Lot OPQR  N6 Road Hoa Xa Industrial Park Thanh Nam Ward,,,NINH BINH,,Viet Nam,,327598903,ngahtt@youngonevn.com,May-26,,,,,ITL,1316,,,SGS Taiwan Textile Laboratory,No 31 Wu Chyuan Rd,,,New Taipei City,,Taiwan,,,,1610,TX71746/2025/AC,www.sgs.com,,TRUE,KP04570JA0,7/23/2025,1610.1(d)(1),Importer,,,,,,,,,,,,
96117EBC,VW4529,Model #,,,,VW4529,,,,GCC,VUORI GALAXY HIGH RISE WIDELEG,VUORI,,,,,FEAV01,,Far Eastern Apparel LTD,No 46 Dai Lo Tu Do Viet Nam Singapore Industrial Park,,,Binh Hoa Ward Thuan An,Binh Duong,Vietnam,,84901553872,jeffrey.lin@feavn.com.vn,May-26,,,,,ITL,1341,,,PT SGS Indonesia,The Garden Centre 1st & 2nd Floor - Cilandak Commercial Estate,,,Jakarta Selatan,,Indonesia,,,,1610,JAKCP260006895 R-1,www.sgs.com,,TRUE,DKI-24057,4/22/2026,1610.1(d)(1),Importer,,,,,,,,,,,,
F8695EAC,VW4529-S,Model #,,,,VW4529-S,,,,GCC,VUORI GALAXY HIGH RISE WIDE-S,VUORI,,,,,FEAV01,,Far Eastern Apparel LTD,No 46 Dai Lo Tu Do Viet Nam Singapore Industrial Park,,,Binh Hoa Ward Thuan An,Binh Duong,Vietnam,,84901553872,jeffrey.lin@feavn.com.vn,May-26,,,,,ITL,1341,,,PT SGS Indonesia,The Garden Centre 1st & 2nd Floor - Cilandak Commercial Estate,,,Jakarta Selatan,,Indonesia,,,,1610,JAKCP260006895 R-1,www.sgs.com,,TRUE,DKI-24057,4/22/2026,1610.1(d)(1),Importer,,,,,,,,,,,,
7A7C1FA6,VW1532,Model #,,,,VW1532,,,,GCC,ELEVATION SQUARE NECK CAMI,VUORI,,,,,ECL001-1,,E-Top,Lot Ix-1 Ix-2 Ix-3 Ix-4 My Xuan B1 Tien Hung Industrial Zone My Xuan Ward Phu My Town Ba Ria,,,Phu My,Vung Tau,Viet Nam,795650,84613560751,david.hsu@eclat.com.tw,May-26,,,,,ITL,1316,,,SGS Taiwan Textile Laboratory,No 31 Wu Chyuan Rd,,,New Taipei City,,Taiwan,,,,1610,TX70400/2026/TY,www.sgs.com,,TRUE,REV0527,7/15/2026,,Importer,,,,,,,,,,,,
86539971,VW4420,Model #,,,,VW4420,,,,GCC,ELEVATION RHYTHM FLARE,VUORI,,,,,ECL003,,PT Eclat Textile International,Jalan Saptarengga No11 Wonorejo Kec Kaliwungu Kab Kendal Jawa Tengah,,,Kendal,Jawa Tengah,Indonesia,51372,84613560751,david.hsu@eclat.com.tw,May-26,,,,,ITL,1316,,,SGS Taiwan Textile Laboratory,No 31 Wu Chyuan Rd,,,New Taipei City,,Taiwan,,,,1610,TX70400/2026/TY,www.sgs.com,,TRUE,REV0527,7/15/2026,,Importer,,,,,,,,,,,,
69BAF2FD,V3092,Model #,,,,V3092,,,,GCC,QUALIFY SHORT LINED 5,VUORI,,,,,FEAV01,,Far Eastern Apparel LTD,No 46 Dai Lo Tu Do Viet Nam Singapore Industrial Park,,,Binh Hoa Ward Thuan An,Binh Duong,Vietnam,,84901553872,jeffrey.lin@feavn.com.vn,Feb-25,,,,,ITL,1079,,,SGS Vietnam Ltd,Lot III/21 19/5A street Group IIITan Binh industrial park,,,Ho Chi Minh City,,Vietnam,,,,1610,SL01260401240201TX,www.sgs.com,,TRUE,JBVF00144HB-03,5/9/2026,1610.1(d)(1),Importer,,,,,,,,,,,,
BF1FD3DA,V330,Model #,,,,V330,,,,GCC,BANKS SHORT 7,VUORI,,,,,FEAV01,,Far Eastern Apparel LTD,No 46 Dai Lo Tu Do Viet Nam Singapore Industrial Park,,,Binh Hoa Ward Thuan An,Binh Duong,Vietnam,,84901553872,jeffrey.lin@feavn.com.vn,Feb-25,,,,,ITL,1079,,,SGS Vietnam Ltd,Lot III/21 19/5A street Group IIITan Binh industrial park,,,Ho Chi Minh City,,Vietnam,,,,1610,SL01260401240201TX,www.sgs.com,,TRUE,JBVF00144HB-03,5/9/2026,1610.1(d)(1),Importer,,,,,,,,,,,,
B834083B,V2119,Model #,,,,V2119,,,,GCC,PONTO PERFORMANCE CREW 2.0,VUORI,,,,,ECL000,,Eclat Textile Co Ltd(Vietnam),Lot 1Road 5A Nhon Trach 2 Industrial Zone Nhon Trach District,,,Nhon Trach,Dong Nai,Viet Nam,71000,84613560751,david.hsu@eclat.com.tw,May-26,,,,,ITL,1316,,,SGS Taiwan Textile Laboratory,No 31 Wu Chyuan Rd,,,New Taipei City,,Taiwan,,,,1610,TX63120/2026/JU Amendment,www.sgs.com,,TRUE,RT1906120-HR,7/9/2026,,Importer,,,,,,,,,,,,
BFC5E5B2,V2009,Model #,,,,V2009,,,,GCC,CORONADO SHIRT JACKET,VUORI,,,,,ECL000,,Eclat Textile Co Ltd(Vietnam),Lot 1Road 5A Nhon Trach 2 Industrial Zone Nhon Trach District,,,Nhon Trach,Dong Nai,Viet Nam,71000,84613560751,david.hsu@eclat.com.tw,May-26,,,,,ITL,1316,,,SGS Taiwan Textile Laboratory,No 31 Wu Chyuan Rd,,,New Taipei City,,Taiwan,,,,1610,TX63120/2026/JU Amendment,www.sgs.com,,TRUE,RT1906120-HR,7/9/2026,,Importer,,,,,,,,,,,,
7CF90036,V8137,Model #,,,,V8137,,,,GCC,DREAMKNIT ROBE,VUORI,,,,,ECL000,,Eclat Textile Co Ltd(Vietnam),Lot 1Road 5A Nhon Trach 2 Industrial Zone Nhon Trach District,,,Nhon Trach,Dong Nai,Viet Nam,71000,84613560751,david.hsu@eclat.com.tw,May-26,,,,,ITL,1316,,,SGS Taiwan Textile Laboratory,No 31 Wu Chyuan Rd,,,New Taipei City,,Taiwan,,,,1610,TX40785/2026/JU,www.sgs.com,,TRUE,RT1902084,4/16/2026,,Importer,,,,,,,,,,,,
C71580C8,V2110,Model #,,,,V2110,,,,GCC,PONTO PULLOVER HOODIE,VUORI,,,,,ECL000,,Eclat Textile Co Ltd(Vietnam),Lot 1Road 5A Nhon Trach 2 Industrial Zone Nhon Trach District,,,Nhon Trach,Dong Nai,Viet Nam,71000,84613560751,david.hsu@eclat.com.tw,May-26,,,,,ITL,1316,,,SGS Taiwan Textile Laboratory,No 31 Wu Chyuan Rd,,,New Taipei City,,Taiwan,,,,1610,TX40785/2026/JU,www.sgs.com,,TRUE,RT1902084,4/16/2026,,Importer,,,,,,,,,,,,
B78A220A,V1071,Model #,,,,V1071,,,,GCC,V1071 LS PONTO PERFORMANCE TEE,VUORI,,,,,ECL000,,Eclat Textile Co Ltd(Vietnam),Lot 1Road 5A Nhon Trach 2 Industrial Zone Nhon Trach District,,,Nhon Trach,Dong Nai,Viet Nam,71000,84613560751,david.hsu@eclat.com.tw,May-26,,,,,ITL,1316,,,SGS Taiwan Textile Laboratory,No 31 Wu Chyuan Rd,,,New Taipei City,,Taiwan,,,,1610,TX40785/2026/JU,www.sgs.com,,TRUE,RT1902084,4/16/2026,,Importer,,,,,,,,,,,,
48692A4F,VW2084-L,Model #,,,,VW2084-L,,,,GCC,HALO MINI FZ HOODIE-LONG,VUORI,,,,,ECL001-1,,E-Top,Lot Ix-1 Ix-2 Ix-3 Ix-4 My Xuan B1 Tien Hung Industrial Zone My Xuan Ward Phu My Town Ba Ria,,,Phu My,Vung Tau,Viet Nam,795650,84613560751,david.hsu@eclat.com.tw,May-26,,,,,ITL,1316,,,SGS Taiwan Textile Laboratory,No 31 Wu Chyuan Rd,,,New Taipei City,,Taiwan,,,,1610,TX40785/2026/JU,www.sgs.com,,TRUE,RT1902084,4/16/2026,,Importer,,,,,,,,,,,,
1B063CBE,VW1099,Model #,,,,VW1099,,,,GCC,VUORI ALLTHEFEELS BRA,VUORI,,,,,SABC01,,Sabrina (Cambodia) Garment Manufacturing Corp,National Road No 4 Trapaing Reussey Village Sambo Commune Samrong Torng District,,,Samraong Tong,Kampong Speu,Cambodia,,85515753886,sophegui_kh@sabrina.com.tw,May-26,,,,,ITL,1316,,,SGS Taiwan Textile Laboratory,No 31 Wu Chyuan Rd,,,New Taipei City,,Taiwan,,,,1610,TX20640/2026/LI,www.sgs.com,,TRUE,KP0212RJA3,2/11/2026,1610.1(d)(1),Importer,,,,,,,,,,,,
CC30AEF8,V1098,Model #,,,,V1098,,,,GCC,SS PONTO TEE - RELAXED FIT,VUORI,,,,,ECL000,,Eclat Textile Co Ltd(Vietnam),Lot 1Road 5A Nhon Trach 2 Industrial Zone Nhon Trach District,,,Nhon Trach,Dong Nai,Viet Nam,71000,84613560751,david.hsu@eclat.com.tw,May-26,,,,,ITL,1316,,,SGS Taiwan Textile Laboratory,No 31 Wu Chyuan Rd,,,New Taipei City,,Taiwan,,,,1610,TX40785/2026/JU,www.sgs.com,,TRUE,RT1902084,4/16/2026,,Importer,,,,,,,,,,,,
BAA2C132,VW1553,Model #,,,,VW1553,,,,GCC,HALO HALTER RUCHED TOP,VUORI,,,,,ECL001-1,,E-Top,Lot Ix-1 Ix-2 Ix-3 Ix-4 My Xuan B1 Tien Hung Industrial Zone My Xuan Ward Phu My Town Ba Ria,,,Phu My,Vung Tau,Viet Nam,795650,84613560751,david.hsu@eclat.com.tw,May-26,,,,,ITL,1316,,,SGS Taiwan Textile Laboratory,No 31 Wu Chyuan Rd,,,New Taipei City,,Taiwan,,,,1610,TX40785/2026/JU,www.sgs.com,,TRUE,RT1902084,4/16/2026,,Importer,,,,,,,,,,,,
05C4860E,VW1472,Model #,,,,VW1472,,,,GCC,L/S HALO WRAP TOP,VUORI,,,,,ECL001-1,,E-Top,Lot Ix-1 Ix-2 Ix-3 Ix-4 My Xuan B1 Tien Hung Industrial Zone My Xuan Ward Phu My Town Ba Ria,,,Phu My,Vung Tau,Viet Nam,795650,84613560751,david.hsu@eclat.com.tw,May-26,,,,,ITL,1316,,,SGS Taiwan Textile Laboratory,No 31 Wu Chyuan Rd,,,New Taipei City,,Taiwan,,,,1610,TX40785/2026/JU,www.sgs.com,,TRUE,RT1902084,4/16/2026,,Importer,,,,,,,,,,,,
33CBFCAE,VW1396,Model #,,,,VW1396,,,,GCC,HALO CARDIGAN 2.0,VUORI,,,,,ECL001-1,,E-Top,Lot Ix-1 Ix-2 Ix-3 Ix-4 My Xuan B1 Tien Hung Industrial Zone My Xuan Ward Phu My Town Ba Ria,,,Phu My,Vung Tau,Viet Nam,795650,84613560751,david.hsu@eclat.com.tw,May-26,,,,,ITL,1316,,,SGS Taiwan Textile Laboratory,No 31 Wu Chyuan Rd,,,New Taipei City,,Taiwan,,,,1610,TX40785/2026/JU,www.sgs.com,,TRUE,RT1902084,4/16/2026,,Importer,,,,,,,,,,,,
D7C1C24B,VW1387,Model #,,,,VW1387,,,,GCC,VUORI ALLTHEFEELS CORSET TANK,VUORI,,,,,SABC01,,Sabrina (Cambodia) Garment Manufacturing Corp,National Road No 4 Trapaing Reussey Village Sambo Commune Samrong Torng District,,,Samraong Tong,Kampong Speu,Cambodia,,85515753886,sophegui_kh@sabrina.com.tw,May-26,,,,,ITL,1316,,,SGS Taiwan Textile Laboratory,No 31 Wu Chyuan Rd,,,New Taipei City,,Taiwan,,,,1610,TX20640/2026/LI,www.sgs.com,,TRUE,KP0212RJA3,2/11/2026,1610.1(d)(1),Importer,,,,,,,,,,,,
1416E6E0,VW3235,Model #,,,,VW3235,,,,GCC,VUORI ALLTHEFEELS CRST SHORT 4,VUORI,,,,,SAB003-1,,AROMA SUCCESS GARMENT CO LTD,Tang Snao village Tumpoar Meas commune Samraong Tong district,,,Samraong Tong,Kampong Speu,Cambodia,,85598535466,fionsun@sabrina.com.tw,May-26,,,,,ITL,1316,,,SGS Taiwan Textile Laboratory,No 31 Wu Chyuan Rd,,,New Taipei City,,Taiwan,,,,1610,TX20640/2026/LI,www.sgs.com,,TRUE,KP0212RJA3,2/11/2026,1610.1(d)(1),Importer,,,,,,,,,,,,
D9962020,VW4451-L,Model #,,,,VW4451-L,,,,GCC,VUORI ALLTHEFEELS STRT LEG - L,VUORI,,,,,SAB003-1,,AROMA SUCCESS GARMENT CO LTD,Tang Snao village Tumpoar Meas commune Samraong Tong district,,,Samraong Tong,Kampong Speu,Cambodia,,85598535466,fionsun@sabrina.com.tw,May-26,,,,,ITL,1316,,,SGS Taiwan Textile Laboratory,No 31 Wu Chyuan Rd,,,New Taipei City,,Taiwan,,,,1610,TX20640/2026/LI,www.sgs.com,,TRUE,KP0212RJA3,2/11/2026,1610.1(d)(1),Importer,,,,,,,,,,,,
84FE7F98,VW4451-S,Model #,,,,VW4451-S,,,,GCC,VUORI ALLTHEFEELS STRT LEG - S,VUORI,,,,,SAB003-1,,AROMA SUCCESS GARMENT CO LTD,Tang Snao village Tumpoar Meas commune Samraong Tong district,,,Samraong Tong,Kampong Speu,Cambodia,,85598535466,fionsun@sabrina.com.tw,May-26,,,,,ITL,1316,,,SGS Taiwan Textile Laboratory,No 31 Wu Chyuan Rd,,,New Taipei City,,Taiwan,,,,1610,TX20640/2026/LI,www.sgs.com,,TRUE,KP0212RJA3,2/11/2026,1610.1(d)(1),Importer,,,,,,,,,,,,
A7196C75,VW1494,Model #,,,,VW1494,,,,GCC,VUORI ALLTHEFEELS SHIRRED BRA,VUORI,,,,,ECL000,,Eclat Textile Co Ltd(Vietnam),Lot 1Road 5A Nhon Trach 2 Industrial Zone Nhon Trach District,,,Nhon Trach,Dong Nai,Viet Nam,71000,84613560751,david.hsu@eclat.com.tw,May-26,,,,,ITL,1316,,,SGS Taiwan Textile Laboratory,No 31 Wu Chyuan Rd,,,New Taipei City,,Taiwan,,,,1610,TX20640/2026/LI,www.sgs.com,,TRUE,KP0212RJA3,2/11/2026,1610.1(d)(1),Importer,,,,,,,,,,,,
BF07C251,VW4313-L,Model #,,,,VW4313-L,,,,GCC,HALO MODERN STRGHT LEG PANT-L,VUORI,,,,,ECL003,,PT Eclat Textile International,Jalan Saptarengga No11 Wonorejo Kec Kaliwungu Kab Kendal Jawa Tengah,,,Kendal,Jawa Tengah,Indonesia,51372,84613560751,david.hsu@eclat.com.tw,May-26,,,,,ITL,1316,,,SGS Taiwan Textile Laboratory,No 31 Wu Chyuan Rd,,,New Taipei City,,Taiwan,,,,1610,TX40785/2026/JU,www.sgs.com,,TRUE,RT1902084,4/16/2026,,Importer,,,,,,,,,,,,
02CCE51B,VW4313-S,Model #,,,,VW4313-S,,,,GCC,HALO MODERN STRGHT LEG PANT-S,VUORI,,,,,ECL003,,PT Eclat Textile International,Jalan Saptarengga No11 Wonorejo Kec Kaliwungu Kab Kendal Jawa Tengah,,,Kendal,Jawa Tengah,Indonesia,51372,84613560751,david.hsu@eclat.com.tw,May-26,,,,,ITL,1316,,,SGS Taiwan Textile Laboratory,No 31 Wu Chyuan Rd,,,New Taipei City,,Taiwan,,,,1610,TX40785/2026/JU,www.sgs.com,,TRUE,RT1902084,4/16/2026,,Importer,,,,,,,,,,,,
9435712A,VW4496,Model #,,,,VW4496,,,,GCC,HALO STRAIGHT LEG ANKLE PANT,VUORI,,,,,ECL003,,PT Eclat Textile International,Jalan Saptarengga No11 Wonorejo Kec Kaliwungu Kab Kendal Jawa Tengah,,,Kendal,Jawa Tengah,Indonesia,51372,84613560751,david.hsu@eclat.com.tw,May-26,,,,,ITL,1316,,,SGS Taiwan Textile Laboratory,No 31 Wu Chyuan Rd,,,New Taipei City,,Taiwan,,,,1610,TX40785/2026/JU,www.sgs.com,,TRUE,RT1902084,4/16/2026,,Importer,,,,,,,,,,,,
97E0D020,VW1359,Model #,,,,VW1359,,,,GCC,HALO MUSCLE TANK,VUORI,,,,,ECL001-1,,E-Top,Lot Ix-1 Ix-2 Ix-3 Ix-4 My Xuan B1 Tien Hung Industrial Zone My Xuan Ward Phu My Town Ba Ria,,,Phu My,Vung Tau,Viet Nam,795650,84613560751,david.hsu@eclat.com.tw,May-26,,,,,ITL,1316,,,SGS Taiwan Textile Laboratory,No 31 Wu Chyuan Rd,,,New Taipei City,,Taiwan,,,,1610,TX40785/2026/JU,www.sgs.com,,TRUE,RT1902084,4/16/2026,,Importer,,,,,,,,,,,,
3BCA5385,VW4309,Model #,,,,VW4309,,,,GCC,DAILY FORM LEGGING,VUORI,,,,,ECL003,,PT Eclat Textile International,Jalan Saptarengga No11 Wonorejo Kec Kaliwungu Kab Kendal Jawa Tengah,,,Kendal,Jawa Tengah,Indonesia,51372,84613560751,david.hsu@eclat.com.tw,May-26,,,,,ITL,1316,,,SGS Taiwan Textile Laboratory,No 31 Wu Chyuan Rd,,,New Taipei City,,Taiwan,,,,1610,TX40785/2026/JU,www.sgs.com,,TRUE,RT1902084,4/16/2026,,Importer,,,,,,,,,,,,
E0157100,VW1501,Model #,,,,VW1501,,,,GCC,VUORI ALLTHEFEELS STRAPPY BACK,VUORI,,,,,ASMVN003,,Hung Ha Garment Factory,240 Long Hung Street Hung Ha Commune,,,Thai Binh,Thai Binh,Viet Nam,,84827889120,nkhong@ppj-international.com,May-26,,,,,ITL,1316,,,SGS Taiwan Textile Laboratory,No 31 Wu Chyuan Rd,,,New Taipei City,,Taiwan,,,,1610,TX83630/2025/CI Amendment ,www.sgs.com,,TRUE,KJ-280BCU,9/10/2025,1610.1(d)(1),Importer,,,,,,,,,,,,
EC0A57F6,VW3062,Model #,,,,VW3062,,,,GCC,HALO PERFORMANCE SHORT 20,VUORI,,,,,ECL003,,PT Eclat Textile International,Jalan Saptarengga No11 Wonorejo Kec Kaliwungu Kab Kendal Jawa Tengah,,,Kendal,Jawa Tengah,Indonesia,51372,84613560751,david.hsu@eclat.com.tw,May-26,,,,,ITL,1316,,,SGS Taiwan Textile Laboratory,No 31 Wu Chyuan Rd,,,New Taipei City,,Taiwan,,,,1610,TX40785/2026/JU,www.sgs.com,,TRUE,RT1902084,4/16/2026,,Importer,,,,,,,,,,,,
23B7DA52,VW1172,Model #,,,,VW1172,,,,GCC,HALO PERFORMANCE CROP TANK 20,VUORI,,,,,ECL001-1,,E-Top,Lot Ix-1 Ix-2 Ix-3 Ix-4 My Xuan B1 Tien Hung Industrial Zone My Xuan Ward Phu My Town Ba Ria,,,Phu My,Vung Tau,Viet Nam,795650,84613560751,david.hsu@eclat.com.tw,May-26,,,,,ITL,1316,,,SGS Taiwan Textile Laboratory,No 31 Wu Chyuan Rd,,,New Taipei City,,Taiwan,,,,1610,TX40785/2026/JU,www.sgs.com,,TRUE,RT1902084,4/16/2026,,Importer,,,,,,,,,,,,
02947E2D,VW169,Model #,,,,VW169,,,,GCC,POSE FITTED TEE,VUORI,,,,,ECL003,,PT Eclat Textile International,Jalan Saptarengga No11 Wonorejo Kec Kaliwungu Kab Kendal Jawa Tengah,,,Kendal,Jawa Tengah,Indonesia,51372,84613560751,david.hsu@eclat.com.tw,May-26,,,,,ITL,1316,,,SGS Taiwan Textile Laboratory,No 31 Wu Chyuan Rd,,,New Taipei City,,Taiwan,,,,1610,TX53314/2026/CI,www.sgs.com,,TRUE,RT1604268,6/3/2026,1610.1(d)(1),Importer,,,,,,,,,,,,
FF2D4207,VW4451,Model #,,,,VW4451,,,,GCC,VUORI ALLTHEFEELS STRAIGHT LEG,VUORI,,,,,MAS006,,MAS Kreeda - Synergy,A3 Seethawaka Industrial Park Avissawella,,,Avissawella,Western Province,Sri Lanka,,94772441414,suleikm@lineaaqua.com,May-26,,,,,ITL,1316,,,SGS Taiwan Textile Laboratory,No 31 Wu Chyuan Rd,,,New Taipei City,,Taiwan,,,,1610,TX71746/2025/AC,www.sgs.com,,TRUE,KP04570JA0,7/23/2025,1610.1(d)(1),Importer,,,,,,,,,,,,
2A0925BF,VW2041,Model #,,,,VW2041,,,,GCC,HALO MODERN PULLOVER HOODIE,VUORI,,,,,ECL003,,PT Eclat Textile International,Jalan Saptarengga No11 Wonorejo Kec Kaliwungu Kab Kendal Jawa Tengah,,,Kendal,Jawa Tengah,Indonesia,51372,84613560751,david.hsu@eclat.com.tw,May-26,,,,,ITL,1316,,,SGS Taiwan Textile Laboratory,No 31 Wu Chyuan Rd,,,New Taipei City,,Taiwan,,,,1610,TX40785/2026/JU,www.sgs.com,,TRUE,RT1902084,4/16/2026,,Importer,,,,,,,,,,,,
50DFF33D,VW4018,Model #,,,,VW4018,,,,GCC,VUORI ALLTHEFEELS LEGGING,VUORI,,,,,SAB003-1,,AROMA SUCCESS GARMENT CO LTD,Tang Snao village Tumpoar Meas commune Samraong Tong district,,,Samraong Tong,Kampong Speu,Cambodia,,85598535466,fionsun@sabrina.com.tw,May-26,,,,,ITL,1316,,,SGS Taiwan Textile Laboratory,No 31 Wu Chyuan Rd,,,New Taipei City,,Taiwan,,,,1610,TX20640/2026/LI,www.sgs.com,,TRUE,KP0212RJA3,2/11/2026,1610.1(d)(1),Importer,,,,,,,,,,,,
9F74981A,VW4018-L,Model #,,,,VW4018-L,,,,GCC,VUORI ALLTHEFEELS LEGGING-LONG,VUORI,,,,,SAB003-1,,AROMA SUCCESS GARMENT CO LTD,Tang Snao village Tumpoar Meas commune Samraong Tong district,,,Samraong Tong,Kampong Speu,Cambodia,,85598535466,fionsun@sabrina.com.tw,May-26,,,,,ITL,1316,,,SGS Taiwan Textile Laboratory,No 31 Wu Chyuan Rd,,,New Taipei City,,Taiwan,,,,1610,TX20640/2026/LI,www.sgs.com,,TRUE,KP0212RJA3,2/11/2026,1610.1(d)(1),Importer,,,,,,,,,,,,
3C3AB04D,VW4018-S,Model #,,,,VW4018-S,,,,GCC,VUORI ALLTHEFEELS LEGGING-SHORT,VUORI,,,,,SAB003-1,,AROMA SUCCESS GARMENT CO LTD,Tang Snao village Tumpoar Meas commune Samraong Tong district,,,Samraong Tong,Kampong Speu,Cambodia,,85598535466,fionsun@sabrina.com.tw,May-26,,,,,ITL,1316,,,SGS Taiwan Textile Laboratory,No 31 Wu Chyuan Rd,,,New Taipei City,,Taiwan,,,,1610,TX20640/2026/LI,www.sgs.com,,TRUE,KP0212RJA3,2/11/2026,1610.1(d)(1),Importer,,,,,,,,,,,,
D972689D,VW4301,Model #,,,,VW4301,,,,GCC,VUORI ALLTHEFEELS SLIM FLARE,VUORI,,,,,SAB003-1,,AROMA SUCCESS GARMENT CO LTD,Tang Snao village Tumpoar Meas commune Samraong Tong district,,,Samraong Tong,Kampong Speu,Cambodia,,85598535466,fionsun@sabrina.com.tw,May-26,,,,,ITL,1316,,,SGS Taiwan Textile Laboratory,No 31 Wu Chyuan Rd,,,New Taipei City,,Taiwan,,,,1610,TX20640/2026/LI,www.sgs.com,,TRUE,KP0212RJA3,2/11/2026,1610.1(d)(1),Importer,,,,,,,,,,,,
88AA5C5D,VW4301-L,Model #,,,,VW4301-L,,,,GCC,VUORI ALLTHEFEELS SLIM FLARE-LONG,VUORI,,,,,SAB003-1,,AROMA SUCCESS GARMENT CO LTD,Tang Snao village Tumpoar Meas commune Samraong Tong district,,,Samraong Tong,Kampong Speu,Cambodia,,85598535466,fionsun@sabrina.com.tw,May-26,,,,,ITL,1316,,,SGS Taiwan Textile Laboratory,No 31 Wu Chyuan Rd,,,New Taipei City,,Taiwan,,,,1610,TX20640/2026/LI,www.sgs.com,,TRUE,KP0212RJA3,2/11/2026,1610.1(d)(1),Importer,,,,,,,,,,,,
351A0CBC,VW4301-S,Model #,,,,VW4301-S,,,,GCC,VUORI ALLTHEFEELS SLIM FLARE-SHORT,VUORI,,,,,SAB003-1,,AROMA SUCCESS GARMENT CO LTD,Tang Snao village Tumpoar Meas commune Samraong Tong district,,,Samraong Tong,Kampong Speu,Cambodia,,85598535466,fionsun@sabrina.com.tw,May-26,,,,,ITL,1316,,,SGS Taiwan Textile Laboratory,No 31 Wu Chyuan Rd,,,New Taipei City,,Taiwan,,,,1610,TX20640/2026/LI,www.sgs.com,,TRUE,KP0212RJA3,2/11/2026,1610.1(d)(1),Importer,,,,,,,,,,,,
18A33EF8,VW1354,Model #,,,,VW1354,,,,GCC,VUORI ALLTHEFEELS TANK 2.0,VUORI,,,,,SABC01,,Sabrina (Cambodia) Garment Manufacturing Corp,National Road No 4 Trapaing Reussey Village Sambo Commune Samrong Torng District,,,Samraong Tong,Kampong Speu,Cambodia,,85515753886,sophegui_kh@sabrina.com.tw,May-26,,,,,ITL,1316,,,SGS Taiwan Textile Laboratory,No 31 Wu Chyuan Rd,,,New Taipei City,,Taiwan,,,,1610,TX20640/2026/LI,www.sgs.com,,TRUE,KP0212RJA3,2/11/2026,1610.1(d)(1),Importer,,,,,,,,,,,,
65D1A807,VW1355,Model #,,,,VW1355,,,,GCC,VUORI ALLTHEFEELS CAMI,VUORI,,,,,SABC01,,Sabrina (Cambodia) Garment Manufacturing Corp,National Road No 4 Trapaing Reussey Village Sambo Commune Samrong Torng District,,,Samraong Tong,Kampong Speu,Cambodia,,85515753886,sophegui_kh@sabrina.com.tw,May-26,,,,,ITL,1316,,,SGS Taiwan Textile Laboratory,No 31 Wu Chyuan Rd,,,New Taipei City,,Taiwan,,,,1610,TX20640/2026/LI,www.sgs.com,,TRUE,KP0212RJA3,2/11/2026,1610.1(d)(1),Importer,,,,,,,,,,,,
A4BCB775,VW5076,Model #,,,,VW5076,,,,GCC,VUORI ALLTHEFEELS FULL ZIP,VUORI,,,,,SABC01,,Sabrina (Cambodia) Garment Manufacturing Corp,National Road No 4 Trapaing Reussey Village Sambo Commune Samrong Torng District,,,Samraong Tong,Kampong Speu,Cambodia,,85515753886,sophegui_kh@sabrina.com.tw,May-26,,,,,ITL,1316,,,SGS Taiwan Textile Laboratory,No 31 Wu Chyuan Rd,,,New Taipei City,,Taiwan,,,,1610,TX20640/2026/LI,www.sgs.com,,TRUE,KP0212RJA3,2/11/2026,1610.1(d)(1),Importer,,,,,,,,,,,,
3B8403D1,VW3052,Model #,,,,VW3052,,,,GCC,VUORI ALLTHEFEELS SHORT 4,VUORI,,,,,SAB003-1,,AROMA SUCCESS GARMENT CO LTD,Tang Snao village Tumpoar Meas commune Samraong Tong district,,,Samraong Tong,Kampong Speu,Cambodia,,85598535466,fionsun@sabrina.com.tw,May-26,,,,,ITL,1316,,,SGS Taiwan Textile Laboratory,No 31 Wu Chyuan Rd,,,New Taipei City,,Taiwan,,,,1610,TX20640/2026/LI,www.sgs.com,,TRUE,KP0212RJA3,2/11/2026,1610.1(d)(1),Importer,,,,,,,,,,,,
99BC681D,VW3102,Model #,,,,VW3102,,,,GCC,DAILY SKIRT 145,VUORI,,,,,MAS001,,Contourline - MAS Active,BOI Industrial Park Pallekele Kandy LKA,,,Kandy,Central Province,Sri Lanka,,94777951143,chathuragu@masholdings.com,May-26,,,,,ITL,1316,,,SGS Taiwan Textile Laboratory,No 31 Wu Chyuan Rd,,,New Taipei City,,Taiwan,,,,1610,TX71746/2025/AC,www.sgs.com,,TRUE,KP04570JA0,7/23/2025,1610.1(d)(1),Importer,,,,,,,,,,,,
DF5CA897,V1165,Model #,,,,V1165,,,,GCC,S/S TORREY GOLF POLO,VUORI,,,,,ECL000,,Eclat Textile Co Ltd(Vietnam),Lot 1Road 5A Nhon Trach 2 Industrial Zone Nhon Trach District,,,Nhon Trach,Dong Nai,Viet Nam,71000,84613560751,david.hsu@eclat.com.tw,May-26,,,,,ITL,1024,,,SGS-CSTC Standards Technical Services Co Ltd Guangzhou Branch,No198 Kezhu Road Science City Economic & Technological Development Area,,,Guangzhou,Guangdong,China,,,,1610,SL92609272327101TX,www.sgs.com,,TRUE,EA063560MFX5,3/9/2026,1610.1(d)(1),Importer,,,,,,,,,,,,
52D3CAE9,VW3162,Model #,,,,VW3162,,,,GCC,CLEMENTINE 2.0 SHORT 2.5,VUORI,,,,,YIC002,,YIC HANAM,Chau Son Industrial park Chau Son Ward,,,Ninh Binh,Ninh Binh,Viet Nam,430000,84353793468,merchandiser07@yic.rocks,May-26,,,,,ITL,1079,,,SGS Vietnam Ltd,Lot III/21 19/5A street Group IIITan Binh industrial park,,,Ho Chi Minh City,,Vietnam,,,,1610,SL01260401240201TX,www.sgs.com,,TRUE,JBVF00144HB-03,5/9/2026,1610.1(d)(1),Importer,,,,,,,,,,,,
2EB5278C,VW4196,Model #,,,,VW4196,,,,GCC,TRESTLES TWILL WIDELEG,VUORI,,,,,ASMVN003,,Hung Ha Garment Factory,240 Long Hung Street Hung Ha Commune,,,Thai Binh,Thai Binh,Viet Nam,,84827889120,nkhong@ppj-international.com,May-26,,,,,ITL,1016,,,SGS Hong Kong Limited,1/F On Wui Centre 25 Lok Yip Road Fanling NT,,,Hong Kong,,Hong Kong,,,,1610,SL12500324734601TX,www.sgs.com,,TRUE,RP2107-002,7/29/2025,1610.1(d)(1),Importer,,,,,,,,,,,,
3900B838,VW4196-S,Model #,,,,VW4196-S,,,,GCC,TRESTLES TWILL WIDELEG - SHORT,VUORI,,,,,ASMVN003,,Hung Ha Garment Factory,240 Long Hung Street Hung Ha Commune,,,Thai Binh,Thai Binh,Viet Nam,,84827889120,nkhong@ppj-international.com,May-26,,,,,ITL,1016,,,SGS Hong Kong Limited,1/F On Wui Centre 25 Lok Yip Road Fanling NT,,,Hong Kong,,Hong Kong,,,,1610,SL12500324734601TX,www.sgs.com,,TRUE,RP2107-002,7/29/2025,1610.1(d)(1),Importer,,,,,,,,,,,,
C64C83E4,VW1637,Model #,,,,VW1637,,,,GCC,DAILY MUSCLE TANK,VUORI,,,,,YOG001,,YOUNGONE NAMDINH CO LTD,Lot OPQR  N6 Road Hoa Xa Industrial Park Thanh Nam Ward,,,NINH BINH,,Viet Nam,,327598903,ngahtt@youngonevn.com,May-26,,,,,ITL,1316,,,SGS Taiwan Textile Laboratory,No 31 Wu Chyuan Rd,,,New Taipei City,,Taiwan,,,,1610,TX74357/2025/AC,www.sgs.com,,TRUE,A10AAPE0010,8/6/2025,1610.1(d)(1),Importer,,,,,,,,,,,,
B0739529,VW4339,Model #,,,,VW4339,,,,GCC,HALO FOLDOVER PANT,VUORI,,,,,ECL000,,Eclat Textile Co Ltd(Vietnam),Lot 1Road 5A Nhon Trach 2 Industrial Zone Nhon Trach District,,,Nhon Trach,Dong Nai,Viet Nam,71000,84613560751,david.hsu@eclat.com.tw,May-26,,,,,ITL,1316,,,SGS Taiwan Textile Laboratory,No 31 Wu Chyuan Rd,,,New Taipei City,,Taiwan,,,,1610,TX40785/2026/JU,www.sgs.com,,TRUE,RT1902084,4/16/2026,,Importer,,,,,,,,,,,,
36CE41ED,V1112,Model #,,,,V1112,,,,GCC,S/S PONTO BUTTON DOWN,VUORI,,,,,ECL000,,Eclat Textile Co Ltd(Vietnam),Lot 1Road 5A Nhon Trach 2 Industrial Zone Nhon Trach District,,,Nhon Trach,Dong Nai,Viet Nam,71000,84613560751,david.hsu@eclat.com.tw,May-26,,,,,ITL,1316,,,SGS Taiwan Textile Laboratory,No 31 Wu Chyuan Rd,,,New Taipei City,,Taiwan,,,,1610,TX40785/2026/JU,www.sgs.com,,TRUE,RT1902084,4/16/2026,,Importer,,,,,,,,,,,,
9BECF951,V2050,Model #,,,,V2050,,,,GCC,PONTO FULL ZIP HOODIE,VUORI,,,,,ECL000,,Eclat Textile Co Ltd(Vietnam),Lot 1Road 5A Nhon Trach 2 Industrial Zone Nhon Trach District,,,Nhon Trach,Dong Nai,Viet Nam,71000,84613560751,david.hsu@eclat.com.tw,May-26,,,,,ITL,1316,,,SGS Taiwan Textile Laboratory,No 31 Wu Chyuan Rd,,,New Taipei City,,Taiwan,,,,1610,TX40785/2026/JU,www.sgs.com,,TRUE,RT1902084,4/16/2026,,Importer,,,,,,,,,,,,
78B07141,VW3239,Model #,,,,VW3239,,,,GCC,TRESTLES TWILL TIE SHORT,VUORI,,,,,SAB003-1,,AROMA SUCCESS GARMENT CO LTD,Tang Snao village Tumpoar Meas commune Samraong Tong district,,,Samraong Tong,Kampong Speu,Cambodia,,85598535466,fionsun@sabrina.com.tw,May-26,,,,,ITL,1316,,,SGS Taiwan Textile Laboratory,No 31 Wu Chyuan Rd,,,New Taipei City,,Taiwan,,,,1610,TX20640/2026/LI,www.sgs.com,,TRUE,KP0212RJA3,2/11/2026,1610.1(d)(1),Importer,,,,,,,,,,,,
707BD33C,VW4313,Model #,,,,VW4313,,,,GCC,HALO MODERN STRAIGHT LEG PANT,VUORI,,,,,SAB003-1,,AROMA SUCCESS GARMENT CO LTD,Tang Snao village Tumpoar Meas commune Samraong Tong district,,,Samraong Tong,Kampong Speu,Cambodia,,85598535466,fionsun@sabrina.com.tw,May-26,,,,,ITL,1316,,,SGS Taiwan Textile Laboratory,No 31 Wu Chyuan Rd,,,New Taipei City,,Taiwan,,,,1610,TX33405/2026/YW,www.sgs.com,,TRUE,RT2310126,4/7/2026,,Importer,,,,,,,,,,,,
6E2935E8,VW4047,Model #,,,,VW4047,,,,GCC,VILLA WIDELEG,VUORI,,,,,ASMVN003,,Hung Ha Garment Factory,240 Long Hung Street Hung Ha Commune,,,Thai Binh,Thai Binh,Viet Nam,,84827889120,nkhong@ppj-international.com,May-26,,,,,ITL,1316,,,SGS Taiwan Textile Laboratory,No 31 Wu Chyuan Rd,,,New Taipei City,,Taiwan,,,,1610,TX40597/2026/YA,www.sgs.com,,TRUE,FVF06314QD,4/15/2026,1610.1(d)(1),Importer,,,,,,,,,,,,
37561CE3,V5074,Model #,,,,V5074,,,,GCC,ECHO QUILTED JACKET,VUORI,,,,,YIC002,,YIC HANAM,Chau Son Industrial park Chau Son Ward,,,Ninh Binh,Ninh Binh,Viet Nam,430000,84353793468,merchandiser07@yic.rocks,May-26,,,,,ITL,1023,,,SGS-CSTC Standards Technical Services (Shanghai) Co Ltd,No 889 Yishan Road xuhui district,,,Shanghai,,China,,,,1610,SL52605283840801TX,www.sgs.com,,TRUE,TS88022E WR0UCXL,2/14/2026,1610.1(d)(2),Importer,,,,,,,,,,,,
84B0975B,VW5115,Model #,,,,VW5115,,,,GCC,VENTANA JACKET,VUORI,,,,,HOJ001,,PT Yongjin Javasuka Garment,JLRaya Siliwangi KM35 Desa Benda Kec Cicurug-KabSukabumi 43359,,,Sukabumi,West Java,Indonesia,,6.22669E+11,charles@yongjin.co.id,May-26,,,,,ITL,1682,,,SGS-CSTC Standards Technical Services Co Ltd Nanjing Branch,1-2/F Building 2 No9 Yongfeng Road Qinhuai District,,,Nanjing,Jiangsu,China,,,,1610,SL32603332597401TX,www.sgs.com,,TRUE,JBCB00954FO-01,7/7/2026,1610.1(d)(1),Importer,,,,,,,,,,,,
FE6179C2,V1106,Model #,,,,V1106,,,,GCC,S/S KNIT OXFORD - CAMP COLLAR,VUORI,,,,,FEAV01,,Far Eastern Apparel LTD,No 46 Dai Lo Tu Do Viet Nam Singapore Industrial Park,,,Binh Hoa Ward Thuan An,Binh Duong,Vietnam,,84901553872,jeffrey.lin@feavn.com.vn,Feb-25,,,,,ITL,1341,,,PT SGS Indonesia,The Garden Centre 1st & 2nd Floor - Cilandak Commercial Estate,,,Jakarta Selatan,,Indonesia,,,,1610,JAKCP250006211,www.sgs.com,,TRUE,SPQ-24051,4/11/2025,1610.1(d)(1),Importer,,,,,,,,,,,,
9BC65453,V1101,Model #,,,,V1101,,,,GCC,L/S KNIT OXFORD BUTTON DOWN,VUORI,,,,,FEAV01,,Far Eastern Apparel LTD,No 46 Dai Lo Tu Do Viet Nam Singapore Industrial Park,,,Binh Hoa Ward Thuan An,Binh Duong,Vietnam,,84901553872,jeffrey.lin@feavn.com.vn,Feb-25,,,,,ITL,1341,,,PT SGS Indonesia,The Garden Centre 1st & 2nd Floor - Cilandak Commercial Estate,,,Jakarta Selatan,,Indonesia,,,,1610,JAKCP260003601,www.sgs.com,,TRUE,SPQ-25045,2/23/2026,1610.1(d)(1),Importer,,,,,,,,,,,,
CDBD6F57,V5055,Model #,,,,V5055,,,,GCC,ECHO INSULATED JACKET 3.0,VUORI,,,,,YIC002,,YIC HANAM,Chau Son Industrial park Chau Son Ward,,,Ninh Binh,Ninh Binh,Viet Nam,430000,84353793468,merchandiser07@yic.rocks,May-26,,,,,ITL,1023,,,SGS-CSTC Standards Technical Services (Shanghai) Co Ltd,No 889 Yishan Road xuhui district,,,Shanghai,,China,,,,1610,SL52605283840801TX,www.sgs.com,,TRUE,TS88022E WR0UCXL,2/14/2026,1610.1(d)(2),Importer,,,,,,,,,,,,
3743901,V2015,Model #,,,,V2015,,,,GCC,CLEARVIEW SEAMLESS 1/4 ZIP,VUORI,,,,,MAS004,,Linea Intimo - MAS Active,MAS Active (Pvt) Ltd – Linea Intimo Lot 89A EPZ Biyagama,,,Malwana,Western Province,Sri Lanka,,94777004952,surangapa@masholdings.com,May-26,,,,,ITL,1310,,,SGS Lanka (Pvt) Ltd,141/6,,,Colombo 02,Western,Sri Lanka,,,,1610,SL:TX:2670000400,www.sgs.com,,TRUE,PNS00538A,1/19/2026,1610.1(d)(1),Importer,,,,,,,,,,,,
2D7C1328,V2075,Model #,,,,V2075,,,,GCC,PONTO RE/ACTV 1/2 ZIP,VUORI,,,,,ECL000,,Eclat Textile Co Ltd(Vietnam),Lot 1Road 5A Nhon Trach 2 Industrial Zone Nhon Trach District,,,Nhon Trach,Dong Nai,Viet Nam,71000,84613560751,david.hsu@eclat.com.tw,May-26,,,,,ITL,1316,,,SGS Taiwan Textile Laboratory,No 31 Wu Chyuan Rd,,,New Taipei City,,Taiwan,,,,1610,TX33405/2026/YW,www.sgs.com,,TRUE,RT2310126,4/7/2026,,Importer,,,,,,,,,,,,
A148F8AE,V3112,Model #,,,,V3112,,,,GCC,"KORE BREATHE SHORT LINED 7""",VUORI,,,,,FEAV01,,Far Eastern Apparel LTD,No 46 Dai Lo Tu Do Viet Nam Singapore Industrial Park,,,Binh Hoa Ward Thuan An,Binh Duong,Vietnam,,84901553872,jeffrey.lin@feavn.com.vn,May-26,,,,,ITL,1079,,,SGS Vietnam Ltd,Lot III/21 19/5A street Group IIITan Binh industrial park,,,Ho Chi Minh City,,Vietnam,,,,1610,SL01260200566301TX,www.sgs.com,,TRUE,JBVF00138HB-07,3/12/2026,1610.1(d)(1),Importer,,,,,,,,,,,,
B6891CC9,V8102,Model #,,,,V8102,,,,GCC,LIFESTYLE BOXER BRIEF,VUORI,,,,,MAS002,,Sleekline - MAS Active,MAS ACTIVE-Sleekline - Nittambuwa,,,Nittambuwa,Western Province,Sri Lanka,,94777004952,surangapa@masholdings.com,May-26,,,,,ITL,1316,,,SGS Taiwan Textile Laboratory,No 31 Wu Chyuan Rd,,,New Taipei City,,Taiwan,,,,1610,TX71972/2025/UL,www.sgs.com,,TRUE,UBC-0511,7/22/2025,1610.1(d)(1),Importer,,,,,,,,,,,,
12C010EB,VW4156,Model #,,,,VW4156,,,,GCC,VUORI ALLTHEFORM PKT LEGGING,VUORI,,,,,MAS001,,Contourline - MAS Active,BOI Industrial Park Pallekele Kandy LKA,,,Kandy,Central Province,Sri Lanka,,94777951143,chathuragu@masholdings.com,May-26,,,,,ITL,1316,,,SGS Taiwan Textile Laboratory,No 31 Wu Chyuan Rd,,,New Taipei City,,Taiwan,,,,1610,TX71746/2025/AC,www.sgs.com,,TRUE,KP04570JA0,7/23/2025,1610.1(d)(1),Importer,,,,,,,,,,,,
27F49927,VW4381,Model #,,,,VW4381,,,,GCC,"W'S VUORI VINTAGE WIDELEG 32""",VUORI,,,,,PPJ001,,PPJ-WISER COMPANY LIMITED,48 Tang Nhon Phu Street Tang Nhon Phu Ward,,,Ho Chi Minh,Ho Chi Minh,Vietnam,,84827889120,nkhong@ppj-international.com,May-26,,,,,ITL,1079,,,SGS Vietnam Ltd,Lot III/21 19/5A street Group IIITan Binh industrial park,,,Ho Chi Minh City,,Vietnam,,,,1610,SL01260401228401TX,www.sgs.com,,TRUE,AMX-52639-C-NF,4/15/2026,1610.1(d)(1),Importer,,,,,,,,,,,,
5F9EE7FD,VW1263,Model #,,,,VW1263,,,,GCC,L/S HALO ESSENTIAL SCOOP,VUORI,,,,,ECL004,,Colltex Garment MFY CoLtd,Lot 28 Road 7 Trang Bang Industrial Zone An Tinh Ward,,,Trang Bang,Tay Ninh,Viet Nam,,84613560751,david.hsu@eclat.com.tw,May-26,,,,,ITL,1316,,,SGS Taiwan Textile Laboratory,No 31 Wu Chyuan Rd,,,New Taipei City,,Taiwan,,,,1610,TX33405/2026/YW,www.sgs.com,,TRUE,RT2310126,4/7/2026,,Importer,,,,,,,,,,,,
2EC9A061,VW1375,Model #,,,,VW1375,,,,GCC,HALO CAMI,VUORI,,,,,ECL001-1,,E-Top,Lot Ix-1 Ix-2 Ix-3 Ix-4 My Xuan B1 Tien Hung Industrial Zone My Xuan Ward Phu My Town Ba Ria,,,Phu My,Vung Tau,Viet Nam,795650,84613560751,david.hsu@eclat.com.tw,May-26,,,,,ITL,1316,,,SGS Taiwan Textile Laboratory,No 31 Wu Chyuan Rd,,,New Taipei City,,Taiwan,,,,1610,TX33405/2026/YW,www.sgs.com,,TRUE,RT2310126,4/7/2026,,Importer,,,,,,,,,,,,
6AA3B75C,VW1639,Model #,,,,VW1639,,,,GCC,L/S HALO DOUBLE ZIP TOP,VUORI,,,,,ECL001-1,,E-Top,Lot Ix-1 Ix-2 Ix-3 Ix-4 My Xuan B1 Tien Hung Industrial Zone My Xuan Ward Phu My Town Ba Ria,,,Phu My,Vung Tau,Viet Nam,795650,84613560751,david.hsu@eclat.com.tw,May-26,,,,,ITL,1316,,,SGS Taiwan Textile Laboratory,No 31 Wu Chyuan Rd,,,New Taipei City,,Taiwan,,,,1610,TX33405/2026/YW,www.sgs.com,,TRUE,RT2310126,4/7/2026,,Importer,,,,,,,,,,,,
F144C8E7,V4036,Model #,,,,V4036,,,,GCC,VUORI VINTAGE JEAN CLASSIC 32,VUORI,,,,,PPJ001,,PPJ-WISER COMPANY LIMITED,48 Tang Nhon Phu Street Tang Nhon Phu Ward,,,Ho Chi Minh,Ho Chi Minh,Vietnam,,84827889120,nkhong@ppj-international.com,May-26,,,,,ITL,1079,,,SGS Vietnam Ltd,Lot III/21 19/5A street Group IIITan Binh industrial park,,,Ho Chi Minh City,,Vietnam,,,,1610,SL01260401228401TX,www.sgs.com,,TRUE,AMX-52639-C-NF,4/15/2026,1610.1(d)(1),Importer,,,,,,,,,,,,
480C45DC,V4036-30,Model #,,,,V4036-30,,,,GCC,VUORI VINTAGE JEAN CLASSIC 30,VUORI,,,,,PPJ001,,PPJ-WISER COMPANY LIMITED,48 Tang Nhon Phu Street Tang Nhon Phu Ward,,,Ho Chi Minh,Ho Chi Minh,Vietnam,,84827889120,nkhong@ppj-international.com,May-26,,,,,ITL,1079,,,SGS Vietnam Ltd,Lot III/21 19/5A street Group IIITan Binh industrial park,,,Ho Chi Minh City,,Vietnam,,,,1610,SL01260401228401TX,www.sgs.com,,TRUE,AMX-52639-C-NF,4/15/2026,1610.1(d)(1),Importer,,,,,,,,,,,,
B2E5AA5D,V5099,Model #,,,,V5099,,,,GCC,VUORI DENIM JACKET,VUORI,,,,,PPJ001,,PPJ-WISER COMPANY LIMITED,48 Tang Nhon Phu Street Tang Nhon Phu Ward,,,Ho Chi Minh,Ho Chi Minh,Vietnam,,84827889120,nkhong@ppj-international.com,May-26,,,,,ITL,1079,,,SGS Vietnam Ltd,Lot III/21 19/5A street Group IIITan Binh industrial park,,,Ho Chi Minh City,,Vietnam,,,,1610,SL01260401228401TX,www.sgs.com,,TRUE,AMX-52639-C-NF,4/15/2026,1610.1(d)(1),Importer,,,,,,,,,,,,
F2A46985,V579,Model #,,,,V579,,,,GCC,STEADFAST INSULATED FZ JACKET,VUORI,,,,,YIC002,,YIC HANAM,Chau Son Industrial park Chau Son Ward,,,Ninh Binh,Ninh Binh,Viet Nam,430000,84353793468,merchandiser07@yic.rocks,May-26,,,,,ITL,1357,,,SGS-CSTC Standards Technical Services Co Ltd Hangzhou Branch Testing Center,3-6/F Building 4 Huaye Hi-Tech Industrial Park No1180 Binan Road Binjiang District,,,Hangzhou,Zhejiang,China,,,,1610,SL62606304735001TX,www.sgs.com,,TRUE,DT3F28FST,5/20/2026,1610.1(d)(1),Importer,,,,,,,,,,,,
9722B841,V580,Model #,,,,V580,,,,GCC,STEADFAST INSULATED VEST,VUORI,,,,,YIC002,,YIC HANAM,Chau Son Industrial park Chau Son Ward,,,Ninh Binh,Ninh Binh,Viet Nam,430000,84353793468,merchandiser07@yic.rocks,May-26,,,,,ITL,1357,,,SGS-CSTC Standards Technical Services Co Ltd Hangzhou Branch Testing Center,3-6/F Building 4 Huaye Hi-Tech Industrial Park No1180 Binan Road Binjiang District,,,Hangzhou,Zhejiang,China,,,,1610,SL62606304735001TX,www.sgs.com,,TRUE,DT3F28FST,5/20/2026,1610.1(d)(1),Importer,,,,,,,,,,,,
614FB9D5,VW4368,Model #,,,,VW4368,,,,GCC,SANDER ELASTIC WAIST TROUSER,VUORI,,,,,ASMVN003,,Hung Ha Garment Factory,240 Long Hung Street Hung Ha Commune,,,Thai Binh,Thai Binh,Viet Nam,,84827889120,nkhong@ppj-international.com,May-26,,,,,ITL,1016,,,SGS Hong Kong Limited,1/F On Wui Centre 25 Lok Yip Road Fanling NT,,,Hong Kong,,Hong Kong,,,,1610,SL12600281096501TX,www.sgs.com,,TRUE,AS-2407-024,3/5/2026,1610.1(d)(1),Importer,,,,,,,,,,,,
A657FBD4,VW4383,Model #,,,,VW4383,,,,GCC,FORMREFINED STIRRUP LEGGING,VUORI,,,,,YOG001,,YOUNGONE NAMDINH CO LTD,Lot OPQR  N6 Road Hoa Xa Industrial Park Thanh Nam Ward,,,NINH BINH,,Viet Nam,,327598903,ngahtt@youngonevn.com,May-26,,,,,ITL,1316,,,SGS Taiwan Textile Laboratory,No 31 Wu Chyuan Rd,,,New Taipei City,,Taiwan,,,,1610,TX71746/2025/AC,www.sgs.com,,TRUE,KP04570JA0,7/23/2025,1610.1(d)(1),Importer,,,,,,,,,,,,
FE657D77,VW5070,Model #,,,,VW5070,,,,GCC,ALPINE VEST,VUORI,,,,,YIC002,,YIC HANAM,Chau Son Industrial park Chau Son Ward,,,Ninh Binh,Ninh Binh,Viet Nam,430000,84353793468,merchandiser07@yic.rocks,May-26,,,,,ITL,1316,,,SGS Taiwan Textile Laboratory,No 31 Wu Chyuan Rd,,,New Taipei City,,Taiwan,,,,1610,TX52223/2026/CI,www.sgs.com,,TRUE,KW-3709A,5/27/2026,1610.1(d)(1),Importer,,,,,,,,,,,,
1E88B904,VW5104,Model #,,,,VW5104,,,,GCC,ALPINE JACKET,VUORI,,,,,YIC002,,YIC HANAM,Chau Son Industrial park Chau Son Ward,,,Ninh Binh,Ninh Binh,Viet Nam,430000,84353793468,merchandiser07@yic.rocks,May-26,,,,,ITL,1316,,,SGS Taiwan Textile Laboratory,No 31 Wu Chyuan Rd,,,New Taipei City,,Taiwan,,,,1610,TX52223/2026/CI,www.sgs.com,,TRUE,KW-3709A,5/27/2026,1610.1(d)(1),Importer,,,,,,,,,,,,
055A4E4B,VW5132,Model #,,,,VW5132,,,,GCC,ALPINE HALF ZIP,VUORI,,,,,YIC002,,YIC HANAM,Chau Son Industrial park Chau Son Ward,,,Ninh Binh,Ninh Binh,Viet Nam,430000,84353793468,merchandiser07@yic.rocks,May-26,,,,,ITL,1316,,,SGS Taiwan Textile Laboratory,No 31 Wu Chyuan Rd,,,New Taipei City,,Taiwan,,,,1610,TX52223/2026/CI,www.sgs.com,,TRUE,KW-3709A,5/27/2026,1610.1(d)(1),Importer,,,,,,,,,,,,
AB932DD7,VW5128,Model #,,,,VW5128,,,,GCC,CANYON INSULATED ROAM JACKET,VUORI,,,,,YIC002,,YIC HANAM,Chau Son Industrial park Chau Son Ward,,,Ninh Binh,Ninh Binh,Viet Nam,430000,84353793468,merchandiser07@yic.rocks,May-26,,,,,ITL,1023,,,SGS-CSTC Standards Technical Services (Shanghai) Co Ltd,No 889 Yishan Road xuhui district,,,Shanghai,,China,,,,1610,SL52605283840801TX,www.sgs.com,,TRUE,TS88022E WR0UCXL,2/14/2026,1610.1(d)(2),Importer,,,,,,,,,,,,
89CF2D3E,VW5139,Model #,,,,VW5139,,,,GCC,HARBOR JACKET,VUORI,,,,,YIC002,,YIC HANAM,Chau Son Industrial park Chau Son Ward,,,Ninh Binh,Ninh Binh,Viet Nam,430000,84353793468,merchandiser07@yic.rocks,May-26,,,,,ITL,1044,,,SGS Korea Co Ltd Anyang Branch,#322 The O Valley Bldg,,,Anyang,Gyeonggi-do,South Korea,,,,1610,F690101/LF-CTSAYSA26-00986,www.sgs.com,,TRUE,ECONA-PS248BS,1/30/2026,1610.1(d)(1),Importer,,,,,,,,,,,,
4FF30D51,V1152,Model #,,,,V1152,,,,GCC,L/S MIDWEIGHT FLANNEL SHIRT,VUORI,,,,,ASMVN002,,Thai Ha Garment Factory,Land lot No 506 Map sheet No 3 Gia Le Industrial Park Tra Ly Ward,,,Hung Yen,Hung Yen,Viet Nam,,84869364200,jessi.bui@vn.asmaragroup.com,May-26,,,,,ITL,1016,,,SGS Hong Kong Limited,1/F On Wui Centre 25 Lok Yip Road Fanling NT,,,Hong Kong,,Hong Kong,,,,1610,SL12600270634401TX,www.sgs.com,,TRUE,AS-2410-005,2/4/2026,,Importer,,,,,,,,,,,,
9CB6034C,VW1009,Model #,,,,VW1009,,,,GCC,POSE PLYO TANK,VUORI,,,,,ECL000,,Eclat Textile Co Ltd(Vietnam),Lot 1Road 5A Nhon Trach 2 Industrial Zone Nhon Trach District,,,Nhon Trach,Dong Nai,Viet Nam,71000,84613560751,david.hsu@eclat.com.tw,May-26,,,,,ITL,1316,,,SGS Taiwan Textile Laboratory,No 31 Wu Chyuan Rd,,,New Taipei City,,Taiwan,,,,1610,TX53314/2026/CI,www.sgs.com,,TRUE,RT1604268,6/3/2026,1610.1(d)(1),Importer,,,,,,,,,,,,
23DA0775,VW1479,Model #,,,,VW1479,,,,GCC,L/S POSE SUBTLE SCOOP,VUORI,,,,,ECL004,,Colltex Garment MFY CoLtd,Lot 28 Road 7 Trang Bang Industrial Zone An Tinh Ward,,,Trang Bang,Tay Ninh,Viet Nam,,84613560751,david.hsu@eclat.com.tw,May-26,,,,,ITL,1316,,,SGS Taiwan Textile Laboratory,No 31 Wu Chyuan Rd,,,New Taipei City,,Taiwan,,,,1610,TX53314/2026/CI,www.sgs.com,,TRUE,RT1604268,6/3/2026,1610.1(d)(1),Importer,,,,,,,,,,,,
F2D720C9,VW169-L,Model #,,,,VW169-L,,,,GCC,POSE FITTED TEE - LONG,VUORI,,,,,ECL004,,Colltex Garment MFY CoLtd,Lot 28 Road 7 Trang Bang Industrial Zone An Tinh Ward,,,Trang Bang,Tay Ninh,Viet Nam,,84613560751,david.hsu@eclat.com.tw,May-26,,,,,ITL,1316,,,SGS Taiwan Textile Laboratory,No 31 Wu Chyuan Rd,,,New Taipei City,,Taiwan,,,,1610,TX53314/2026/CI,www.sgs.com,,TRUE,RT1604268,6/3/2026,1610.1(d)(1),Importer,,,,,,,,,,,,
F8B980B6,VW1198,Model #,,,,VW1198,,,,GCC,L/S SURGE SEAMLESS TEE,VUORI,,,,,MAS004,,Linea Intimo - MAS Active,MAS Active (Pvt) Ltd – Linea Intimo Lot 89A EPZ Biyagama,,,Malwana,Western Province,Sri Lanka,,94777004952,surangapa@masholdings.com,May-26,,,,,ITL,1310,,,SGS Lanka (Pvt) Ltd,141/6,,,Colombo 02,Western,Sri Lanka,,,,1610,SL:TX:2570016766,www.sgs.com,,TRUE,NSL00015A,12/5/2025,1610.1(d)(1),Importer,,,,,,,,,,,,
D2AA8363,VW4520,Model #,,,,VW4520,,,,GCC,"W'S VUORI VINTAGE STRAIGHT 30""",VUORI,,,,,PPJ001,,PPJ-WISER COMPANY LIMITED,48 Tang Nhon Phu Street Tang Nhon Phu Ward,,,Ho Chi Minh,Ho Chi Minh,Vietnam,,84827889120,nkhong@ppj-international.com,May-26,,,,,ITL,1079,,,SGS Vietnam Ltd,Lot III/21 19/5A street Group IIITan Binh industrial park,,,Ho Chi Minh City,,Vietnam,,,,1610,SL01260501593001TX,www.sgs.com,,TRUE,AMX-55275-A-NF,5/20/2026,1610.1(d)(1),Importer,,,,,,,,,,,,
E954AFEE,V1113,Model #,,,,V1113,,,,GCC,S/S VIEWPOINT PERFORM. TEE 2.0,VUORI,,,,,ECL003,,PT Eclat Textile International,Jalan Saptarengga No11 Wonorejo Kec Kaliwungu Kab Kendal Jawa Tengah,,,Kendal,Jawa Tengah,Indonesia,51372,84613560751,david.hsu@eclat.com.tw,May-26,,,,,ITL,1316,,,SGS Taiwan Textile Laboratory,No 31 Wu Chyuan Rd,,,New Taipei City,,Taiwan,,,,1610,TX21933/2026/YA,www.sgs.com,,TRUE,RT2204035,3/11/2026,1610.1(d)(1),Importer,,,,,,,,,,,,
7AAB21AE,V2039,Model #,,,,V2039,,,,GCC,PONTO 1/2 ZIP MOCK NECK,VUORI,,,,,ECL003,,PT Eclat Textile International,Jalan Saptarengga No11 Wonorejo Kec Kaliwungu Kab Kendal Jawa Tengah,,,Kendal,Jawa Tengah,Indonesia,51372,84613560751,david.hsu@eclat.com.tw,May-26,,,,,ITL,1316,,,SGS Taiwan Textile Laboratory,No 31 Wu Chyuan Rd,,,New Taipei City,,Taiwan,,,,1610,TX33405/2026/YW,www.sgs.com,,TRUE,RT2310126,4/7/2026,,Importer,,,,,,,,,,,,
4B2FCEC2,VW1212,Model #,,,,VW1212,,,,GCC,HALO ESSENTIAL SCOOP TANK,VUORI,,,,,ECL003,,PT Eclat Textile International,Jalan Saptarengga No11 Wonorejo Kec Kaliwungu Kab Kendal Jawa Tengah,,,Kendal,Jawa Tengah,Indonesia,51372,84613560751,david.hsu@eclat.com.tw,May-26,,,,,ITL,1316,,,SGS Taiwan Textile Laboratory,No 31 Wu Chyuan Rd,,,New Taipei City,,Taiwan,,,,1610,TX33405/2026/YW,www.sgs.com,,TRUE,RT2310126,4/7/2026,,Importer,,,,,,,,,,,,
96AA7293,VW2182,Model #,,,,VW2182,,,,GCC,ÉMILIE CASHMERE OS RIB CREW,VUORI,,,,,STI002,,CHUN XUE (KHM) CASHMERE TEXTILE COLTD,National Road No 21 PrekBek Village Koh Thom “B” Commune,,,Koh Thom,Kandal,Cambodia,,8.62152E+11,shujuanliu@shangtexdec.com,May-26,,,,,ITL,1023,,,SGS-CSTC Standards Technical Services (Shanghai) Co Ltd,No 889 Yishan Road xuhui district,,,Shanghai,,China,,,,1610,SL52615311666201TX,www.sgs.com,,TRUE,Y0260-CHILL,5/28/2026,1610.1(d)(1),Importer,,,,,,,,,,,,
BF77166A,VW4190,Model #,,,,VW4190,,,,GCC,HALO MODERN SWEATPANT,VUORI,,,,,ECL003,,PT Eclat Textile International,Jalan Saptarengga No11 Wonorejo Kec Kaliwungu Kab Kendal Jawa Tengah,,,Kendal,Jawa Tengah,Indonesia,51372,84613560751,david.hsu@eclat.com.tw,May-26,,,,,ITL,1316,,,SGS Taiwan Textile Laboratory,No 31 Wu Chyuan Rd,,,New Taipei City,,Taiwan,,,,1610,TX40785/2026/JU,www.sgs.com,,TRUE,RT1902084,4/16/2026,,Importer,,,,,,,,,,,,
1380E59D,VW444,Model #,,,,VW444,,,,GCC,CLEAN ELEVATION LEGGING,VUORI,,,,,ECL003,,PT Eclat Textile International,Jalan Saptarengga No11 Wonorejo Kec Kaliwungu Kab Kendal Jawa Tengah,,,Kendal,Jawa Tengah,Indonesia,51372,84613560751,david.hsu@eclat.com.tw,May-26,,,,,ITL,1316,,,SGS Taiwan Textile Laboratory,No 31 Wu Chyuan Rd,,,New Taipei City,,Taiwan,,,,1610,TX33405/2026/YW,www.sgs.com,,TRUE,RT2310126,4/7/2026,,Importer,,,,,,,,,,,,
E1CA1B56,VW4463,Model #,,,,VW4463,,,,GCC,HALO EASY WIDELEG PANT,VUORI,,,,,ECL003,,PT Eclat Textile International,Jalan Saptarengga No11 Wonorejo Kec Kaliwungu Kab Kendal Jawa Tengah,,,Kendal,Jawa Tengah,Indonesia,51372,84613560751,david.hsu@eclat.com.tw,May-26,,,,,ITL,1316,,,SGS Taiwan Textile Laboratory,No 31 Wu Chyuan Rd,,,New Taipei City,,Taiwan,,,,1610,TX33405/2026/YW,www.sgs.com,,TRUE,RT2310126,4/7/2026,,Importer,,,,,,,,,,,,
A0BD0A61,VW1370,Model #,,,,VW1370,,,,GCC,DAILY FORM BRA,VUORI,,,,,YOG001,,YOUNGONE NAMDINH CO LTD,Lot OPQR  N6 Road Hoa Xa Industrial Park Thanh Nam Ward,,,NINH BINH,,Viet Nam,,327598903,ngahtt@youngonevn.com,May-26,,,,,ITL,1016,,,SGS Hong Kong Limited,1/F On Wui Centre 25 Lok Yip Road Fanling NT,,,Hong Kong,,Hong Kong,,,,1610,SL12500324734601TX,www.sgs.com,,TRUE,RP2107-002,7/29/2025,1610.1(d)(1),Importer,,,,,,,,,,,,
D81022C8,VW1610,Model #,,,,VW1610,,,,GCC,VUORI ALLTHEFEELS L/S SCOOP,VUORI,,,,,ECL000,,Eclat Textile Co Ltd(Vietnam),Lot 1Road 5A Nhon Trach 2 Industrial Zone Nhon Trach District,,,Nhon Trach,Dong Nai,Viet Nam,71000,84613560751,david.hsu@eclat.com.tw,May-26,,,,,ITL,1316,,,SGS Taiwan Textile Laboratory,No 31 Wu Chyuan Rd,,,New Taipei City,,Taiwan,,,,1610,TX40187/2026/CI,www.sgs.com,,TRUE,KP1214RCB0,4/1/2026,,Importer,,,,,,,,,,,,
3374129D,VW3073,Model #,,,,VW3073,,,,GCC,"VUORI ALLTHEFORM SHORT 6""",VUORI,,,,,YOG001,,YOUNGONE NAMDINH CO LTD,Lot OPQR  N6 Road Hoa Xa Industrial Park Thanh Nam Ward,,,NINH BINH,,Viet Nam,,327598903,ngahtt@youngonevn.com,May-26,,,,,ITL,1316,,,SGS Taiwan Textile Laboratory,No 31 Wu Chyuan Rd,,,New Taipei City,,Taiwan,,,,1610,TX12858/2026/JU,www.sgs.com,,TRUE,AK1083Q,2/2/2026,1610.1(d)(1),Importer,,,,,,,,,,,,
988E42B3,VW3229,Model #,,,,VW3229,,,,GCC,"VUORI ALLTHEFORM SKIRT 13.5""",VUORI,,,,,YOG001,,YOUNGONE NAMDINH CO LTD,Lot OPQR  N6 Road Hoa Xa Industrial Park Thanh Nam Ward,,,NINH BINH,,Viet Nam,,327598903,ngahtt@youngonevn.com,May-26,,,,,ITL,1316,,,SGS Taiwan Textile Laboratory,No 31 Wu Chyuan Rd,,,New Taipei City,,Taiwan,,,,1610,TXB0455/2025/CI,www.sgs.com,,TRUE,KP0457 - Non Peach,11/12/2025,1610.1(d)(1),Importer,,,,,,,,,,,,
3A13E1B0,VW4130,Model #,,,,VW4130,,,,GCC,VUORI ALLTHEFORM LEGGING,VUORI,,,,,YOG001,,YOUNGONE NAMDINH CO LTD,Lot OPQR  N6 Road Hoa Xa Industrial Park Thanh Nam Ward,,,NINH BINH,,Viet Nam,,327598903,ngahtt@youngonevn.com,May-26,,,,,ITL,1316,,,SGS Taiwan Textile Laboratory,No 31 Wu Chyuan Rd,,,New Taipei City,,Taiwan,,,,1610,TX71746/2025/AC,www.sgs.com,,TRUE,KP04570JA0,7/23/2025,1610.1(d)(1),Importer,,,,,,,,,,,,
D311C505,VW1555,Model #,,,,VW1555,,,,GCC,L/S HALO FITTED HOODIE,VUORI,,,,,ECL001-1,,E-Top,Lot Ix-1 Ix-2 Ix-3 Ix-4 My Xuan B1 Tien Hung Industrial Zone My Xuan Ward Phu My Town Ba Ria,,,Phu My,Vung Tau,Viet Nam,795650,84613560751,david.hsu@eclat.com.tw,May-26,,,,,ITL,1316,,,SGS Taiwan Textile Laboratory,No 31 Wu Chyuan Rd,,,New Taipei City,,Taiwan,,,,1610,TX33405/2026/YW,www.sgs.com,,TRUE,RT2310126,4/7/2026,,Importer,,,,,,,,,,,,
299FEE85,V3119,Model #,,,,V3119,,,,GCC,"COAST GD SHORT 7""",VUORI,,,,,PPJ001,,PPJ-WISER COMPANY LIMITED,48 Tang Nhon Phu Street Tang Nhon Phu Ward,,,Ho Chi Minh,Ho Chi Minh,Vietnam,,84827889120,nkhong@ppj-international.com,May-26,,,,,ITL,1079,,,SGS Vietnam Ltd,Lot III/21 19/5A street Group IIITan Binh industrial park,,,Ho Chi Minh City,,Vietnam,,,,1610,SL01260401290301TX,www.sgs.com,,TRUE,D01280-01,3/6/2026,1610.1(d)(1),Importer,,,,,,,,,,,,
C637E70C,V4102-30,Model #,,,,V4102-30,,,,GCC,"FLEET TROUSER CLASSIC FIT 30""",VUORI,,,,,ASMTR-003,,GITEKS,Organize Sanayi Bölgesi 1 Cadde No:12  Merkez G?RESUN,,,Giresun,Giresun,Turkey,,4542221444,merdan.yuce@giteks.com.tr,May-26,,,,,ITL,1082,,,SGS Turkey - Supervise Gözetme Etüd Kontrol Servisleri AS,Is Istanbul Plaza Baglar Mah Osmanpasa Cad No:95 E Girisi Günesli,,,Istanbul,Istanbul,Turkey,,,,1610,TR2779012-RV1,www.sgs.com,,TRUE,415,4/1/2026,1610.1(d)(1),Importer,,,,,,,,,,,,
5BAB4735,V496,Model #,,,,V496,,,,GCC,"GRAFTON PANT 30""",VUORI,,,,,FEAV01,,Far Eastern Apparel LTD,No 46 Dai Lo Tu Do Viet Nam Singapore Industrial Park,,,Binh Hoa Ward Thuan An,Binh Duong,Vietnam,,84901553872,jeffrey.lin@feavn.com.vn,May-26,,,,,ITL,1044,,,SGS Korea Co Ltd Anyang Branch,#322 The O Valley Bldg,,,Anyang,Gyeonggi-do,South Korea,,,,1610,F690101/LF-CTSAYSA25-14337,www.sgs.com,,TRUE,BIOFLEX LAB107AW,10/2/2025,1610.1(d)(1),Importer,,,,,,,,,,,,
458BA8DE,VW4569,Model #,,,,VW4569,,,,GCC,HALO LR SLIM FLARE RETRO PANT,VUORI,,,,,ECL003,,PT Eclat Textile International,Jalan Saptarengga No11 Wonorejo Kec Kaliwungu Kab Kendal Jawa Tengah,,,Kendal,Jawa Tengah,Indonesia,51372,84613560751,david.hsu@eclat.com.tw,May-26,,,,,ITL,1316,,,SGS Taiwan Textile Laboratory,No 31 Wu Chyuan Rd,,,New Taipei City,,Taiwan,,,,1610,TX33405/2026/YW,www.sgs.com,,TRUE,RT2310126,4/7/2026,,Importer,,,,,,,,,,,,
8CC9C6F4,VW1416,Model #,,,,VW1416,,,,GCC,VUORI ALLTHEFORM LOGO TANK,VUORI,,,,,YOG001,,YOUNGONE NAMDINH CO LTD,Lot OPQR  N6 Road Hoa Xa Industrial Park Thanh Nam Ward,,,NINH BINH,,Viet Nam,,327598903,ngahtt@youngonevn.com,May-26,,,,,ITL,1316,,,SGS Taiwan Textile Laboratory,No 31 Wu Chyuan Rd,,,New Taipei City,,Taiwan,,,,1610,TXB3219/2025/LI,www.sgs.com,,TRUE,B02ADPA0001,11/28/2025,1610.1(d)(1),Importer,,,,,,,,,,,,
97973769,VW1326,Model #,,,,VW1326,,,,GCC,HALO TRIANGLE BRA,VUORI,,,,,ECL001-1,,E-Top,Lot Ix-1 Ix-2 Ix-3 Ix-4 My Xuan B1 Tien Hung Industrial Zone My Xuan Ward Phu My Town Ba Ria,,,Phu My,Vung Tau,Viet Nam,795650,84613560751,david.hsu@eclat.com.tw,May-26,,,,,ITL,1316,,,SGS Taiwan Textile Laboratory,No 31 Wu Chyuan Rd,,,New Taipei City,,Taiwan,,,,1610,TX33405/2026/YW,www.sgs.com,,TRUE,RT2310126,4/7/2026,,Importer,,,,,,,,,,,,
A636DC11,VW3171,Model #,,,,VW3171,,,,GCC,DAILY SPEED SHORT 25,VUORI,,,,,FEAV01,,Far Eastern Apparel LTD,No 46 Dai Lo Tu Do Viet Nam Singapore Industrial Park,,,Binh Hoa Ward Thuan An,Binh Duong,Vietnam,,84901553872,jeffrey.lin@feavn.com.vn,May-26,,,,,ITL,1079,,,SGS Vietnam Ltd,Lot III/21 19/5A street Group IIITan Binh industrial park,,,Ho Chi Minh City,,Vietnam,,,,1610,SL01260401240201TX,www.sgs.com,,TRUE,JBVF00144HB-03,5/9/2026,1610.1(d)(1),Importer,,,,,,,,,,,,
723C8474,VW5157,Model #,,,,VW5157,,,,GCC,RETROGRADE S/S HALF ZIP JACKET,VUORI,,,,,YIC002,,YIC HANAM,Chau Son Industrial park Chau Son Ward,,,Ninh Binh,Ninh Binh,Viet Nam,430000,84353793468,merchandiser07@yic.rocks,May-26,,,,,ITL,1044,,,SGS Korea Co Ltd Anyang Branch,#322 The O Valley Bldg,,,Anyang,Gyeonggi-do,South Korea,,,,1610,F690101/LF-CTSAYSA25-19849,www.sgs.com,,TRUE,SN-RQ23-2201-268WK,12/24/2025,1610.1(d)(1),Importer,,,,,,,,,,,,
3335673E,VW5160,Model #,,,,VW5160,,,,GCC,CANYON INSULATED SPORTY JKT,VUORI,,,,,YIC002,,YIC HANAM,Chau Son Industrial park Chau Son Ward,,,Ninh Binh,Ninh Binh,Viet Nam,430000,84353793468,merchandiser07@yic.rocks,May-26,,,,,ITL,1023,,,SGS-CSTC Standards Technical Services (Shanghai) Co Ltd,No 889 Yishan Road xuhui district,,,Shanghai,,China,,,,1610,SL52605283840801TX,www.sgs.com,,TRUE,TS88022E WR0UCXL,2/14/2026,1610.1(d)(2),Importer,,,,,,,,,,,,
5715B689,VW5159,Model #,,,,VW5159,,,,GCC,CANYON INSULATED SPORTY VEST,VUORI,,,,,YIC002,,YIC HANAM,Chau Son Industrial park Chau Son Ward,,,Ninh Binh,Ninh Binh,Viet Nam,430000,84353793468,merchandiser07@yic.rocks,May-26,,,,,ITL,1023,,,SGS-CSTC Standards Technical Services (Shanghai) Co Ltd,No 889 Yishan Road xuhui district,,,Shanghai,,China,,,,1610,SL52605283840801TX,www.sgs.com,,TRUE,TS88022E WR0UCXL,2/14/2026,1610.1(d)(2),Importer,,,,,,,,,,,,
6D15150A,V8205,Model #,,,,V8205,,,,GCC,V1 TAB SOCK 2.0,VUORI,,,,,DEL003,,Delta Galil Industries Ltd,D100 KARAYOLU UZERI TOPCULAR MAH DÜZCE CAD NO103 A Ç?L?ML?,,,Turkey,,Turkey,,9.72548E+11,Hamzi.Fatum@deltagalil.com,May-26,,,,,ITL,1082,,,SGS Turkey - Supervise Gözetme Etüd Kontrol Servisleri AS,Is Istanbul Plaza Baglar Mah Osmanpasa Cad No:95 E Girisi Günesli,,,Istanbul,Istanbul,Turkey,,,,1610,TR2712010,www.sgs.com,,FALSE,,10/15/2025,1610.1(d)(1),Importer,,,,,,,,,,,,
EB8CF46B,V8220,Model #,,,,V8220,,,,GCC,MICRO STRIPE CREW SOCK,VUORI,,,,,DEL003,,Delta Galil Industries Ltd,D100 KARAYOLU UZERI TOPCULAR MAH DÜZCE CAD NO103 A Ç?L?ML?,,,Turkey,,Turkey,,9.72548E+11,Hamzi.Fatum@deltagalil.com,May-26,,,,,ITL,1082,,,SGS Turkey - Supervise Gözetme Etüd Kontrol Servisleri AS,Is Istanbul Plaza Baglar Mah Osmanpasa Cad No:95 E Girisi Günesli,,,Istanbul,Istanbul,Turkey,,,,1610,TR2772515,www.sgs.com,,FALSE,,3/11/2026,1610.1(d)(1),Importer,,,,,,,,,,,,
6F9095A9,V8206,Model #,,,,V8206,,,,GCC,QUARTER CREW V1 SOCK 2.0,VUORI,,,,,DEL003,,Delta Galil Industries Ltd,D100 KARAYOLU UZERI TOPCULAR MAH DÜZCE CAD NO103 A Ç?L?ML?,,,Turkey,,Turkey,,9.72548E+11,Hamzi.Fatum@deltagalil.com,May-26,,,,,ITL,1082,,,SGS Turkey - Supervise Gözetme Etüd Kontrol Servisleri AS,Is Istanbul Plaza Baglar Mah Osmanpasa Cad No:95 E Girisi Günesli,,,Istanbul,Istanbul,Turkey,,,,1610,TR2709847-RV1,www.sgs.com,,FALSE,,10/9/2025,1610.1(d)(1),Importer,,,,,,,,,,,,
CEFDB6E0,V8211,Model #,,,,V8211,,,,GCC,V1 CREW SOCK 2.0,VUORI,,,,,DEL003,,Delta Galil Industries Ltd,D100 KARAYOLU UZERI TOPCULAR MAH DÜZCE CAD NO103 A Ç?L?ML?,,,Turkey,,Turkey,,9.72548E+11,Hamzi.Fatum@deltagalil.com,May-26,,,,,ITL,1082,,,SGS Turkey - Supervise Gözetme Etüd Kontrol Servisleri AS,Is Istanbul Plaza Baglar Mah Osmanpasa Cad No:95 E Girisi Günesli,,,Istanbul,Istanbul,Turkey,,,,1610,TR2721612,www.sgs.com,,FALSE,,11/4/2025,1610.1(d)(1),Importer,,,,,,,,,,,,
CAE5FDEE,V8151,Model #,,,,V8151,,,,GCC,QUARTER CREW POINTELLE SOCK,VUORI,,,,,DEL003,,Delta Galil Industries Ltd,D100 KARAYOLU UZERI TOPCULAR MAH DÜZCE CAD NO103 A Ç?L?ML?,,,Turkey,,Turkey,,9.72548E+11,Hamzi.Fatum@deltagalil.com,May-26,,,,,ITL,1082,,,SGS Turkey - Supervise Gözetme Etüd Kontrol Servisleri AS,Is Istanbul Plaza Baglar Mah Osmanpasa Cad No:95 E Girisi Günesli,,,Istanbul,Istanbul,Turkey,,,,1610,TR2709852,www.sgs.com,,FALSE,,10/7/2025,1610.1(d)(1),Importer,,,,,,,,,,,,
B36D9A5A,V1239,Model #,,,,V1239,,,,GCC,VUORI LIFESTYLE GRAPHIC TEE,VUORI,,,,,ASMVN005,,Nha Trang Knitted Garment Export Factory,Km 1447 1A National Highway Bac Nha Trang Ward,,,Khanh Hoa,Khanh Hoa,Viet Nam,,84869364200,jessi.bui@vn.asmaragroup.com,May-26,,,,,ITL,1079,,,SGS Vietnam Ltd,Lot III/21 19/5A street Group IIITan Binh industrial park,,,Ho Chi Minh City,,Vietnam,,,,1610,SL01260200581501TX,www.sgs.com,,TRUE,SJ103.01,3/5/2026,1610.1(d)(1),Importer,,,,,,,,,,,,
B1E5C8D7,VW1619,Model #,,,,VW1619,,,,GCC,COTTONY RIB MOCK NECK TANK,VUORI,,,,,FEAV01,,Far Eastern Apparel LTD,No 46 Dai Lo Tu Do Viet Nam Singapore Industrial Park,,,Binh Hoa Ward Thuan An,Binh Duong,Vietnam,,84901553872,jeffrey.lin@feavn.com.vn,May-26,,,,,ITL,1023,,,SGS-CSTC Standards Technical Services (Shanghai) Co Ltd,No 889 Yishan Road xuhui district,,,Shanghai,,China,,,,1610,SL52605295095001TX,www.sgs.com,,TRUE,DTA03772S01,3/17/2026,1610.1(d)(1),Importer,,,,,,,,,,,,
808320F3,VW642,Model #,,,,VW642,,,,GCC,RIB TEE DRESS,VUORI,,,,,FEAV01,,Far Eastern Apparel LTD,No 46 Dai Lo Tu Do Viet Nam Singapore Industrial Park,,,Binh Hoa Ward Thuan An,Binh Duong,Vietnam,,84901553872,jeffrey.lin@feavn.com.vn,May-26,,,,,ITL,1023,,,SGS-CSTC Standards Technical Services (Shanghai) Co Ltd,No 889 Yishan Road xuhui district,,,Shanghai,,China,,,,1610,SL52605295095001TX,www.sgs.com,,TRUE,DTA03772S01,3/17/2026,1610.1(d)(1),Importer,,,,,,,,,,,,
2C8219DD,VW404,Model #,,,,VW404,,,,GCC,MILES ANKLE PANT,VUORI,,,,,ASMTR-003,,GITEKS,Organize Sanayi Bölgesi 1 Cadde No:12  Merkez G?RESUN,,,Giresun,Giresun,Turkey,,4542221444,merdan.yuce@giteks.com.tr,May-26,,,,,ITL,1082,,,SGS Turkey - Supervise Gözetme Etüd Kontrol Servisleri AS,Is Istanbul Plaza Baglar Mah Osmanpasa Cad No:95 E Girisi Günesli,,,Istanbul,Istanbul,Turkey,,,,1610,TR2779012-RV1,www.sgs.com,,TRUE,415,4/1/2026,1610.1(d)(1),Importer,,,,,,,,,,,,
9F5C2D56,V5070,Model #,,,,V5070,,,,GCC,CROSSCOURT JACKET 2.0,VUORI,,,,,FEAV01,,Far Eastern Apparel LTD,No 46 Dai Lo Tu Do Viet Nam Singapore Industrial Park,,,Binh Hoa Ward Thuan An,Binh Duong,Vietnam,,84901553872,jeffrey.lin@feavn.com.vn,May-26,,,,,ITL,1316,,,SGS Taiwan Textile Laboratory,No 31 Wu Chyuan Rd,,,New Taipei City,,Taiwan,,,,1610,TX72492/2025/CI,www.sgs.com,,TRUE,JBTG00031BU-00,8/1/2025,1610.1(d)(1),Importer,,,,,,,,,,,,
46BD5DE2,V4015,Model #,,,,V4015,,,,GCC,"FLETCHER PANT CLASSIC 32""",VUORI,,,,,FEAV01,,Far Eastern Apparel LTD,No 46 Dai Lo Tu Do Viet Nam Singapore Industrial Park,,,Binh Hoa Ward Thuan An,Binh Duong,Vietnam,,84901553872,jeffrey.lin@feavn.com.vn,May-26,,,,,ITL,1016,,,SGS Hong Kong Limited,1/F On Wui Centre 25 Lok Yip Road Fanling NT,,,Hong Kong,,Hong Kong,,,,1610,SL12500367192301TX,www.sgs.com,,TRUE,PD1508-002,11/14/2025,1610.1(d)(1),Importer,,,,,,,,,,,,
B77F735E,V4015-S,Model #,,,,V4015-S,,,,GCC,"FLETCHER PANT CLASSIC 30""",VUORI,,,,,FEAV01,,Far Eastern Apparel LTD,No 46 Dai Lo Tu Do Viet Nam Singapore Industrial Park,,,Binh Hoa Ward Thuan An,Binh Duong,Vietnam,,84901553872,jeffrey.lin@feavn.com.vn,May-26,,,,,ITL,1016,,,SGS Hong Kong Limited,1/F On Wui Centre 25 Lok Yip Road Fanling NT,,,Hong Kong,,Hong Kong,,,,1610,SL12500367192301TX,www.sgs.com,,TRUE,PD1508-002,11/14/2025,1610.1(d)(1),Importer,,,,,,,,,,,,
068BC2B1,V3121,Model #,,,,V3121,,,,GCC,CROSSCOURT PRO SHORT UNLINED 7,VUORI,,,,,FEAV01,,Far Eastern Apparel LTD,No 46 Dai Lo Tu Do Viet Nam Singapore Industrial Park,,,Binh Hoa Ward Thuan An,Binh Duong,Vietnam,,84901553872,jeffrey.lin@feavn.com.vn,May-26,,,,,ITL,1316,,,SGS Taiwan Textile Laboratory,No 31 Wu Chyuan Rd,,,New Taipei City,,Taiwan,,,,1610,TX72492/2025/CI,www.sgs.com,,TRUE,JBTG00031BU-00,8/1/2025,1610.1(d)(1),Importer,,,,,,,,,,,,
A39063D0,VW2177,Model #,,,,VW2177,,,,GCC,HALO HALF ZIP,VUORI,,,,,ECL001-1,,E-Top,Lot Ix-1 Ix-2 Ix-3 Ix-4 My Xuan B1 Tien Hung Industrial Zone My Xuan Ward Phu My Town Ba Ria,,,Phu My,Vung Tau,Viet Nam,795650,84613560751,david.hsu@eclat.com.tw,May-26,,,,,ITL,1316,,,SGS Taiwan Textile Laboratory,No 31 Wu Chyuan Rd,,,New Taipei City,,Taiwan,,,,1610,TX40785/2026/JU,www.sgs.com,,TRUE,RT1902084,4/16/2026,,Importer,,,,,,,,,,,,
B6480750,V1110,Model #,,,,V1110,,,,GCC,S/S GAMEPOINT POLO 2.0,VUORI,,,,,ECL000,,Eclat Textile Co Ltd(Vietnam),Lot 1Road 5A Nhon Trach 2 Industrial Zone Nhon Trach District,,,Nhon Trach,Dong Nai,Viet Nam,71000,84613560751,david.hsu@eclat.com.tw,May-26,,,,,ITL,1316,,,SGS Taiwan Textile Laboratory,No 31 Wu Chyuan Rd,,,New Taipei City,,Taiwan,,,,1610,TXC0224/2025/JU,www.sgs.com,,TRUE,RT2405079,12/12/2025,1610.1(d)(1),Importer,,,,,,,,,,,,
EA1BCC6B,V8239,Model #,,,,V8239,,,,GCC,RALLY HALF CREW SOCK,VUORI,,,,,DEL003,,Delta Galil Industries Ltd,D100 KARAYOLU UZERI TOPCULAR MAH DÜZCE CAD NO103 A Ç?L?ML?,,,Turkey,,Turkey,,9.72548E+11,Hamzi.Fatum@deltagalil.com,May-26,,,,,ITL,1082,,,SGS Turkey - Supervise Gözetme Etüd Kontrol Servisleri AS,Is Istanbul Plaza Baglar Mah Osmanpasa Cad No:95 E Girisi Günesli,,,Istanbul,Istanbul,Turkey,,,,1610,TR2771979,www.sgs.com,,FALSE,,3/11/2026,1610.1(d)(1),Importer,,,,,,,,,,,,
02D38A8D,VW1207,Model #,,,,VW1207,,,,GCC,VUORI ALLTHEFORM TANK,VUORI,,,,,YOG001,,YOUNGONE NAMDINH CO LTD,Lot OPQR  N6 Road Hoa Xa Industrial Park Thanh Nam Ward,,,NINH BINH,,Viet Nam,,327598903,ngahtt@youngonevn.com,May-26,,,,,ITL,1316,,,SGS Taiwan Textile Laboratory,No 31 Wu Chyuan Rd,,,New Taipei City,,Taiwan,,,,1610,TXB3219/2025/LI,www.sgs.com,,TRUE,B02ADPA0001,11/28/2025,1610.1(d)(1),Importer,,,,,,,,,,,,
DB2BEF40,VW1286,Model #,,,,VW1286,,,,GCC,VUORI ALLTHEFORM HIGH NECK BRA,VUORI,,,,,YOG001,,YOUNGONE NAMDINH CO LTD,Lot OPQR  N6 Road Hoa Xa Industrial Park Thanh Nam Ward,,,NINH BINH,,Viet Nam,,327598903,ngahtt@youngonevn.com,May-26,,,,,ITL,1316,,,SGS Taiwan Textile Laboratory,No 31 Wu Chyuan Rd,,,New Taipei City,,Taiwan,,,,1610,TXB3219/2025/LI,www.sgs.com,,TRUE,B02ADPA0001,11/28/2025,1610.1(d)(1),Importer,,,,,,,,,,,,
D7DE3E04,VW3132,Model #,,,,VW3132,,,,GCC,CROSSCOURT PRO SHORT UNLINED 7,VUORI,,,,,YOG001,,YOUNGONE NAMDINH CO LTD,Lot OPQR  N6 Road Hoa Xa Industrial Park Thanh Nam Ward,,,NINH BINH,,Viet Nam,,327598903,ngahtt@youngonevn.com,May-26,,,,,ITL,1316,,,SGS Taiwan Textile Laboratory,No 31 Wu Chyuan Rd,,,New Taipei City,,Taiwan,,,,1610,TX71746/2025/AC,www.sgs.com,,TRUE,KP04570JA0,7/23/2025,1610.1(d)(1),Importer,,,,,,,,,,,,
2B61E2EF,VW4494,Model #,,,,VW4494,,,,GCC,FORMREFINED LEGGING,VUORI,,,,,YOG001,,YOUNGONE NAMDINH CO LTD,Lot OPQR  N6 Road Hoa Xa Industrial Park Thanh Nam Ward,,,NINH BINH,,Viet Nam,,327598903,ngahtt@youngonevn.com,May-26,,,,,ITL,1316,,,SGS Taiwan Textile Laboratory,No 31 Wu Chyuan Rd,,,New Taipei City,,Taiwan,,,,1610,TX71746/2025/AC,www.sgs.com,,TRUE,KP04570JA0,7/23/2025,1610.1(d)(1),Importer,,,,,,,,,,,,
5BA21CB1,VW1622,Model #,,,,VW1622,,,,GCC,TRESTLES TWILL BUTTONDOWN TANK,VUORI,,,,,ASMVN002,,Thai Ha Garment Factory,Land lot No 506 Map sheet No 3 Gia Le Industrial Park Tra Ly Ward,,,Hung Yen,Hung Yen,Viet Nam,,84869364200,jessi.bui@vn.asmaragroup.com,May-26,,,,,ITL,1016,,,SGS Hong Kong Limited,1/F On Wui Centre 25 Lok Yip Road Fanling NT,,,Hong Kong,,Hong Kong,,,,1610,SL12500324734601TX,www.sgs.com,,TRUE,RP2107-002,7/29/2025,1610.1(d)(1),Importer,,,,,,,,,,,,
39D14E51,VW1623,Model #,,,,VW1623,,,,GCC,S/S HALO RETRO TEE,VUORI,,,,,ECL003,,PT Eclat Textile International,Jalan Saptarengga No11 Wonorejo Kec Kaliwungu Kab Kendal Jawa Tengah,,,Kendal,Jawa Tengah,Indonesia,51372,84613560751,david.hsu@eclat.com.tw,May-26,,,,,ITL,1316,,,SGS Taiwan Textile Laboratory,No 31 Wu Chyuan Rd,,,New Taipei City,,Taiwan,,,,1610,TX33405/2026/YW,www.sgs.com,,TRUE,RT2310126,4/7/2026,,Importer,,,,,,,,,,,,
1FD2F59B,VW2084,Model #,,,,VW2084,,,,GCC,HALO MINI FZ HOODIE,VUORI,,,,,ECL001-1,,E-Top,Lot Ix-1 Ix-2 Ix-3 Ix-4 My Xuan B1 Tien Hung Industrial Zone My Xuan Ward Phu My Town Ba Ria,,,Phu My,Vung Tau,Viet Nam,795650,84613560751,david.hsu@eclat.com.tw,May-26,,,,,ITL,1316,,,SGS Taiwan Textile Laboratory,No 31 Wu Chyuan Rd,,,New Taipei City,,Taiwan,,,,1610,TX40785/2026/JU,www.sgs.com,,TRUE,RT1902084,4/16/2026,,Importer,,,,,,,,,,,,
14165D84,VW3163,Model #,,,,VW3163,,,,GCC,CLEMENTINE 20 SHORT 4,VUORI,,,,,YIC002,,YIC HANAM,Chau Son Industrial park Chau Son Ward,,,Ninh Binh,Ninh Binh,Viet Nam,430000,84353793468,merchandiser07@yic.rocks,May-26,,,,,ITL,1079,,,SGS Vietnam Ltd,Lot III/21 19/5A street Group IIITan Binh industrial park,,,Ho Chi Minh City,,Vietnam,,,,1610,SL01260401290301TX,www.sgs.com,,TRUE,JBVF00144HB-04,5/6/2026,1610.1(d)(1),Importer,,,,,,,,,,,,
2A76A947,V1057,Model #,,,,V1057,,,,GCC,S/S PONTO PERFORMANCE TEE,VUORI,,,,,ECL003,,PT Eclat Textile International,Jalan Saptarengga No11 Wonorejo Kec Kaliwungu Kab Kendal Jawa Tengah,,,Kendal,Jawa Tengah,Indonesia,51372,84613560751,david.hsu@eclat.com.tw,May-26,,,,,ITL,1316,,,SGS Taiwan Textile Laboratory,No 31 Wu Chyuan Rd,,,New Taipei City,,Taiwan,,,,1610,TX40785/2026/JU,www.sgs.com,,TRUE,RT1902084,4/16/2026,,Importer,,,,,,,,,,,,
899C1281,V3116,Model #,,,,V3116,,,,GCC,"PONTO RE/ACTV SHORT LINED 7""",VUORI,,,,,ECL001-1,,E-Top,Lot Ix-1 Ix-2 Ix-3 Ix-4 My Xuan B1 Tien Hung Industrial Zone My Xuan Ward Phu My Town Ba Ria,,,Phu My,Vung Tau,Viet Nam,795650,84613560751,david.hsu@eclat.com.tw,May-26,,,,,ITL,1079,,,SGS Vietnam Ltd,Lot III/21 19/5A street Group IIITan Binh industrial park,,,Ho Chi Minh City,,Vietnam,,,,1610,SL01260300966901TX,www.sgs.com,,TRUE,RR3B0059-WA01BV,4/7/2026,1610.1(d)(1),Importer,,,,,,,,,,,,
B1A2C3B5,V5019,Model #,,,,V5019,,,,GCC,V1 COACH JACKET,VUORI,,,,,YIC002,,YIC HANAM,Chau Son Industrial park Chau Son Ward,,,Ninh Binh,Ninh Binh,Viet Nam,430000,84353793468,merchandiser07@yic.rocks,May-26,,,,,ITL,1023,,,SGS-CSTC Standards Technical Services (Shanghai) Co Ltd,No 889 Yishan Road xuhui district,,,Shanghai,,China,,,,1610,SL52515337871501TX,www.sgs.com,,TRUE,NSAB54GVX,8/25/2025,1610.1(d)(1),Importer,,,,,,,,,,,,
68E9D312,V5089,Model #,,,,V5089,,,,GCC,ECHO HOODED JACKET,VUORI,,,,,YIC002,,YIC HANAM,Chau Son Industrial park Chau Son Ward,,,Ninh Binh,Ninh Binh,Viet Nam,430000,84353793468,merchandiser07@yic.rocks,May-26,,,,,ITL,1023,,,SGS-CSTC Standards Technical Services (Shanghai) Co Ltd,No 889 Yishan Road xuhui district,,,Shanghai,,China,,,,1610,SL52605283840801TX,www.sgs.com,,TRUE,TS88022E WR0UCXL,2/14/2026,1610.1(d)(2),Importer,,,,,,,,,,,,
FC5539DB,V5056,Model #,,,,V5056,,,,GCC,ECHO INSULATED VEST 3.0,VUORI,,,,,YIC002,,YIC HANAM,Chau Son Industrial park Chau Son Ward,,,Ninh Binh,Ninh Binh,Viet Nam,430000,84353793468,merchandiser07@yic.rocks,May-26,,,,,ITL,1023,,,SGS-CSTC Standards Technical Services (Shanghai) Co Ltd,No 889 Yishan Road xuhui district,,,Shanghai,,China,,,,1610,SL52605283840801TX,www.sgs.com,,TRUE,TS88022E WR0UCXL,2/14/2026,1610.1(d)(2),Importer,,,,,,,,,,,,
09B68903,VW4403,Model #,,,,VW4403,,,,GCC,VILLA WIDELEG TROUSER,VUORI,,,,,YIC002,,YIC HANAM,Chau Son Industrial park Chau Son Ward,,,Ninh Binh,Ninh Binh,Viet Nam,430000,84353793468,merchandiser07@yic.rocks,May-26,,,,,ITL,1316,,,SGS Taiwan Textile Laboratory,No 31 Wu Chyuan Rd,,,New Taipei City,,Taiwan,,,,1610,TX40597/2026/YA,www.sgs.com,,TRUE,FVF06314QD,4/15/2026,1610.1(d)(1),Importer,,,,,,,,,,,,
7897DD9A,VW3280,Model #,,,,VW3280,,,,GCC,"VUORI ALLTHEFEELS LW SHORT 4""",VUORI,,,,,FEAV01,,Far Eastern Apparel LTD,No 46 Dai Lo Tu Do Viet Nam Singapore Industrial Park,,,Binh Hoa Ward Thuan An,Binh Duong,Vietnam,,84901553872,jeffrey.lin@feavn.com.vn,May-26,,,,,ITL,1316,,,SGS Taiwan Textile Laboratory,No 31 Wu Chyuan Rd,,,New Taipei City,,Taiwan,,,,1610,TX20640/2026/LI,www.sgs.com,,TRUE,KP0212RJA3,2/11/2026,1610.1(d)(1),Importer,,,,,,,,,,,,
94134EE6,VW3215,Model #,,,,VW3215,,,,GCC,VILLA EVERYDAY SHORT,VUORI,,,,,ASMVN003,,Hung Ha Garment Factory,240 Long Hung Street Hung Ha Commune,,,Thai Binh,Thai Binh,Viet Nam,,84827889120,nkhong@ppj-international.com,May-26,,,,,ITL,1316,,,SGS Taiwan Textile Laboratory,No 31 Wu Chyuan Rd,,,New Taipei City,,Taiwan,,,,1610,TX40597/2026/YA,www.sgs.com,,TRUE,FVF06314QD,4/15/2026,1610.1(d)(1),Importer,,,,,,,,,,,,
0609985D,V1103,Model #,,,,V1103,,,,GCC,L/S PONTO BUTTON DOWN,VUORI,,,,,ECL000,,Eclat Textile Co Ltd(Vietnam),Lot 1Road 5A Nhon Trach 2 Industrial Zone Nhon Trach District,,,Nhon Trach,Dong Nai,Viet Nam,71000,84613560751,david.hsu@eclat.com.tw,May-26,,,,,ITL,1316,,,SGS Taiwan Textile Laboratory,No 31 Wu Chyuan Rd,,,New Taipei City,,Taiwan,,,,1610,TX40785/2026/JU,www.sgs.com,,TRUE,RT1902084,4/16/2026,,Importer,,,,,,,,,,,,
C1EBBFDD,VW3255,Model #,,,,VW3255,,,,GCC,TRESTLES LR TROUSER SHORT,VUORI,,,,,ASMVN003,,Hung Ha Garment Factory,240 Long Hung Street Hung Ha Commune,,,Thai Binh,Thai Binh,Viet Nam,,84827889120,nkhong@ppj-international.com,May-26,,,,,ITL,1016,,,SGS Hong Kong Limited,1/F On Wui Centre 25 Lok Yip Road Fanling NT,,,Hong Kong,,Hong Kong,,,,1610,SL12500324734601TX,www.sgs.com,,TRUE,RP2107-002,7/29/2025,1610.1(d)(1),Importer,,,,,,,,,,,,
FD02A27B,VW3015,Model #,,,,VW3015,,,,GCC,VILLA SHORT,VUORI,,,,,ASMVN003,,Hung Ha Garment Factory,240 Long Hung Street Hung Ha Commune,,,Thai Binh,Thai Binh,Viet Nam,,84827889120,nkhong@ppj-international.com,May-26,,,,,ITL,1316,,,SGS Taiwan Textile Laboratory,No 31 Wu Chyuan Rd,,,New Taipei City,,Taiwan,,,,1610,TX40597/2026/YA,www.sgs.com,,TRUE,FVF06314QD,4/15/2026,1610.1(d)(1),Importer,,,,,,,,,,,,
FBC6DFEA,V4125,Model #,,,,V4125,,,,GCC,"BENTON TWILL EW PANT RELAX 30""",VUORI,,,,,PPJ001,,PPJ-WISER COMPANY LIMITED,48 Tang Nhon Phu Street Tang Nhon Phu Ward,,,Ho Chi Minh,Ho Chi Minh,Vietnam,,84827889120,nkhong@ppj-international.com,May-26,,,,,ITL,1079,,,SGS Vietnam Ltd,Lot III/21 19/5A street Group IIITan Binh industrial park,,,Ho Chi Minh City,,Vietnam,,,,1610,SL01251002094701TX,www.sgs.com,,TRUE,A190-1,10/29/2025,1610.1(d)(1),Importer,,,,,,,,,,,,
79AC4C47,V224,Model #,,,,V224,,,,GCC,PONTO PERFORMANCE CREW,VUORI,,,,,ECL003,,PT Eclat Textile International,Jalan Saptarengga No11 Wonorejo Kec Kaliwungu Kab Kendal Jawa Tengah,,,Kendal,Jawa Tengah,Indonesia,51372,84613560751,david.hsu@eclat.com.tw,May-26,,,,,ITL,1316,,,SGS Taiwan Textile Laboratory,No 31 Wu Chyuan Rd,,,New Taipei City,,Taiwan,,,,1610,TX40785/2026/JU,www.sgs.com,,TRUE,RT1902084,4/16/2026,,Importer,,,,,,,,,,,,
139996B6,VW1609,Model #,,,,VW1609,,,,GCC,L/S HALO V-NECK CARDIGAN,VUORI,,,,,ECL000,,Eclat Textile Co Ltd(Vietnam),Lot 1Road 5A Nhon Trach 2 Industrial Zone Nhon Trach District,,,Nhon Trach,Dong Nai,Viet Nam,71000,84613560751,david.hsu@eclat.com.tw,May-26,,,,,ITL,1316,,,SGS Taiwan Textile Laboratory,No 31 Wu Chyuan Rd,,,New Taipei City,,Taiwan,,,,1610,TX33405/2026/YW,www.sgs.com,,TRUE,RT2310126,4/7/2026,,Importer,,,,,,,,,,,,
01075EE8,VW2120,Model #,,,,VW2120,,,,GCC,HALO MODERN CREW,VUORI,,,,,ECL003,,PT Eclat Textile International,Jalan Saptarengga No11 Wonorejo Kec Kaliwungu Kab Kendal Jawa Tengah,,,Kendal,Jawa Tengah,Indonesia,51372,84613560751,david.hsu@eclat.com.tw,May-26,,,,,ITL,1316,,,SGS Taiwan Textile Laboratory,No 31 Wu Chyuan Rd,,,New Taipei City,,Taiwan,,,,1610,TX40785/2026/JU,www.sgs.com,,TRUE,RT1902084,4/16/2026,,Importer,,,,,,,,,,,,
7D05FC43,VW2064,Model #,,,,VW2064,,,,GCC,HALO MODERN FULL ZIP HOODIE,VUORI,,,,,ECL001-1,,E-Top,Lot Ix-1 Ix-2 Ix-3 Ix-4 My Xuan B1 Tien Hung Industrial Zone My Xuan Ward Phu My Town Ba Ria,,,Phu My,Vung Tau,Viet Nam,795650,84613560751,david.hsu@eclat.com.tw,May-26,,,,,ITL,1316,,,SGS Taiwan Textile Laboratory,No 31 Wu Chyuan Rd,,,New Taipei City,,Taiwan,,,,1610,TX40785/2026/JU,www.sgs.com,,TRUE,RT1902084,4/16/2026,,Importer,,,,,,,,,,,,
087EE3C7,V1099,Model #,,,,V1099,,,,GCC,S/S PONTO PERFORMANCE POLO,VUORI,,,,,ECL000,,Eclat Textile Co Ltd(Vietnam),Lot 1Road 5A Nhon Trach 2 Industrial Zone Nhon Trach District,,,Nhon Trach,Dong Nai,Viet Nam,71000,84613560751,david.hsu@eclat.com.tw,May-26,,,,,ITL,1316,,,SGS Taiwan Textile Laboratory,No 31 Wu Chyuan Rd,,,New Taipei City,,Taiwan,,,,1610,TX40785/2026/JU,www.sgs.com,,TRUE,RT1902084,4/16/2026,,Importer,,,,,,,,,,,,
1DC913BB,V3142,Model #,,,,V3142,,,,GCC,"BENTON TWILL EW SHORT 8""",VUORI,,,,,PPJ001,,PPJ-WISER COMPANY LIMITED,48 Tang Nhon Phu Street Tang Nhon Phu Ward,,,Ho Chi Minh,Ho Chi Minh,Vietnam,,84827889120,nkhong@ppj-international.com,May-26,,,,,ITL,1079,,,SGS Vietnam Ltd,Lot III/21 19/5A street Group IIITan Binh industrial park,,,Ho Chi Minh City,,Vietnam,,,,1610,SL01251002094701TX,www.sgs.com,,TRUE,A190-1,10/29/2025,1610.1(d)(1),Importer,,,,,,,,,,,,
342F93E6,V4037-30,Model #,,,,V4037-30,,,,GCC,BENTON TWILL PANT ATHL SLIM 30,VUORI,,,,,PPJ001,,PPJ-WISER COMPANY LIMITED,48 Tang Nhon Phu Street Tang Nhon Phu Ward,,,Ho Chi Minh,Ho Chi Minh,Vietnam,,84827889120,nkhong@ppj-international.com,May-26,,,,,ITL,1079,,,SGS Vietnam Ltd,Lot III/21 19/5A street Group IIITan Binh industrial park,,,Ho Chi Minh City,,Vietnam,,,,1610,SL01251002094701TX,www.sgs.com,,TRUE,A190-1,10/29/2025,1610.1(d)(1),Importer,,,,,,,,,,,,
1D056C52,VW5152,Model #,,,,VW5152,,,,GCC,VUORI ALLTHEFEELS MINI FZ HOOD,VUORI,,,,,ECL001-1,,E-Top,Lot Ix-1 Ix-2 Ix-3 Ix-4 My Xuan B1 Tien Hung Industrial Zone My Xuan Ward Phu My Town Ba Ria,,,Phu My,Vung Tau,Viet Nam,795650,84613560751,david.hsu@eclat.com.tw,May-26,,,,,ITL,1316,,,SGS Taiwan Textile Laboratory,No 31 Wu Chyuan Rd,,,New Taipei City,,Taiwan,,,,1610,TX20640/2026/LI,www.sgs.com,,TRUE,KP0212RJA3,2/11/2026,1610.1(d)(1),Importer,,,,,,,,,,,,
151A1E08,V1237,Model #,,,,V1237,,,,GCC,S/S CLEARVIEW TEE - ENGINEERED,VUORI,,,,,MAS004,,Linea Intimo - MAS Active,MAS Active (Pvt) Ltd – Linea Intimo Lot 89A EPZ Biyagama,,,Malwana,Western Province,Sri Lanka,,94777004952,surangapa@masholdings.com,May-26,,,,,ITL,1310,,,SGS Lanka (Pvt) Ltd,141/6,,,Colombo 02,Western,Sri Lanka,,,,1610,SL:TX:2670004091,www.sgs.com,,TRUE,PNS00609A ,4/11/2026,1610.1(d)(1),Importer,,,,,,,,,,,,
DECB07A8,VW1219,Model #,,,,VW1219,,,,GCC,S/S HALO BABY TEE,VUORI,,,,,ECL003,,PT Eclat Textile International,Jalan Saptarengga No11 Wonorejo Kec Kaliwungu Kab Kendal Jawa Tengah,,,Kendal,Jawa Tengah,Indonesia,51372,84613560751,david.hsu@eclat.com.tw,May-26,,,,,ITL,1316,,,SGS Taiwan Textile Laboratory,No 31 Wu Chyuan Rd,,,New Taipei City,,Taiwan,,,,1610,TX33405/2026/YW,www.sgs.com,,TRUE,RT2310126,4/7/2026,,Importer,,,,,,,,,,,,
FB619F2D,V1164,Model #,,,,V1164,,,,GCC,S/S PONTO POCKET TEE - RELAXED,VUORI,,,,,ECL003,,PT Eclat Textile International,Jalan Saptarengga No11 Wonorejo Kec Kaliwungu Kab Kendal Jawa Tengah,,,Kendal,Jawa Tengah,Indonesia,51372,84613560751,david.hsu@eclat.com.tw,May-26,,,,,ITL,1316,,,SGS Taiwan Textile Laboratory,No 31 Wu Chyuan Rd,,,New Taipei City,,Taiwan,,,,1610,TX33405/2026/YW,www.sgs.com,,TRUE,RT2310126,4/7/2026,,Importer,,,,,,,,,,,,
5E5FF219,VW2115,Model #,,,,VW2115,,,,GCC,OS COTTON WAFFLE SWEATER,VUORI,,,,,STI002,,CHUN XUE (KHM) CASHMERE TEXTILE COLTD,National Road No 21 PrekBek Village Koh Thom “B” Commune,,,Koh Thom,Kandal,Cambodia,,8.62152E+11,shujuanliu@shangtexdec.com,May-26,,,,,ITL,1023,,,SGS-CSTC Standards Technical Services (Shanghai) Co Ltd,No 889 Yishan Road xuhui district,,,Shanghai,,China,,,,1610,SL52535370989801TX,www.sgs.com,,TRUE,Y0189-HLJH25093,1/12/2026,1610.1(d)(1),Importer,,,,,,,,,,,,
EED4139A,V1184,Model #,,,,V1184,,,,GCC,SLEEVELESS STRATO BREATHE TANK,VUORI,,,,,FEAV01,,Far Eastern Apparel LTD,No 46 Dai Lo Tu Do Viet Nam Singapore Industrial Park,,,Binh Hoa Ward Thuan An,Binh Duong,Vietnam,,84901553872,jeffrey.lin@feavn.com.vn,May-26,,,,,ITL,1316,,,SGS Taiwan Textile Laboratory,No 31 Wu Chyuan Rd,,,New Taipei City,,Taiwan,,,,1610,TX21452/2026/AC,www.sgs.com,,TRUE,RP3M0168-WA03AT,3/2/2026,1610.1(d)(2),Importer,,,,,,,,,,,,
9CB20E1D,VW1346,Model #,,,,VW1346,,,,GCC,V1 BRA,VUORI,,,,,ECL000,,Eclat Textile Co Ltd(Vietnam),Lot 1Road 5A Nhon Trach 2 Industrial Zone Nhon Trach District,,,Nhon Trach,Dong Nai,Viet Nam,71000,84613560751,david.hsu@eclat.com.tw,May-26,,,,,ITL,1024,,,SGS-CSTC Standards Technical Services Co Ltd Guangzhou Branch,No198 Kezhu Road Science City Economic & Technological Development Area,,,Guangzhou,Guangdong,China,,,,1610,SL92609272323201TX,www.sgs.com,,TRUE,TEI86728-1NFX8,2/12/2026,1610.1(d)(1),Importer,,,,,,,,,,,,
1B53221E,VW4523,Model #,,,,VW4523,,,,GCC,VUORI ALLTHEFEELS LW LEGGING,VUORI,,,,,ECL000,,Eclat Textile Co Ltd(Vietnam),Lot 1Road 5A Nhon Trach 2 Industrial Zone Nhon Trach District,,,Nhon Trach,Dong Nai,Viet Nam,71000,84613560751,david.hsu@eclat.com.tw,May-26,,,,,ITL,1316,,,SGS Taiwan Textile Laboratory,No 31 Wu Chyuan Rd,,,New Taipei City,,Taiwan,,,,1610,TX20640/2026/LI,www.sgs.com,,TRUE,KP0212RJA3,2/11/2026,1610.1(d)(1),Importer,,,,,,,,,,,,
6C31C857,VW1196,Model #,,,,VW1196,,,,GCC,SURGE SEAMLESS TANK,VUORI,,,,,MAS004,,Linea Intimo - MAS Active,MAS Active (Pvt) Ltd – Linea Intimo Lot 89A EPZ Biyagama,,,Malwana,Western Province,Sri Lanka,,94777004952,surangapa@masholdings.com,May-26,,,,,ITL,1310,,,SGS Lanka (Pvt) Ltd,141/6,,,Colombo 02,Western,Sri Lanka,,,,1610,SL:TX:2570016766,www.sgs.com,,TRUE,NSL00015A,12/5/2025,1610.1(d)(1),Importer,,,,,,,,,,,,
ECF62168,V1150,Model #,,,,V1150,,,,GCC,S/S STRATO BREATHE TEE,VUORI,,,,,FEAV01,,Far Eastern Apparel LTD,No 46 Dai Lo Tu Do Viet Nam Singapore Industrial Park,,,Binh Hoa Ward Thuan An,Binh Duong,Vietnam,,84901553872,jeffrey.lin@feavn.com.vn,May-26,,,,,ITL,1316,,,SGS Taiwan Textile Laboratory,No 31 Wu Chyuan Rd,,,New Taipei City,,Taiwan,,,,1610,TX21452/2026/AC,www.sgs.com,,TRUE,RP3M0168-WA03AT,3/2/2026,1610.1(d)(2),Importer,,,,,,,,,,,,
AF09ACB2,V1045,Model #,,,,V1045,,,,GCC,S/S CLEARVIEW SEAMLESS TEE,VUORI,,,,,MAS004,,Linea Intimo - MAS Active,MAS Active (Pvt) Ltd – Linea Intimo Lot 89A EPZ Biyagama,,,Malwana,Western Province,Sri Lanka,,94777004952,surangapa@masholdings.com,May-26,,,,,ITL,1310,,,SGS Lanka (Pvt) Ltd,141/6,,,Colombo 02,Western,Sri Lanka,,,,1610,SL:TX:2670000400,www.sgs.com,,TRUE,PNS00538A,1/19/2026,1610.1(d)(1),Importer,,,,,,,,,,,,
90632687,V1156,Model #,,,,V1156,,,,GCC,L/S STRATO BREATHE TEE,VUORI,,,,,FEAV01,,Far Eastern Apparel LTD,No 46 Dai Lo Tu Do Viet Nam Singapore Industrial Park,,,Binh Hoa Ward Thuan An,Binh Duong,Vietnam,,84901553872,jeffrey.lin@feavn.com.vn,May-26,,,,,ITL,1316,,,SGS Taiwan Textile Laboratory,No 31 Wu Chyuan Rd,,,New Taipei City,,Taiwan,,,,1610,TX21452/2026/AC,www.sgs.com,,TRUE,RP3M0168-WA03AT,3/2/2026,1610.1(d)(2),Importer,,,,,,,,,,,,
02E3C65E,V8208,Model #,,,,V8208,,,,GCC,HALF CREW SOCK 2.0,VUORI,,,,,DEL003,,Delta Galil Industries Ltd,D100 KARAYOLU UZERI TOPCULAR MAH DÜZCE CAD NO103 A Ç?L?ML?,,,Turkey,,Turkey,,9.72548E+11,Hamzi.Fatum@deltagalil.com,May-26,,,,,ITL,1082,,,SGS Turkey - Supervise Gözetme Etüd Kontrol Servisleri AS,Is Istanbul Plaza Baglar Mah Osmanpasa Cad No:95 E Girisi Günesli,,,Istanbul,Istanbul,Turkey,,,,1610,TR2709853,www.sgs.com,,FALSE,,10/7/2025,1610.1(d)(1),Importer,,,,,,,,,,,,
1A97FF71,VW3284,Model #,,,,VW3284,,,,GCC,HALO SHORT,VUORI,,,,,ECL004,,Colltex Garment MFY CoLtd,Lot 28 Road 7 Trang Bang Industrial Zone An Tinh Ward,,,Trang Bang,Tay Ninh,Viet Nam,,84613560751,david.hsu@eclat.com.tw,May-26,,,,,ITL,1316,,,SGS Taiwan Textile Laboratory,No 31 Wu Chyuan Rd,,,New Taipei City,,Taiwan,,,,1610,TX33405/2026/YW,www.sgs.com,,TRUE,RT2310126,4/7/2026,,Importer,,,,,,,,,,,,
855769B2,V2044,Model #,,,,V2044,,,,GCC,BEACH FLEECE CREW,VUORI,,,,,FEAV01,,Far Eastern Apparel LTD,No 46 Dai Lo Tu Do Viet Nam Singapore Industrial Park,,,Binh Hoa Ward Thuan An,Binh Duong,Vietnam,,84901553872,jeffrey.lin@feavn.com.vn,May-26,,,,,ITL,1316,,,SGS Taiwan Textile Laboratory,No 31 Wu Chyuan Rd,,,New Taipei City,,Taiwan,,,,1610,TX40932/2026/YA,www.sgs.com,,TRUE,KW-3820D,4/28/2026,,Importer,,,,,,,,,,,,
3721BCE8,V2058,Model #,,,,V2058,,,,GCC,BEACH FLEECE PULLOVER HOODIE,VUORI,,,,,FEAV02,,Far Eastern Apparel LTD - VSIP2 Branch,No 46 Tu Do Boulevard VSIP Industrial Park Binh Hoa Ward,,,Ho Chi Minh,Ho Chi Minh,Vietnam,,84901553872,jeffrey.lin@feavn.com.vn,May-26,,,,,ITL,1316,,,SGS Taiwan Textile Laboratory,No 31 Wu Chyuan Rd,,,New Taipei City,,Taiwan,,,,1610,TX40932/2026/YA,www.sgs.com,,TRUE,KW-3820D,4/28/2026,,Importer,,,,,,,,,,,,
A1951E88,V3114,Model #,,,,V3114,,,,GCC,"COURSE SHORT LINED 5""",VUORI,,,,,FEAV01,,Far Eastern Apparel LTD,No 46 Dai Lo Tu Do Viet Nam Singapore Industrial Park,,,Binh Hoa Ward Thuan An,Binh Duong,Vietnam,,84901553872,jeffrey.lin@feavn.com.vn,May-26,,,,,ITL,1316,,,SGS Taiwan Textile Laboratory,No 31 Wu Chyuan Rd,,,New Taipei City,,Taiwan,,,,1610,TX43502/2026/JU,www.sgs.com,,TRUE,F0890 RS3D0112-AA02AT,5/6/2026,1610.1(d)(1),Importer,,,,,,,,,,,,
D4EA6CA2,VW1476,Model #,,,,VW1476,,,,GCC,EVERYDAY COTTON FITTED TEE,VUORI,,,,,FEAV01,,Far Eastern Apparel LTD,No 46 Dai Lo Tu Do Viet Nam Singapore Industrial Park,,,Binh Hoa Ward Thuan An,Binh Duong,Vietnam,,84901553872,jeffrey.lin@feavn.com.vn,May-26,,,,,ITL,1023,,,SGS-CSTC Standards Technical Services (Shanghai) Co Ltd,No 889 Yishan Road xuhui district,,,Shanghai,,China,,,,1610,SL52605272282101TX,www.sgs.com,,TRUE,DTR03773S02,2/3/2026,1610.1(d)(1),Importer,,,,,,,,,,,,
11891F79,VW1620,Model #,,,,VW1620,,,,GCC,EVERYDAY COTTON STRETCH HALTER,VUORI,,,,,FEAV01,,Far Eastern Apparel LTD,No 46 Dai Lo Tu Do Viet Nam Singapore Industrial Park,,,Binh Hoa Ward Thuan An,Binh Duong,Vietnam,,84901553872,jeffrey.lin@feavn.com.vn,May-26,,,,,ITL,1023,,,SGS-CSTC Standards Technical Services (Shanghai) Co Ltd,No 889 Yishan Road xuhui district,,,Shanghai,,China,,,,1610,SL52605272282101TX,www.sgs.com,,TRUE,DTR03773S02,2/3/2026,1610.1(d)(1),Importer,,,,,,,,,,,,
513B85D5,VW1390,Model #,,,,VW1390,,,,GCC,DAILY LAYERED TANK,VUORI,,,,,SAB001,,Sabrina (Cambodia) Garment Manufacturing Corp,National Road No 4 Trapaing Reussey Village Sambo Commune Samrong Torng District,,,Samraong Tong,Kampong Speu,Cambodia,,85515753886,sophegui_kh@sabrina.com.tw,May-26,,,,,ITL,1316,,,SGS Taiwan Textile Laboratory,No 31 Wu Chyuan Rd,,,New Taipei City,,Taiwan,,,,1610,TX20640/2026/LI,www.sgs.com,,TRUE,KP0212RJA3,2/11/2026,1610.1(d)(1),Importer,,,,,,,,,,,,
3677C1E6,VW1443,Model #,,,,VW1443,,,,GCC,EVERYDAY COTTON STRETCH TANK,VUORI,,,,,FEAV01,,Far Eastern Apparel LTD,No 46 Dai Lo Tu Do Viet Nam Singapore Industrial Park,,,Binh Hoa Ward Thuan An,Binh Duong,Vietnam,,84901553872,jeffrey.lin@feavn.com.vn,May-26,,,,,ITL,1023,,,SGS-CSTC Standards Technical Services (Shanghai) Co Ltd,No 889 Yishan Road xuhui district,,,Shanghai,,China,,,,1610,SL52605272282101TX,www.sgs.com,,TRUE,DTR03773S02,2/3/2026,1610.1(d)(1),Importer,,,,,,,,,,,,
A65462C7,V8204,Model #,,,,V8204,,,,GCC,VUORI NO SHOW SOCK 2.0,VUORI,,,,,DEL002,,Delta Galil Vietnam Co Ltd,PHU KIM VILLAGE CAT TRINH COMMUNE PHU CAT DISTRICT,,,BINH DINH,,Viet Nam,55000,9.72548E+11,Hamzi.Fatum@deltagalil.com,May-26,,,,,ITL,1079,,,SGS Vietnam Ltd,Lot III/21 19/5A street Group IIITan Binh industrial park,,,Ho Chi Minh City,,Vietnam,,,,1610,SL01260100109501TX,www.sgs.com,,FALSE,,1/22/2026,1610.1(d)(1),Importer,,,,,,,,,,,,
BFA24D5F,VW638,Model #,,,,VW638,,,,GCC,TIEBREAK HALTER DRESS,VUORI,,,,,SAB001,,Sabrina (Cambodia) Garment Manufacturing Corp,National Road No 4 Trapaing Reussey Village Sambo Commune Samrong Torng District,,,Samraong Tong,Kampong Speu,Cambodia,,85515753886,sophegui_kh@sabrina.com.tw,May-26,,,,,ITL,1316,,,SGS Taiwan Textile Laboratory,No 31 Wu Chyuan Rd,,,New Taipei City,,Taiwan,,,,1610,TX74357/2025/AC,www.sgs.com,,TRUE,A10AAPE0010,8/6/2025,1610.1(d)(1),Importer,,,,,,,,,,,,
D22A3533,V3154,Model #,,,,V3154,,,,GCC,"PONTO RE/ACTV SHORT LINED 5""",VUORI,,,,,SAB001,,Sabrina (Cambodia) Garment Manufacturing Corp,National Road No 4 Trapaing Reussey Village Sambo Commune Samrong Torng District,,,Samraong Tong,Kampong Speu,Cambodia,,85515753886,sophegui_kh@sabrina.com.tw,May-26,,,,,ITL,1079,,,SGS Vietnam Ltd,Lot III/21 19/5A street Group IIITan Binh industrial park,,,Ho Chi Minh City,,Vietnam,,,,1610,SL01260300966901TX,www.sgs.com,,TRUE,RR3B0059-WA01BV,4/7/2026,1610.1(d)(1),Importer,,,,,,,,,,,,
7DE57017,VW1513,Model #,,,,VW1513,,,,GCC,VUORI ALLTHEFEELS CAMI BRA,VUORI,,,,,SAB001,,Sabrina (Cambodia) Garment Manufacturing Corp,National Road No 4 Trapaing Reussey Village Sambo Commune Samrong Torng District,,,Samraong Tong,Kampong Speu,Cambodia,,85515753886,sophegui_kh@sabrina.com.tw,May-26,,,,,ITL,1316,,,SGS Taiwan Textile Laboratory,No 31 Wu Chyuan Rd,,,New Taipei City,,Taiwan,,,,1610,TXB3219/2025/LI,www.sgs.com,,TRUE,B02ADPA0001,11/28/2025,1610.1(d)(1),Importer,,,,,,,,,,,,
2188C6A5,V4037,Model #,,,,V4037,,,,GCC,BENTON TWILL PANT ATHL SLIM 32,VUORI,,,,,PPJ001,,PPJ-WISER COMPANY LIMITED,48 Tang Nhon Phu Street Tang Nhon Phu Ward,,,Ho Chi Minh,Ho Chi Minh,Vietnam,,84827889120,nkhong@ppj-international.com,Feb-25,,,,,ITL,1079,,,SGS Vietnam Ltd,Lot III/21 19/5A street Group IIITan Binh industrial park,,,Ho Chi Minh City,,Vietnam,,,,1610,SL01251002094701TX,www.sgs.com,,TRUE,A190-1,10/29/2025,1610.1(d)(1),Importer,,,,,,,,,,,,
96069F9C,V314,Model #,,,,V314,,,,GCC,CRUISE BOARDSHORT 7,VUORI,,,,,FEAV01,,Far Eastern Apparel LTD,No 46 Dai Lo Tu Do Viet Nam Singapore Industrial Park,,,Binh Hoa Ward Thuan An,Binh Duong,Vietnam,,84901553872,jeffrey.lin@feavn.com.vn,Feb-25,,,,,ITL,1079,,,SGS Vietnam Ltd,Lot III/21 19/5A street Group IIITan Binh industrial park,,,Ho Chi Minh City,,Vietnam,,,,1610,SL01250701045801TX,www.sgs.com,,TRUE,JBVF00143HB-03,8/6/2025,1610.1(d)(1),Importer,,,,,,,,,,,,
D071A2E8,V3078,Model #,,,,V3078,,,,GCC,TERRAIN SHORT LINED 5,VUORI,,,,,FEAV01,,Far Eastern Apparel LTD,No 46 Dai Lo Tu Do Viet Nam Singapore Industrial Park,,,Binh Hoa Ward Thuan An,Binh Duong,Vietnam,,84901553872,jeffrey.lin@feavn.com.vn,Feb-25,,,,,ITL,1316,,,SGS Taiwan Textile Laboratory,No 31 Wu Chyuan Rd,,,New Taipei City,,Taiwan,,,,1610,TX81005/2025/UL,www.sgs.com,,TRUE,C3D90009-DQ,8/18/2025,1610.1(d)(1),Importer,,,,,,,,,,,,
3DB26EE6,V1118,Model #,,,,V1118,,,,GCC,S/S MICRO WAFFLE TEE - RELAXED,VUORI,,,,,SABC01,,Sabrina (Cambodia) Garment Manufacturing Corp,National Road No 4 Trapaing Reussey Village Sambo Commune Samrong Torng District,,,Samraong Tong,Kampong Speu,Cambodia,,85515753886,sophegui_kh@sabrina.com.tw,Feb-25,,,,,ITL,1316,,,SGS Taiwan Textile Laboratory,No 31 Wu Chyuan Rd,,,New Taipei City,,Taiwan,,,,1610,TX91165/2025/JU,www.sgs.com,,TRUE,D3611,9/22/2025,1610.1(d)(1),Importer,,,,,,,,,,,,
3A8E6667,V3072,Model #,,,,V3072,,,,GCC,HARDKORE SHORT LINED 7,VUORI,,,,,FEAV01,,Far Eastern Apparel LTD,No 46 Dai Lo Tu Do Viet Nam Singapore Industrial Park,,,Binh Hoa Ward Thuan An,Binh Duong,Vietnam,,84901553872,jeffrey.lin@feavn.com.vn,Feb-25,,,,,ITL,1316,,,SGS Taiwan Textile Laboratory,No 31 Wu Chyuan Rd,,,New Taipei City,,Taiwan,,,,1610,TX81005/2025/UL,www.sgs.com,,TRUE,C3D90009-DQ,8/18/2025,1610.1(d)(1),Importer,,,,,,,,,,,,
A43DCA3C,V3070,Model #,,,,V3070,,,,GCC,BANKS SESSION SHORT UNLINED 7,VUORI,,,,,FEAV02,,Far Eastern Apparel LTD - VSIP2 Branch,No 46 Tu Do Boulevard VSIP Industrial Park Binh Hoa Ward,,,Ho Chi Minh,Ho Chi Minh,Vietnam,,84901553872,jeffrey.lin@feavn.com.vn,Feb-25,,,,,ITL,1079,,,SGS Vietnam Ltd,Lot III/21 19/5A street Group IIITan Binh industrial park,,,Ho Chi Minh City,,Vietnam,,,,1610,SL01250701045801TX,www.sgs.com,,TRUE,JBVF00143HB-03,8/6/2025,1610.1(d)(1),Importer,,,,,,,,,,,,
